faktur_pajak,nospj,lokasi,tgl_faktur
010.033-16.99741452,,,26/09/2016
010.033-16.99741453,,,26/09/2016
010.033-16.99741454,,,26/09/2016
010.033-16.99741455,,,26/09/2016
010.033-16.99741456,,,26/09/2016
010.033-16.99741457,,,26/09/2016
010.033-16.99741458,,,26/09/2016
010.033-16.99741459,,,26/09/2016
010.033-16.99741460,,,26/09/2016
010.033-16.99741461,,,26/09/2016
010.033-16.99741462,,,26/09/2016
010.033-16.99741463,,,26/09/2016
010.033-16.99741464,,,26/09/2016
010.033-16.99741465,,,26/09/2016
010.033-16.99741466,,,26/09/2016
010.033-16.99741467,,,26/09/2016
010.033-16.99741468,,,26/09/2016
010.033-16.99741469,,,26/09/2016
010.033-16.99741470,,,26/09/2016
010.033-16.99741471,,,26/09/2016
010.033-16.99741472,,,26/09/2016
010.033-16.99741473,,,26/09/2016
010.033-16.99741474,,,26/09/2016
010.033-16.99741475,,,26/09/2016
010.033-16.99741476,,,26/09/2016
010.033-16.99741477,,,26/09/2016
010.033-16.99741478,,,26/09/2016
010.033-16.99741479,,,26/09/2016
010.033-16.99741480,,,26/09/2016
010.033-16.99741481,,,26/09/2016
010.033-16.99741482,,,26/09/2016
010.033-16.99741483,,,26/09/2016
010.033-16.99741484,,,26/09/2016
010.033-16.99741485,,,26/09/2016
010.033-16.99741486,,,26/09/2016
010.033-16.99741487,,,26/09/2016
010.033-16.99741488,,,26/09/2016
010.033-16.99741489,,,26/09/2016
010.033-16.99741490,,,26/09/2016
010.033-16.99741491,,,26/09/2016
010.033-16.99741492,,,26/09/2016
010.033-16.99741493,,,26/09/2016
010.033-16.99741494,,,26/09/2016
010.033-16.99741495,,,26/09/2016
010.033-16.99741496,,,26/09/2016
010.033-16.99741497,,,26/09/2016
010.033-16.99741498,,,26/09/2016
010.033-16.99741499,,,26/09/2016
010.033-16.99741500,,,26/09/2016
010.033-16.99741501,,,26/09/2016
010.033-16.99741502,,,26/09/2016
010.033-16.99741503,,,26/09/2016
010.033-16.99741504,,,26/09/2016
010.033-16.99741505,,,26/09/2016
010.033-16.99741506,,,26/09/2016
010.033-16.99741507,,,26/09/2016
010.033-16.99741508,,,26/09/2016
010.033-16.99741509,,,26/09/2016
010.033-16.99741510,,,26/09/2016
010.033-16.99741511,,,26/09/2016
010.033-16.99741512,,,26/09/2016
010.033-16.99741513,,,26/09/2016
010.033-16.99741514,,,26/09/2016
010.033-16.99741515,,,26/09/2016
010.033-16.99741516,,,26/09/2016
010.033-16.99741517,,,26/09/2016
010.033-16.99741518,,,26/09/2016
010.033-16.99741519,,,26/09/2016
010.033-16.99741520,,,26/09/2016
010.033-16.99741521,,,26/09/2016
010.033-16.99741522,,,26/09/2016
010.033-16.99741523,,,26/09/2016
010.033-16.99741524,,,26/09/2016
010.033-16.99741525,,,26/09/2016
010.033-16.99741526,,,26/09/2016
010.033-16.99741527,,,26/09/2016
010.033-16.99741528,,,26/09/2016
010.033-16.99741529,,,26/09/2016
010.033-16.99741530,,,26/09/2016
010.033-16.99741531,,,26/09/2016
010.033-16.99741532,,,26/09/2016
010.033-16.99741533,,,26/09/2016
010.033-16.99741534,,,26/09/2016
010.033-16.99741535,,,26/09/2016
010.033-16.99741536,,,26/09/2016
010.033-16.99741537,,,26/09/2016
010.033-16.99741538,,,26/09/2016
010.033-16.99741539,,,26/09/2016
010.033-16.99741540,,,26/09/2016
010.033-16.99741541,,,26/09/2016
010.033-16.99741542,,,26/09/2016
010.033-16.99741543,,,26/09/2016
010.033-16.99741544,,,26/09/2016
010.033-16.99741545,,,26/09/2016
010.033-16.99741546,,,26/09/2016
010.033-16.99741547,,,26/09/2016
010.033-16.99741548,,,26/09/2016
010.033-16.99741549,,,26/09/2016
010.033-16.99741550,,,26/09/2016
010.033-16.99741551,,,26/09/2016
010.033-16.99741552,,,26/09/2016
010.033-16.99741553,,,26/09/2016
010.033-16.99741554,,,26/09/2016
010.033-16.99741555,,,26/09/2016
010.033-16.99741556,,,26/09/2016
010.033-16.99741557,,,26/09/2016
010.033-16.99741558,,,26/09/2016
010.033-16.99741559,,,26/09/2016
010.033-16.99741560,,,26/09/2016
010.033-16.99741561,,,26/09/2016
010.033-16.99741562,,,26/09/2016
010.033-16.99741563,,,26/09/2016
010.033-16.99741564,,,26/09/2016
010.033-16.99741565,,,26/09/2016
010.033-16.99741566,,,26/09/2016
010.033-16.99741567,,,26/09/2016
010.033-16.99741568,,,26/09/2016
010.033-16.99741569,,,26/09/2016
010.033-16.99741570,,,26/09/2016
010.033-16.99741571,,,26/09/2016
010.033-16.99741572,,,26/09/2016
010.033-16.99741573,,,26/09/2016
010.033-16.99741574,,,26/09/2016
010.033-16.99741575,,,26/09/2016
010.033-16.99741576,,,26/09/2016
010.033-16.99741577,,,26/09/2016
010.033-16.99741578,,,26/09/2016
010.033-16.99741579,,,26/09/2016
010.033-16.99741580,,,26/09/2016
010.033-16.99741581,,,26/09/2016
010.033-16.99741582,,,26/09/2016
010.033-16.99741583,,,26/09/2016
010.033-16.99741584,,,26/09/2016
010.033-16.99741585,,,26/09/2016
010.033-16.99741586,,,26/09/2016
010.033-16.99741587,,,26/09/2016
010.033-16.99741588,,,26/09/2016
010.033-16.99741589,,,26/09/2016
010.033-16.99741590,,,26/09/2016
010.033-16.99741591,,,26/09/2016
010.033-16.99741592,,,26/09/2016
010.033-16.99741593,,,26/09/2016
010.033-16.99741594,,,26/09/2016
010.033-16.99741595,,,26/09/2016
010.033-16.99741596,,,26/09/2016
010.033-16.99741597,,,26/09/2016
010.033-16.99741598,,,26/09/2016
010.033-16.99741599,,,26/09/2016
010.033-16.99741600,,,26/09/2016
010.033-16.99741601,,,26/09/2016
010.033-16.99741602,,,26/09/2016
010.033-16.99741603,,,26/09/2016
010.033-16.99741604,,,26/09/2016
010.033-16.99741605,,,26/09/2016
010.033-16.99741606,,,26/09/2016
010.033-16.99741607,,,26/09/2016
010.033-16.99741608,,,26/09/2016
010.033-16.99741609,,,26/09/2016
010.033-16.99741610,,,26/09/2016
010.033-16.99741611,,,26/09/2016
010.033-16.99741612,,,26/09/2016
010.033-16.99741613,,,26/09/2016
010.033-16.99741614,,,26/09/2016
010.033-16.99741615,,,26/09/2016
010.033-16.99741616,,,26/09/2016
010.033-16.99741617,,,26/09/2016
010.033-16.99741618,,,26/09/2016
010.033-16.99741619,,,26/09/2016
010.033-16.99741620,,,26/09/2016
010.033-16.99741621,,,26/09/2016
010.033-16.99741622,,,26/09/2016
010.033-16.99741623,,,26/09/2016
010.033-16.99741624,,,26/09/2016
010.033-16.99741625,,,26/09/2016
010.033-16.99741626,,,26/09/2016
010.033-16.99741627,,,26/09/2016
010.033-16.99741628,,,26/09/2016
010.033-16.99741629,,,26/09/2016
010.033-16.99741630,,,26/09/2016
010.033-16.99741631,,,26/09/2016
010.033-16.99741632,,,26/09/2016
010.033-16.99741633,,,26/09/2016
010.033-16.99741634,,,26/09/2016
010.033-16.99741635,,,26/09/2016
010.033-16.99741636,,,26/09/2016
010.033-16.99741637,,,26/09/2016
010.033-16.99741638,,,26/09/2016
010.033-16.99741639,,,26/09/2016
010.033-16.99741640,,,26/09/2016
010.033-16.99741641,,,26/09/2016
010.033-16.99741642,,,26/09/2016
010.033-16.99741643,,,26/09/2016
010.033-16.99741644,,,26/09/2016
010.033-16.99741645,,,26/09/2016
010.033-16.99741646,,,26/09/2016
010.033-16.99741647,,,26/09/2016
010.033-16.99741648,,,26/09/2016
010.033-16.99741649,,,26/09/2016
010.033-16.99741650,,,26/09/2016
010.033-16.99741651,,,26/09/2016
010.033-16.99741652,,,26/09/2016
010.033-16.99741653,,,26/09/2016
010.033-16.99741654,,,26/09/2016
010.033-16.99741655,,,26/09/2016
010.033-16.99741656,,,26/09/2016
010.033-16.99741657,,,26/09/2016
010.033-16.99741658,,,26/09/2016
010.033-16.99741659,,,26/09/2016
010.033-16.99741660,,,26/09/2016
010.033-16.99741661,,,26/09/2016
010.033-16.99741662,,,26/09/2016
010.033-16.99741663,,,26/09/2016
010.033-16.99741664,,,26/09/2016
010.033-16.99741665,,,26/09/2016
010.033-16.99741666,,,26/09/2016
010.033-16.99741667,,,26/09/2016
010.033-16.99741668,,,26/09/2016
010.033-16.99741669,,,26/09/2016
010.033-16.99741670,,,26/09/2016
010.033-16.99741671,,,26/09/2016
010.033-16.99741672,,,26/09/2016
010.033-16.99741673,,,26/09/2016
010.033-16.99741674,,,26/09/2016
010.033-16.99741675,,,26/09/2016
010.033-16.99741676,,,26/09/2016
010.033-16.99741677,,,26/09/2016
010.033-16.99741678,,,26/09/2016
010.033-16.99741679,,,26/09/2016
010.033-16.99741680,,,26/09/2016
010.033-16.99741681,,,26/09/2016
010.033-16.99741682,,,26/09/2016
010.033-16.99741683,,,26/09/2016
010.033-16.99741684,,,26/09/2016
010.033-16.99741685,,,26/09/2016
010.033-16.99741686,,,26/09/2016
010.033-16.99741687,,,26/09/2016
010.033-16.99741688,,,26/09/2016
010.033-16.99741689,,,26/09/2016
010.033-16.99741690,,,26/09/2016
010.033-16.99741691,,,26/09/2016
010.033-16.99741692,,,26/09/2016
010.033-16.99741693,,,26/09/2016
010.033-16.99741694,,,26/09/2016
010.033-16.99741695,,,26/09/2016
010.033-16.99741696,,,26/09/2016
010.033-16.99741697,,,26/09/2016
010.033-16.99741698,,,26/09/2016
010.033-16.99741699,,,26/09/2016
010.033-16.99741700,,,26/09/2016
010.033-16.99741701,,,26/09/2016
010.033-16.99741702,,,26/09/2016
010.033-16.99741703,,,26/09/2016
010.033-16.99741704,,,26/09/2016
010.033-16.99741705,,,26/09/2016
010.033-16.99741706,,,26/09/2016
010.033-16.99741707,,,26/09/2016
010.033-16.99741708,,,26/09/2016
010.033-16.99741709,,,26/09/2016
010.033-16.99741710,,,26/09/2016
010.033-16.99741711,,,26/09/2016
010.033-16.99741712,,,26/09/2016
010.033-16.99741713,,,26/09/2016
010.033-16.99741714,,,26/09/2016
010.033-16.99741715,,,26/09/2016
010.033-16.99742455,,,26/09/2016
010.033-16.99742456,,,26/09/2016
010.033-16.99742457,,,26/09/2016
010.033-16.99742458,,,26/09/2016
010.033-16.99742459,,,26/09/2016
010.033-16.99742460,,,26/09/2016
010.033-16.99742461,,,26/09/2016
010.033-16.99742462,,,26/09/2016
010.033-16.99742463,,,26/09/2016
010.033-16.99742464,,,26/09/2016
010.033-16.99742465,,,26/09/2016
010.033-16.99742466,,,26/09/2016
010.033-16.99742467,,,26/09/2016
010.033-16.99742468,,,26/09/2016
010.033-16.99742469,,,26/09/2016
010.033-16.99742470,,,26/09/2016
010.033-16.99742471,,,26/09/2016
010.033-16.99742472,,,26/09/2016
010.033-16.99742473,,,26/09/2016
010.033-16.99742474,,,26/09/2016
010.033-16.99742475,,,26/09/2016
010.033-16.99742476,,,26/09/2016
010.033-16.99742477,,,26/09/2016
010.033-16.99742478,,,26/09/2016
010.033-16.99742479,,,26/09/2016
010.033-16.99742480,,,26/09/2016
010.033-16.99742481,,,26/09/2016
010.033-16.99742482,,,26/09/2016
010.033-16.99742483,,,26/09/2016
010.033-16.99742484,,,26/09/2016
010.033-16.99742485,,,26/09/2016
010.033-16.99742486,,,26/09/2016
010.033-16.99742487,,,26/09/2016
010.033-16.99742488,,,26/09/2016
010.033-16.99742489,,,26/09/2016
010.033-16.99742490,,,26/09/2016
010.033-16.99742491,,,26/09/2016
010.033-16.99742492,,,26/09/2016
010.033-16.99742493,,,26/09/2016
010.033-16.99742494,,,26/09/2016
010.033-16.99742495,,,26/09/2016
010.033-16.99742496,,,26/09/2016
010.033-16.99742497,,,26/09/2016
010.033-16.99742498,,,26/09/2016
010.033-16.99742499,,,26/09/2016
010.033-16.99742500,,,26/09/2016
010.033-16.99742501,,,26/09/2016
010.033-16.99742502,,,26/09/2016
010.033-16.99742503,,,26/09/2016
010.033-16.99742504,,,26/09/2016
010.033-16.99742505,,,26/09/2016
010.033-16.99742506,,,26/09/2016
010.033-16.99742507,,,26/09/2016
010.033-16.99742508,,,26/09/2016
010.033-16.99742509,,,26/09/2016
010.033-16.99742510,,,26/09/2016
010.033-16.99742511,,,26/09/2016
010.033-16.99742512,,,26/09/2016
010.033-16.99742513,,,26/09/2016
010.033-16.99742514,,,26/09/2016
010.033-16.99742515,,,26/09/2016
010.033-16.99742516,,,26/09/2016
010.033-16.99742517,,,26/09/2016
010.033-16.99742518,,,26/09/2016
010.033-16.99742519,,,26/09/2016
010.033-16.99742520,,,26/09/2016
010.033-16.99742521,,,26/09/2016
010.033-16.99742522,,,26/09/2016
010.033-16.99742523,,,26/09/2016
010.033-16.99742524,,,26/09/2016
010.033-16.99742525,,,26/09/2016
010.033-16.99742526,,,26/09/2016
010.033-16.99742527,,,26/09/2016
010.033-16.99742528,,,26/09/2016
010.033-16.99742529,,,26/09/2016
010.033-16.99742530,,,26/09/2016
010.033-16.99742531,,,26/09/2016
010.033-16.99742532,,,26/09/2016
010.033-16.99742533,,,26/09/2016
010.033-16.99742534,,,26/09/2016
010.033-16.99742535,,,26/09/2016
010.033-16.99742536,,,26/09/2016
010.033-16.99742537,,,26/09/2016
010.033-16.99742538,,,26/09/2016
010.033-16.99742539,,,26/09/2016
010.033-16.99742540,,,26/09/2016
010.033-16.99742541,,,26/09/2016
010.033-16.99742542,,,26/09/2016
010.033-16.99741716,,,26/09/2016
010.033-16.99741717,,,26/09/2016
010.033-16.99741718,,,26/09/2016
010.033-16.99741719,,,26/09/2016
010.033-16.99741720,,,26/09/2016
010.033-16.99741721,,,26/09/2016
010.033-16.99741722,,,26/09/2016
010.033-16.99741723,,,26/09/2016
010.033-16.99741724,,,26/09/2016
010.033-16.99741725,,,26/09/2016
010.033-16.99741726,,,26/09/2016
010.033-16.99741727,,,26/09/2016
010.033-16.99741728,,,26/09/2016
010.033-16.99741729,,,26/09/2016
010.033-16.99741730,,,26/09/2016
010.033-16.99741731,,,26/09/2016
010.033-16.99741732,,,26/09/2016
010.033-16.99741733,,,26/09/2016
010.033-16.99741734,,,26/09/2016
010.033-16.99741735,,,26/09/2016
010.033-16.99741736,,,26/09/2016
010.033-16.99741737,,,26/09/2016
010.033-16.99741738,,,26/09/2016
010.033-16.99741739,,,26/09/2016
010.033-16.99741740,,,26/09/2016
010.033-16.99741741,,,26/09/2016
010.033-16.99741742,,,26/09/2016
010.033-16.99741743,,,26/09/2016
010.033-16.99741744,,,26/09/2016
010.033-16.99741745,,,26/09/2016
010.033-16.99741746,,,26/09/2016
010.033-16.99741747,,,26/09/2016
010.033-16.99741748,,,26/09/2016
010.033-16.99741749,,,26/09/2016
010.033-16.99741750,,,26/09/2016
010.033-16.99741751,,,26/09/2016
010.033-16.99741752,,,26/09/2016
010.033-16.99741753,,,26/09/2016
010.033-16.99741754,,,26/09/2016
010.033-16.99741755,,,26/09/2016
010.033-16.99741756,,,26/09/2016
010.033-16.99741757,,,26/09/2016
010.033-16.99741758,,,26/09/2016
010.033-16.99741759,,,26/09/2016
010.033-16.99741760,,,26/09/2016
010.033-16.99741761,,,26/09/2016
010.033-16.99741762,,,26/09/2016
010.033-16.99741763,,,26/09/2016
010.033-16.99741764,,,26/09/2016
010.033-16.99741765,,,26/09/2016
010.033-16.99741766,,,26/09/2016
010.033-16.99741767,,,26/09/2016
010.033-16.99741768,,,26/09/2016
010.033-16.99741769,,,26/09/2016
010.033-16.99741770,,,26/09/2016
010.033-16.99741771,,,26/09/2016
010.033-16.99741772,,,26/09/2016
010.033-16.99741773,,,26/09/2016
010.033-16.99741774,,,26/09/2016
010.033-16.99741775,,,26/09/2016
010.033-16.99741776,,,26/09/2016
010.033-16.99741777,,,26/09/2016
010.033-16.99741778,,,26/09/2016
010.033-16.99741779,,,26/09/2016
010.033-16.99741780,,,26/09/2016
010.033-16.99741781,,,26/09/2016
010.033-16.99741782,,,26/09/2016
010.033-16.99741783,,,26/09/2016
010.033-16.99741784,,,26/09/2016
010.033-16.99741785,,,26/09/2016
010.033-16.99741786,,,26/09/2016
010.033-16.99741787,,,26/09/2016
010.033-16.99741788,,,26/09/2016
010.033-16.99741789,,,26/09/2016
010.033-16.99741790,,,26/09/2016
010.033-16.99741791,,,26/09/2016
010.033-16.99741792,,,26/09/2016
010.033-16.99741793,,,26/09/2016
010.033-16.99741794,,,26/09/2016
010.033-16.99741795,,,26/09/2016
010.033-16.99741796,,,26/09/2016
010.033-16.99741797,,,26/09/2016
010.033-16.99741798,,,26/09/2016
010.033-16.99741799,,,26/09/2016
010.033-16.99741800,,,26/09/2016
010.033-16.99741801,,,26/09/2016
010.033-16.99741802,,,26/09/2016
010.033-16.99741803,,,26/09/2016
010.033-16.99742543,,,26/09/2016
010.033-16.99742544,,,26/09/2016
010.033-16.99742545,,,26/09/2016
010.033-16.99742546,,,26/09/2016
010.033-16.99742547,,,26/09/2016
010.033-16.99742548,,,26/09/2016
010.033-16.99742549,,,26/09/2016
010.033-16.99742550,,,26/09/2016
010.033-16.99742551,,,26/09/2016
010.033-16.99742552,,,26/09/2016
010.033-16.99742553,,,26/09/2016
010.033-16.99742554,,,26/09/2016
010.033-16.99742555,,,26/09/2016
010.033-16.99742556,,,26/09/2016
010.033-16.99742557,,,26/09/2016
010.033-16.99742558,,,26/09/2016
010.033-16.99742559,,,26/09/2016
010.033-16.99742560,,,26/09/2016
010.033-16.99742561,,,26/09/2016
010.033-16.99742562,,,26/09/2016
010.033-16.99742563,,,26/09/2016
010.033-16.99742564,,,26/09/2016
010.033-16.99742565,,,26/09/2016
010.033-16.99742566,,,26/09/2016
010.033-16.99742567,,,26/09/2016
010.033-16.99742568,,,26/09/2016
010.033-16.99742569,,,26/09/2016
010.033-16.99742570,,,26/09/2016
010.033-16.99742571,,,26/09/2016
010.033-16.99742572,,,26/09/2016
010.033-16.99742573,,,26/09/2016
010.033-16.99742574,,,26/09/2016
010.033-16.99742575,,,26/09/2016
010.033-16.99742576,,,26/09/2016
010.033-16.99742577,,,26/09/2016
010.033-16.99742578,,,26/09/2016
010.033-16.99742579,,,26/09/2016
010.033-16.99742580,,,26/09/2016
010.033-16.99742581,,,26/09/2016
010.033-16.99742582,,,26/09/2016
010.033-16.99742583,,,26/09/2016
010.033-16.99742584,,,26/09/2016
010.033-16.99742585,,,26/09/2016
010.033-16.99742586,,,26/09/2016
010.033-16.99742587,,,26/09/2016
010.033-16.99742588,,,26/09/2016
010.033-16.99742589,,,26/09/2016
010.033-16.99742590,,,26/09/2016
010.033-16.99742591,,,26/09/2016
010.033-16.99742592,,,26/09/2016
010.033-16.99742593,,,26/09/2016
010.033-16.99742594,,,26/09/2016
010.033-16.99742595,,,26/09/2016
010.033-16.99742596,,,26/09/2016
010.033-16.99742597,,,26/09/2016
010.033-16.99742598,,,26/09/2016
010.033-16.99742599,,,26/09/2016
010.033-16.99742600,,,26/09/2016
010.033-16.99742601,,,26/09/2016
010.033-16.99742602,,,26/09/2016
010.033-16.99742603,,,26/09/2016
010.033-16.99742604,,,26/09/2016
010.033-16.99742605,,,26/09/2016
010.033-16.99742606,,,26/09/2016
010.033-16.99742607,,,26/09/2016
010.033-16.99742608,,,26/09/2016
010.033-16.99742609,,,26/09/2016
010.033-16.99742610,,,26/09/2016
010.033-16.99742611,,,26/09/2016
010.033-16.99742612,,,26/09/2016
010.033-16.99742613,,,26/09/2016
010.033-16.99742614,,,26/09/2016
010.033-16.99742615,,,26/09/2016
010.033-16.99742616,,,26/09/2016
010.033-16.99742617,,,26/09/2016
010.033-16.99742618,,,26/09/2016
010.033-16.99742619,,,26/09/2016
010.033-16.99742620,,,26/09/2016
010.033-16.99742621,,,26/09/2016
010.033-16.99742622,,,26/09/2016
010.033-16.99742623,,,26/09/2016
010.033-16.99742624,,,26/09/2016
010.033-16.99742625,,,26/09/2016
010.033-16.99742626,,,26/09/2016
010.033-16.99742627,,,26/09/2016
010.033-16.99742628,,,26/09/2016
010.033-16.99742629,,,26/09/2016
010.033-16.99742630,,,26/09/2016
010.033-16.99741804,,,26/09/2016
010.033-16.99741805,,,26/09/2016
010.033-16.99741806,,,26/09/2016
010.033-16.99741807,,,26/09/2016
010.033-16.99741808,,,26/09/2016
010.033-16.99741809,,,26/09/2016
010.033-16.99741810,,,26/09/2016
010.033-16.99741811,,,26/09/2016
010.033-16.99741812,,,26/09/2016
010.033-16.99741813,,,26/09/2016
010.033-16.99741814,,,26/09/2016
010.033-16.99741815,,,26/09/2016
010.033-16.99741816,,,26/09/2016
010.033-16.99741817,,,26/09/2016
010.033-16.99741818,,,26/09/2016
010.033-16.99741819,,,26/09/2016
010.033-16.99741820,,,26/09/2016
010.033-16.99741821,,,26/09/2016
010.033-16.99741822,,,26/09/2016
010.033-16.99741823,,,26/09/2016
010.033-16.99741824,,,26/09/2016
010.033-16.99741825,,,26/09/2016
010.033-16.99741826,,,26/09/2016
010.033-16.99741827,,,26/09/2016
010.033-16.99741828,,,26/09/2016
010.033-16.99741829,,,26/09/2016
010.033-16.99741830,,,26/09/2016
010.033-16.99741831,,,26/09/2016
010.033-16.99741832,,,26/09/2016
010.033-16.99741833,,,26/09/2016
010.033-16.99741834,,,26/09/2016
010.033-16.99741835,,,26/09/2016
010.033-16.99741836,,,26/09/2016
010.033-16.99741837,,,26/09/2016
010.033-16.99741838,,,26/09/2016
010.033-16.99741839,,,26/09/2016
010.033-16.99741840,,,26/09/2016
010.033-16.99741841,,,26/09/2016
010.033-16.99741842,,,26/09/2016
010.033-16.99741843,,,26/09/2016
010.033-16.99741844,,,26/09/2016
010.033-16.99741845,,,26/09/2016
010.033-16.99741846,,,26/09/2016
010.033-16.99741847,,,26/09/2016
010.033-16.99741848,,,26/09/2016
010.033-16.99741849,,,26/09/2016
010.033-16.99741850,,,26/09/2016
010.033-16.99741851,,,26/09/2016
010.033-16.99741852,,,26/09/2016
010.033-16.99741853,,,26/09/2016
010.033-16.99741854,,,26/09/2016
010.033-16.99741855,,,26/09/2016
010.033-16.99741856,,,26/09/2016
010.033-16.99741857,,,26/09/2016
010.033-16.99741858,,,26/09/2016
010.033-16.99741859,,,26/09/2016
010.033-16.99741860,,,26/09/2016
010.033-16.99741861,,,26/09/2016
010.033-16.99741862,,,26/09/2016
010.033-16.99741863,,,26/09/2016
010.033-16.99741864,,,26/09/2016
010.033-16.99741865,,,26/09/2016
010.033-16.99741866,,,26/09/2016
010.033-16.99741867,,,26/09/2016
010.033-16.99741868,,,26/09/2016
010.033-16.99741869,,,26/09/2016
010.033-16.99741870,,,26/09/2016
010.033-16.99741871,,,26/09/2016
010.033-16.99741872,,,26/09/2016
010.033-16.99741873,,,26/09/2016
010.033-16.99741874,,,26/09/2016
010.033-16.99741875,,,26/09/2016
010.033-16.99741876,,,26/09/2016
010.033-16.99741877,,,26/09/2016
010.033-16.99741878,,,26/09/2016
010.033-16.99741879,,,26/09/2016
010.033-16.99741880,,,26/09/2016
010.033-16.99741881,,,26/09/2016
010.033-16.99741882,,,26/09/2016
010.033-16.99741883,,,26/09/2016
010.033-16.99741884,,,26/09/2016
010.033-16.99741885,,,26/09/2016
010.033-16.99741886,,,26/09/2016
010.033-16.99741887,,,26/09/2016
010.033-16.99741888,,,26/09/2016
010.033-16.99741889,,,26/09/2016
010.033-16.99741890,,,26/09/2016
010.033-16.99741891,,,26/09/2016
010.033-16.99742631,,,26/09/2016
010.033-16.99742632,,,26/09/2016
010.033-16.99742633,,,26/09/2016
010.033-16.99742634,,,26/09/2016
010.033-16.99742635,,,26/09/2016
010.033-16.99742636,,,26/09/2016
010.033-16.99742637,,,26/09/2016
010.033-16.99742638,,,26/09/2016
010.033-16.99742639,,,26/09/2016
010.033-16.99742640,,,26/09/2016
010.033-16.99742641,,,26/09/2016
010.033-16.99742642,,,26/09/2016
010.033-16.99742643,,,26/09/2016
010.033-16.99742644,,,26/09/2016
010.033-16.99742645,,,26/09/2016
010.033-16.99742646,,,26/09/2016
010.033-16.99742647,,,26/09/2016
010.033-16.99742648,,,26/09/2016
010.033-16.99742649,,,26/09/2016
010.033-16.99742650,,,26/09/2016
010.033-16.99742651,,,26/09/2016
010.033-16.99742652,,,26/09/2016
010.033-16.99742653,,,26/09/2016
010.033-16.99742654,,,26/09/2016
010.033-16.99742655,,,26/09/2016
010.033-16.99742656,,,26/09/2016
010.033-16.99742657,,,26/09/2016
010.033-16.99742658,,,26/09/2016
010.033-16.99742659,,,26/09/2016
010.033-16.99742660,,,26/09/2016
010.033-16.99742661,,,26/09/2016
010.033-16.99742662,,,26/09/2016
010.033-16.99742663,,,26/09/2016
010.033-16.99742664,,,26/09/2016
010.033-16.99742665,,,26/09/2016
010.033-16.99742666,,,26/09/2016
010.033-16.99742667,,,26/09/2016
010.033-16.99742668,,,26/09/2016
010.033-16.99742669,,,26/09/2016
010.033-16.99742670,,,26/09/2016
010.033-16.99742671,,,26/09/2016
010.033-16.99742672,,,26/09/2016
010.033-16.99742673,,,26/09/2016
010.033-16.99742674,,,26/09/2016
010.033-16.99742675,,,26/09/2016
010.033-16.99742676,,,26/09/2016
010.033-16.99742677,,,26/09/2016
010.033-16.99742678,,,26/09/2016
010.033-16.99742679,,,26/09/2016
010.033-16.99742680,,,26/09/2016
010.033-16.99742681,,,26/09/2016
010.033-16.99742682,,,26/09/2016
010.033-16.99742683,,,26/09/2016
010.033-16.99742684,,,26/09/2016
010.033-16.99742685,,,26/09/2016
010.033-16.99742686,,,26/09/2016
010.033-16.99742687,,,26/09/2016
010.033-16.99742688,,,26/09/2016
010.033-16.99742689,,,26/09/2016
010.033-16.99742690,,,26/09/2016
010.033-16.99742691,,,26/09/2016
010.033-16.99742692,,,26/09/2016
010.033-16.99742693,,,26/09/2016
010.033-16.99742694,,,26/09/2016
010.033-16.99742695,,,26/09/2016
010.033-16.99742696,,,26/09/2016
010.033-16.99742697,,,26/09/2016
010.033-16.99742698,,,26/09/2016
010.033-16.99742699,,,26/09/2016
010.033-16.99742700,,,26/09/2016
010.033-16.99742701,,,26/09/2016
010.033-16.99742702,,,26/09/2016
010.033-16.99742703,,,26/09/2016
010.033-16.99742704,,,26/09/2016
010.033-16.99742705,,,26/09/2016
010.033-16.99742706,,,26/09/2016
010.033-16.99742707,,,26/09/2016
010.033-16.99742708,,,26/09/2016
010.033-16.99742709,,,26/09/2016
010.033-16.99742710,,,26/09/2016
010.033-16.99742711,,,26/09/2016
010.033-16.99742712,,,26/09/2016
010.033-16.99742713,,,26/09/2016
010.033-16.99742714,,,26/09/2016
010.033-16.99742715,,,26/09/2016
010.033-16.99742716,,,26/09/2016
010.033-16.99742717,,,26/09/2016
010.033-16.99742718,,,26/09/2016
010.033-16.99741892,,,26/09/2016
010.033-16.99741893,,,26/09/2016
010.033-16.99741894,,,26/09/2016
010.033-16.99741895,,,26/09/2016
010.033-16.99741896,,,26/09/2016
010.033-16.99741897,,,26/09/2016
010.033-16.99741898,,,26/09/2016
010.033-16.99741899,,,26/09/2016
010.033-16.99741900,,,26/09/2016
010.033-16.99741901,,,26/09/2016
010.033-16.99741902,,,26/09/2016
010.033-16.99741903,,,26/09/2016
010.033-16.99741904,,,26/09/2016
010.033-16.99741905,,,26/09/2016
010.033-16.99741906,,,26/09/2016
010.033-16.99741907,,,26/09/2016
010.033-16.99741908,,,26/09/2016
010.033-16.99741909,,,26/09/2016
010.033-16.99741910,,,26/09/2016
010.033-16.99741911,,,26/09/2016
010.033-16.99741912,,,26/09/2016
010.033-16.99741913,,,26/09/2016
010.033-16.99741914,,,26/09/2016
010.033-16.99741915,,,26/09/2016
010.033-16.99741916,,,26/09/2016
010.033-16.99741917,,,26/09/2016
010.033-16.99741918,,,26/09/2016
010.033-16.99741919,,,26/09/2016
010.033-16.99741920,,,26/09/2016
010.033-16.99741921,,,26/09/2016
010.033-16.99741922,,,26/09/2016
010.033-16.99741923,,,26/09/2016
010.033-16.99741924,,,26/09/2016
010.033-16.99741925,,,26/09/2016
010.033-16.99741926,,,26/09/2016
010.033-16.99741927,,,26/09/2016
010.033-16.99741928,,,26/09/2016
010.033-16.99741929,,,26/09/2016
010.033-16.99741930,,,26/09/2016
010.033-16.99741931,,,26/09/2016
010.033-16.99741932,,,26/09/2016
010.033-16.99741933,,,26/09/2016
010.033-16.99741934,,,26/09/2016
010.033-16.99741935,,,26/09/2016
010.033-16.99741936,,,26/09/2016
010.033-16.99741937,,,26/09/2016
010.033-16.99741938,,,26/09/2016
010.033-16.99741939,,,26/09/2016
010.033-16.99741940,,,26/09/2016
010.033-16.99741941,,,26/09/2016
010.033-16.99741942,,,26/09/2016
010.033-16.99741943,,,26/09/2016
010.033-16.99741944,,,26/09/2016
010.033-16.99741945,,,26/09/2016
010.033-16.99741946,,,26/09/2016
010.033-16.99741947,,,26/09/2016
010.033-16.99741948,,,26/09/2016
010.033-16.99741949,,,26/09/2016
010.033-16.99741950,,,26/09/2016
010.033-16.99741951,,,26/09/2016
010.033-16.99741952,,,26/09/2016
010.033-16.99741953,,,26/09/2016
010.033-16.99741954,,,26/09/2016
010.033-16.99741955,,,26/09/2016
010.033-16.99741956,,,26/09/2016
010.033-16.99741957,,,26/09/2016
010.033-16.99741958,,,26/09/2016
010.033-16.99741959,,,26/09/2016
010.033-16.99741960,,,26/09/2016
010.033-16.99741961,,,26/09/2016
010.033-16.99741962,,,26/09/2016
010.033-16.99741963,,,26/09/2016
010.033-16.99741964,,,26/09/2016
010.033-16.99741965,,,26/09/2016
010.033-16.99741966,,,26/09/2016
010.033-16.99741967,,,26/09/2016
010.033-16.99741968,,,26/09/2016
010.033-16.99741969,,,26/09/2016
010.033-16.99741970,,,26/09/2016
010.033-16.99741971,,,26/09/2016
010.033-16.99741972,,,26/09/2016
010.033-16.99741973,,,26/09/2016
010.033-16.99741974,,,26/09/2016
010.033-16.99741975,,,26/09/2016
010.033-16.99741976,,,26/09/2016
010.033-16.99741977,,,26/09/2016
010.033-16.99741978,,,26/09/2016
010.033-16.99741979,,,26/09/2016
010.033-16.99741980,,,26/09/2016
010.033-16.99741981,,,26/09/2016
010.033-16.99741982,,,26/09/2016
010.033-16.99741983,,,26/09/2016
010.033-16.99741984,,,26/09/2016
010.033-16.99741985,,,26/09/2016
010.033-16.99741986,,,26/09/2016
010.033-16.99741987,,,26/09/2016
010.033-16.99741988,,,26/09/2016
010.033-16.99741989,,,26/09/2016
010.033-16.99741990,,,26/09/2016
010.033-16.99741991,,,26/09/2016
010.033-16.99741992,,,26/09/2016
010.033-16.99741993,,,26/09/2016
010.033-16.99741994,,,26/09/2016
010.033-16.99741995,,,26/09/2016
010.033-16.99741996,,,26/09/2016
010.033-16.99741997,,,26/09/2016
010.033-16.99741998,,,26/09/2016
010.033-16.99741999,,,26/09/2016
010.033-16.99742000,,,26/09/2016
010.033-16.99742001,,,26/09/2016
010.033-16.99742002,,,26/09/2016
010.033-16.99742003,,,26/09/2016
010.033-16.99742004,,,26/09/2016
010.033-16.99742005,,,26/09/2016
010.033-16.99742006,,,26/09/2016
010.033-16.99742007,,,26/09/2016
010.033-16.99742008,,,26/09/2016
010.033-16.99742009,,,26/09/2016
010.033-16.99742010,,,26/09/2016
010.033-16.99742011,,,26/09/2016
010.033-16.99742012,,,26/09/2016
010.033-16.99742013,,,26/09/2016
010.033-16.99742014,,,26/09/2016
010.033-16.99742015,,,26/09/2016
010.033-16.99742016,,,26/09/2016
010.033-16.99742017,,,26/09/2016
010.033-16.99742018,,,26/09/2016
010.033-16.99742019,,,26/09/2016
010.033-16.99742020,,,26/09/2016
010.033-16.99742021,,,26/09/2016
010.033-16.99742022,,,26/09/2016
010.033-16.99742023,,,26/09/2016
010.033-16.99742024,,,26/09/2016
010.033-16.99742025,,,26/09/2016
010.033-16.99742026,,,26/09/2016
010.033-16.99742027,,,26/09/2016
010.033-16.99742028,,,26/09/2016
010.033-16.99742029,,,26/09/2016
010.033-16.99742030,,,26/09/2016
010.033-16.99742031,,,26/09/2016
010.033-16.99742032,,,26/09/2016
010.033-16.99742033,,,26/09/2016
010.033-16.99742034,,,26/09/2016
010.033-16.99742035,,,26/09/2016
010.033-16.99742036,,,26/09/2016
010.033-16.99742037,,,26/09/2016
010.033-16.99742038,,,26/09/2016
010.033-16.99742039,,,26/09/2016
010.033-16.99742040,,,26/09/2016
010.033-16.99742041,,,26/09/2016
010.033-16.99742042,,,26/09/2016
010.033-16.99742043,,,26/09/2016
010.033-16.99742044,,,26/09/2016
010.033-16.99742045,,,26/09/2016
010.033-16.99742046,,,26/09/2016
010.033-16.99742047,,,26/09/2016
010.033-16.99742048,,,26/09/2016
010.033-16.99742049,,,26/09/2016
010.033-16.99742050,,,26/09/2016
010.033-16.99742051,,,26/09/2016
010.033-16.99742052,,,26/09/2016
010.033-16.99742053,,,26/09/2016
010.033-16.99742054,,,26/09/2016
010.033-16.99742055,,,26/09/2016
010.033-16.99742056,,,26/09/2016
010.033-16.99742057,,,26/09/2016
010.033-16.99742058,,,26/09/2016
010.033-16.99742059,,,26/09/2016
010.033-16.99742060,,,26/09/2016
010.033-16.99742061,,,26/09/2016
010.033-16.99742062,,,26/09/2016
010.033-16.99742063,,,26/09/2016
010.033-16.99742064,,,26/09/2016
010.033-16.99742065,,,26/09/2016
010.033-16.99742066,,,26/09/2016
010.033-16.99742067,,,26/09/2016
010.033-16.99742719,,,26/09/2016
010.033-16.99742720,,,26/09/2016
010.033-16.99742721,,,26/09/2016
010.033-16.99742722,,,26/09/2016
010.033-16.99742723,,,26/09/2016
010.033-16.99742724,,,26/09/2016
010.033-16.99742725,,,26/09/2016
010.033-16.99742726,,,26/09/2016
010.033-16.99742727,,,26/09/2016
010.033-16.99742728,,,26/09/2016
010.033-16.99742729,,,26/09/2016
010.033-16.99742730,,,26/09/2016
010.033-16.99742731,,,26/09/2016
010.033-16.99742732,,,26/09/2016
010.033-16.99742733,,,26/09/2016
010.033-16.99742734,,,26/09/2016
010.033-16.99742735,,,26/09/2016
010.033-16.99742736,,,26/09/2016
010.033-16.99742737,,,26/09/2016
010.033-16.99742738,,,26/09/2016
010.033-16.99742739,,,26/09/2016
010.033-16.99742740,,,26/09/2016
010.033-16.99742741,,,26/09/2016
010.033-16.99742742,,,26/09/2016
010.033-16.99742743,,,26/09/2016
010.033-16.99742744,,,26/09/2016
010.033-16.99742745,,,26/09/2016
010.033-16.99742746,,,26/09/2016
010.033-16.99742747,,,26/09/2016
010.033-16.99742748,,,26/09/2016
010.033-16.99742749,,,26/09/2016
010.033-16.99742750,,,26/09/2016
010.033-16.99742751,,,26/09/2016
010.033-16.99742752,,,26/09/2016
010.033-16.99742753,,,26/09/2016
010.033-16.99742754,,,26/09/2016
010.033-16.99742755,,,26/09/2016
010.033-16.99742756,,,26/09/2016
010.033-16.99742757,,,26/09/2016
010.033-16.99742758,,,26/09/2016
010.033-16.99742759,,,26/09/2016
010.033-16.99742760,,,26/09/2016
010.033-16.99742761,,,26/09/2016
010.033-16.99742762,,,26/09/2016
010.033-16.99742763,,,26/09/2016
010.033-16.99742764,,,26/09/2016
010.033-16.99742765,,,26/09/2016
010.033-16.99742766,,,26/09/2016
010.033-16.99742767,,,26/09/2016
010.033-16.99742768,,,26/09/2016
010.033-16.99742769,,,26/09/2016
010.033-16.99742770,,,26/09/2016
010.033-16.99742771,,,26/09/2016
010.033-16.99742772,,,26/09/2016
010.033-16.99742773,,,26/09/2016
010.033-16.99742774,,,26/09/2016
010.033-16.99742775,,,26/09/2016
010.033-16.99742776,,,26/09/2016
010.033-16.99742777,,,26/09/2016
010.033-16.99742778,,,26/09/2016
010.033-16.99742779,,,26/09/2016
010.033-16.99742780,,,26/09/2016
010.033-16.99742781,,,26/09/2016
010.033-16.99742782,,,26/09/2016
010.033-16.99742783,,,26/09/2016
010.033-16.99742784,,,26/09/2016
010.033-16.99742785,,,26/09/2016
010.033-16.99742786,,,26/09/2016
010.033-16.99742787,,,26/09/2016
010.033-16.99742788,,,26/09/2016
010.033-16.99742789,,,26/09/2016
010.033-16.99742790,,,26/09/2016
010.033-16.99742791,,,26/09/2016
010.033-16.99742792,,,26/09/2016
010.033-16.99742793,,,26/09/2016
010.033-16.99742794,,,26/09/2016
010.033-16.99742795,,,26/09/2016
010.033-16.99742796,,,26/09/2016
010.033-16.99742797,,,26/09/2016
010.033-16.99742798,,,26/09/2016
010.033-16.99742799,,,26/09/2016
010.033-16.99742800,,,26/09/2016
010.033-16.99742801,,,26/09/2016
010.033-16.99742802,,,26/09/2016
010.033-16.99742803,,,26/09/2016
010.033-16.99742804,,,26/09/2016
010.033-16.99742805,,,26/09/2016
010.033-16.99742806,,,26/09/2016
010.033-16.99742068,,,26/09/2016
010.033-16.99742069,,,26/09/2016
010.033-16.99742070,,,26/09/2016
010.033-16.99742071,,,26/09/2016
010.033-16.99742072,,,26/09/2016
010.033-16.99742073,,,26/09/2016
010.033-16.99742074,,,26/09/2016
010.033-16.99742075,,,26/09/2016
010.033-16.99742076,,,26/09/2016
010.033-16.99742077,,,26/09/2016
010.033-16.99742078,,,26/09/2016
010.033-16.99742079,,,26/09/2016
010.033-16.99742080,,,26/09/2016
010.033-16.99742081,,,26/09/2016
010.033-16.99742082,,,26/09/2016
010.033-16.99742083,,,26/09/2016
010.033-16.99742084,,,26/09/2016
010.033-16.99742085,,,26/09/2016
010.033-16.99742086,,,26/09/2016
010.033-16.99742087,,,26/09/2016
010.033-16.99742088,,,26/09/2016
010.033-16.99742089,,,26/09/2016
010.033-16.99742090,,,26/09/2016
010.033-16.99742091,,,26/09/2016
010.033-16.99742092,,,26/09/2016
010.033-16.99742093,,,26/09/2016
010.033-16.99742094,,,26/09/2016
010.033-16.99742095,,,26/09/2016
010.033-16.99742096,,,26/09/2016
010.033-16.99742097,,,26/09/2016
010.033-16.99742098,,,26/09/2016
010.033-16.99742099,,,26/09/2016
010.033-16.99742100,,,26/09/2016
010.033-16.99742101,,,26/09/2016
010.033-16.99742102,,,26/09/2016
010.033-16.99742103,,,26/09/2016
010.033-16.99742104,,,26/09/2016
010.033-16.99742105,,,26/09/2016
010.033-16.99742106,,,26/09/2016
010.033-16.99742107,,,26/09/2016
010.033-16.99742108,,,26/09/2016
010.033-16.99742109,,,26/09/2016
010.033-16.99742110,,,26/09/2016
010.033-16.99742111,,,26/09/2016
010.033-16.99742112,,,26/09/2016
010.033-16.99742113,,,26/09/2016
010.033-16.99742114,,,26/09/2016
010.033-16.99742115,,,26/09/2016
010.033-16.99742116,,,26/09/2016
010.033-16.99742117,,,26/09/2016
010.033-16.99742118,,,26/09/2016
010.033-16.99742119,,,26/09/2016
010.033-16.99742120,,,26/09/2016
010.033-16.99742121,,,26/09/2016
010.033-16.99742122,,,26/09/2016
010.033-16.99742123,,,26/09/2016
010.033-16.99742124,,,26/09/2016
010.033-16.99742125,,,26/09/2016
010.033-16.99742126,,,26/09/2016
010.033-16.99742127,,,26/09/2016
010.033-16.99742128,,,26/09/2016
010.033-16.99742129,,,26/09/2016
010.033-16.99742130,,,26/09/2016
010.033-16.99742131,,,26/09/2016
010.033-16.99742132,,,26/09/2016
010.033-16.99742133,,,26/09/2016
010.033-16.99742134,,,26/09/2016
010.033-16.99742135,,,26/09/2016
010.033-16.99742136,,,26/09/2016
010.033-16.99742137,,,26/09/2016
010.033-16.99742138,,,26/09/2016
010.033-16.99742139,,,26/09/2016
010.033-16.99742140,,,26/09/2016
010.033-16.99742141,,,26/09/2016
010.033-16.99742142,,,26/09/2016
010.033-16.99742143,,,26/09/2016
010.033-16.99742144,,,26/09/2016
010.033-16.99742145,,,26/09/2016
010.033-16.99742146,,,26/09/2016
010.033-16.99742147,,,26/09/2016
010.033-16.99742148,,,26/09/2016
010.033-16.99742149,,,26/09/2016
010.033-16.99742150,,,26/09/2016
010.033-16.99742151,,,26/09/2016
010.033-16.99742152,,,26/09/2016
010.033-16.99742153,,,26/09/2016
010.033-16.99742154,,,26/09/2016
010.033-16.99742155,,,26/09/2016
010.033-16.99742807,,,26/09/2016
010.033-16.99742808,,,26/09/2016
010.033-16.99742809,,,26/09/2016
010.033-16.99742810,,,26/09/2016
010.033-16.99742811,,,26/09/2016
010.033-16.99742812,,,26/09/2016
010.033-16.99742813,,,26/09/2016
010.033-16.99742814,,,26/09/2016
010.033-16.99742815,,,26/09/2016
010.033-16.99742816,,,26/09/2016
010.033-16.99742817,,,26/09/2016
010.033-16.99742818,,,26/09/2016
010.033-16.99742819,,,26/09/2016
010.033-16.99742820,,,26/09/2016
010.033-16.99742821,,,26/09/2016
010.033-16.99742822,,,26/09/2016
010.033-16.99742823,,,26/09/2016
010.033-16.99742824,,,26/09/2016
010.033-16.99742825,,,26/09/2016
010.033-16.99742826,,,26/09/2016
010.033-16.99742827,,,26/09/2016
010.033-16.99742828,,,26/09/2016
010.033-16.99742829,,,26/09/2016
010.033-16.99742830,,,26/09/2016
010.033-16.99742831,,,26/09/2016
010.033-16.99742832,,,26/09/2016
010.033-16.99742833,,,26/09/2016
010.033-16.99742834,,,26/09/2016
010.033-16.99742835,,,26/09/2016
010.033-16.99742836,,,26/09/2016
010.033-16.99742837,,,26/09/2016
010.033-16.99742838,,,26/09/2016
010.033-16.99742839,,,26/09/2016
010.033-16.99742840,,,26/09/2016
010.033-16.99742841,,,26/09/2016
010.033-16.99742842,,,26/09/2016
010.033-16.99742843,,,26/09/2016
010.033-16.99742844,,,26/09/2016
010.033-16.99742845,,,26/09/2016
010.033-16.99742846,,,26/09/2016
010.033-16.99742847,,,26/09/2016
010.033-16.99742848,,,26/09/2016
010.033-16.99742849,,,26/09/2016
010.033-16.99742850,,,26/09/2016
010.033-16.99742851,,,26/09/2016
010.033-16.99742852,,,26/09/2016
010.033-16.99742853,,,26/09/2016
010.033-16.99742854,,,26/09/2016
010.033-16.99742855,,,26/09/2016
010.033-16.99742856,,,26/09/2016
010.033-16.99742857,,,26/09/2016
010.033-16.99742858,,,26/09/2016
010.033-16.99742859,,,26/09/2016
010.033-16.99742860,,,26/09/2016
010.033-16.99742861,,,26/09/2016
010.033-16.99742862,,,26/09/2016
010.033-16.99742863,,,26/09/2016
010.033-16.99742864,,,26/09/2016
010.033-16.99742865,,,26/09/2016
010.033-16.99742866,,,26/09/2016
010.033-16.99742867,,,26/09/2016
010.033-16.99742868,,,26/09/2016
010.033-16.99742869,,,26/09/2016
010.033-16.99742870,,,26/09/2016
010.033-16.99742871,,,26/09/2016
010.033-16.99742872,,,26/09/2016
010.033-16.99742873,,,26/09/2016
010.033-16.99742874,,,26/09/2016
010.033-16.99742875,,,26/09/2016
010.033-16.99742876,,,26/09/2016
010.033-16.99742877,,,26/09/2016
010.033-16.99742878,,,26/09/2016
010.033-16.99742879,,,26/09/2016
010.033-16.99742880,,,26/09/2016
010.033-16.99742881,,,26/09/2016
010.033-16.99742882,,,26/09/2016
010.033-16.99742883,,,26/09/2016
010.033-16.99742884,,,26/09/2016
010.033-16.99742885,,,26/09/2016
010.033-16.99742886,,,26/09/2016
010.033-16.99742887,,,26/09/2016
010.033-16.99742888,,,26/09/2016
010.033-16.99742889,,,26/09/2016
010.033-16.99742890,,,26/09/2016
010.033-16.99742891,,,26/09/2016
010.033-16.99742892,,,26/09/2016
010.033-16.99742893,,,26/09/2016
010.033-16.99742894,,,26/09/2016
010.033-16.99742156,,,26/09/2016
010.033-16.99742157,,,26/09/2016
010.033-16.99742158,,,26/09/2016
010.033-16.99742159,,,26/09/2016
010.033-16.99742160,,,26/09/2016
010.033-16.99742161,,,26/09/2016
010.033-16.99742162,,,26/09/2016
010.033-16.99742163,,,26/09/2016
010.033-16.99742164,,,26/09/2016
010.033-16.99742165,,,26/09/2016
010.033-16.99742166,,,26/09/2016
010.033-16.99742167,,,26/09/2016
010.033-16.99742168,,,26/09/2016
010.033-16.99742169,,,26/09/2016
010.033-16.99742170,,,26/09/2016
010.033-16.99742171,,,26/09/2016
010.033-16.99742172,,,26/09/2016
010.033-16.99742173,,,26/09/2016
010.033-16.99742174,,,26/09/2016
010.033-16.99742175,,,26/09/2016
010.033-16.99742176,,,26/09/2016
010.033-16.99742177,,,26/09/2016
010.033-16.99742178,,,26/09/2016
010.033-16.99742179,,,26/09/2016
010.033-16.99742180,,,26/09/2016
010.033-16.99742181,,,26/09/2016
010.033-16.99742182,,,26/09/2016
010.033-16.99742183,,,26/09/2016
010.033-16.99742184,,,26/09/2016
010.033-16.99742185,,,26/09/2016
010.033-16.99742186,,,26/09/2016
010.033-16.99742187,,,26/09/2016
010.033-16.99742188,,,26/09/2016
010.033-16.99742189,,,26/09/2016
010.033-16.99742190,,,26/09/2016
010.033-16.99742191,,,26/09/2016
010.033-16.99742192,,,26/09/2016
010.033-16.99742193,,,26/09/2016
010.033-16.99742194,,,26/09/2016
010.033-16.99742195,,,26/09/2016
010.033-16.99742196,,,26/09/2016
010.033-16.99742197,,,26/09/2016
010.033-16.99742198,,,26/09/2016
010.033-16.99742199,,,26/09/2016
010.033-16.99742200,,,26/09/2016
010.033-16.99742201,,,26/09/2016
010.033-16.99742202,,,26/09/2016
010.033-16.99742203,,,26/09/2016
010.033-16.99742204,,,26/09/2016
010.033-16.99742205,,,26/09/2016
010.033-16.99742206,,,26/09/2016
010.033-16.99742207,,,26/09/2016
010.033-16.99742208,,,26/09/2016
010.033-16.99742209,,,26/09/2016
010.033-16.99742210,,,26/09/2016
010.033-16.99742211,,,26/09/2016
010.033-16.99742212,,,26/09/2016
010.033-16.99742213,,,26/09/2016
010.033-16.99742214,,,26/09/2016
010.033-16.99742215,,,26/09/2016
010.033-16.99742216,,,26/09/2016
010.033-16.99742217,,,26/09/2016
010.033-16.99742218,,,26/09/2016
010.033-16.99742219,,,26/09/2016
010.033-16.99742220,,,26/09/2016
010.033-16.99742221,,,26/09/2016
010.033-16.99742222,,,26/09/2016
010.033-16.99742223,,,26/09/2016
010.033-16.99742224,,,26/09/2016
010.033-16.99742225,,,26/09/2016
010.033-16.99742226,,,26/09/2016
010.033-16.99742227,,,26/09/2016
010.033-16.99742228,,,26/09/2016
010.033-16.99742229,,,26/09/2016
010.033-16.99742230,,,26/09/2016
010.033-16.99742231,,,26/09/2016
010.033-16.99742232,,,26/09/2016
010.033-16.99742233,,,26/09/2016
010.033-16.99742234,,,26/09/2016
010.033-16.99742235,,,26/09/2016
010.033-16.99742236,,,26/09/2016
010.033-16.99742237,,,26/09/2016
010.033-16.99742238,,,26/09/2016
010.033-16.99742239,,,26/09/2016
010.033-16.99742240,,,26/09/2016
010.033-16.99742241,,,26/09/2016
010.033-16.99742242,,,26/09/2016
010.033-16.99742243,,,26/09/2016
010.033-16.99742895,,,26/09/2016
010.033-16.99742896,,,26/09/2016
010.033-16.99742897,,,26/09/2016
010.033-16.99742898,,,26/09/2016
010.033-16.99742899,,,26/09/2016
010.033-16.99742900,,,26/09/2016
010.033-16.99742901,,,26/09/2016
010.033-16.99742902,,,26/09/2016
010.033-16.99742903,,,26/09/2016
010.033-16.99742904,,,26/09/2016
010.033-16.99742905,,,26/09/2016
010.033-16.99742906,,,26/09/2016
010.033-16.99742907,,,26/09/2016
010.033-16.99742908,,,26/09/2016
010.033-16.99742909,,,26/09/2016
010.033-16.99742910,,,26/09/2016
010.033-16.99742911,,,26/09/2016
010.033-16.99742912,,,26/09/2016
010.033-16.99742913,,,26/09/2016
010.033-16.99742914,,,26/09/2016
010.033-16.99742915,,,26/09/2016
010.033-16.99742916,,,26/09/2016
010.033-16.99742917,,,26/09/2016
010.033-16.99742918,,,26/09/2016
010.033-16.99742919,,,26/09/2016
010.033-16.99742920,,,26/09/2016
010.033-16.99742921,,,26/09/2016
010.033-16.99742922,,,26/09/2016
010.033-16.99742923,,,26/09/2016
010.033-16.99742924,,,26/09/2016
010.033-16.99742925,,,26/09/2016
010.033-16.99742926,,,26/09/2016
010.033-16.99742927,,,26/09/2016
010.033-16.99742928,,,26/09/2016
010.033-16.99742929,,,26/09/2016
010.033-16.99742930,,,26/09/2016
010.033-16.99742931,,,26/09/2016
010.033-16.99742932,,,26/09/2016
010.033-16.99742933,,,26/09/2016
010.033-16.99742934,,,26/09/2016
010.033-16.99742935,,,26/09/2016
010.033-16.99742936,,,26/09/2016
010.033-16.99742937,,,26/09/2016
010.033-16.99742938,,,26/09/2016
010.033-16.99742939,,,26/09/2016
010.033-16.99742940,,,26/09/2016
010.033-16.99742941,,,26/09/2016
010.033-16.99742942,,,26/09/2016
010.033-16.99742943,,,26/09/2016
010.033-16.99742944,,,26/09/2016
010.033-16.99742945,,,26/09/2016
010.033-16.99742946,,,26/09/2016
010.033-16.99742947,,,26/09/2016
010.033-16.99742948,,,26/09/2016
010.033-16.99742949,,,26/09/2016
010.033-16.99742950,,,26/09/2016
010.033-16.99742951,,,26/09/2016
010.033-16.99742952,,,26/09/2016
010.033-16.99742953,,,26/09/2016
010.033-16.99742954,,,26/09/2016
010.033-16.99742955,,,26/09/2016
010.033-16.99742956,,,26/09/2016
010.033-16.99742957,,,26/09/2016
010.033-16.99742958,,,26/09/2016
010.033-16.99742959,,,26/09/2016
010.033-16.99742960,,,26/09/2016
010.033-16.99742961,,,26/09/2016
010.033-16.99742962,,,26/09/2016
010.033-16.99742963,,,26/09/2016
010.033-16.99742964,,,26/09/2016
010.033-16.99742965,,,26/09/2016
010.033-16.99742966,,,26/09/2016
010.033-16.99742967,,,26/09/2016
010.033-16.99742968,,,26/09/2016
010.033-16.99742969,,,26/09/2016
010.033-16.99742970,,,26/09/2016
010.033-16.99742971,,,26/09/2016
010.033-16.99742972,,,26/09/2016
010.033-16.99742973,,,26/09/2016
010.033-16.99742974,,,26/09/2016
010.033-16.99742975,,,26/09/2016
010.033-16.99742976,,,26/09/2016
010.033-16.99742977,,,26/09/2016
010.033-16.99742978,,,26/09/2016
010.033-16.99742979,,,26/09/2016
010.033-16.99742980,,,26/09/2016
010.033-16.99742981,,,26/09/2016
010.033-16.99742982,,,26/09/2016
010.033-16.99742244,,,26/09/2016
010.033-16.99742245,,,26/09/2016
010.033-16.99742246,,,26/09/2016
010.033-16.99742247,,,26/09/2016
010.033-16.99742248,,,26/09/2016
010.033-16.99742249,,,26/09/2016
010.033-16.99742250,,,26/09/2016
010.033-16.99742251,,,26/09/2016
010.033-16.99742252,,,26/09/2016
010.033-16.99742253,,,26/09/2016
010.033-16.99742254,,,26/09/2016
010.033-16.99742255,,,26/09/2016
010.033-16.99742256,,,26/09/2016
010.033-16.99742257,,,26/09/2016
010.033-16.99742258,,,26/09/2016
010.033-16.99742259,,,26/09/2016
010.033-16.99742260,,,26/09/2016
010.033-16.99742261,,,26/09/2016
010.033-16.99742262,,,26/09/2016
010.033-16.99742263,,,26/09/2016
010.033-16.99742264,,,26/09/2016
010.033-16.99742265,,,26/09/2016
010.033-16.99742266,,,26/09/2016
010.033-16.99742267,,,26/09/2016
010.033-16.99742268,,,26/09/2016
010.033-16.99742269,,,26/09/2016
010.033-16.99742270,,,26/09/2016
010.033-16.99742271,,,26/09/2016
010.033-16.99742272,,,26/09/2016
010.033-16.99742273,,,26/09/2016
010.033-16.99742274,,,26/09/2016
010.033-16.99742275,,,26/09/2016
010.033-16.99742276,,,26/09/2016
010.033-16.99742277,,,26/09/2016
010.033-16.99742278,,,26/09/2016
010.033-16.99742279,,,26/09/2016
010.033-16.99742280,,,26/09/2016
010.033-16.99742281,,,26/09/2016
010.033-16.99742282,,,26/09/2016
010.033-16.99742283,,,26/09/2016
010.033-16.99742284,,,26/09/2016
010.033-16.99742285,,,26/09/2016
010.033-16.99742286,,,26/09/2016
010.033-16.99742287,,,26/09/2016
010.033-16.99742288,,,26/09/2016
010.033-16.99742289,,,26/09/2016
010.033-16.99742290,,,26/09/2016
010.033-16.99742291,,,26/09/2016
010.033-16.99742292,,,26/09/2016
010.033-16.99742293,,,26/09/2016
010.033-16.99742294,,,26/09/2016
010.033-16.99742295,,,26/09/2016
010.033-16.99742296,,,26/09/2016
010.033-16.99742297,,,26/09/2016
010.033-16.99742298,,,26/09/2016
010.033-16.99742299,,,26/09/2016
010.033-16.99742300,,,26/09/2016
010.033-16.99742301,,,26/09/2016
010.033-16.99742302,,,26/09/2016
010.033-16.99742303,,,26/09/2016
010.033-16.99742304,,,26/09/2016
010.033-16.99742305,,,26/09/2016
010.033-16.99742306,,,26/09/2016
010.033-16.99742307,,,26/09/2016
010.033-16.99742308,,,26/09/2016
010.033-16.99742309,,,26/09/2016
010.033-16.99742310,,,26/09/2016
010.033-16.99742311,,,26/09/2016
010.033-16.99742312,,,26/09/2016
010.033-16.99742313,,,26/09/2016
010.033-16.99742314,,,26/09/2016
010.033-16.99742315,,,26/09/2016
010.033-16.99742316,,,26/09/2016
010.033-16.99742317,,,26/09/2016
010.033-16.99742318,,,26/09/2016
010.033-16.99742319,,,26/09/2016
010.033-16.99742320,,,26/09/2016
010.033-16.99742321,,,26/09/2016
010.033-16.99742322,,,26/09/2016
010.033-16.99742323,,,26/09/2016
010.033-16.99742324,,,26/09/2016
010.033-16.99742325,,,26/09/2016
010.033-16.99742326,,,26/09/2016
010.033-16.99742327,,,26/09/2016
010.033-16.99742328,,,26/09/2016
010.033-16.99742329,,,26/09/2016
010.033-16.99742330,,,26/09/2016
010.033-16.99742331,,,26/09/2016
010.033-16.99742983,,,26/09/2016
010.033-16.99742984,,,26/09/2016
010.033-16.99742985,,,26/09/2016
010.033-16.99742986,,,26/09/2016
010.033-16.99742987,,,26/09/2016
010.033-16.99742988,,,26/09/2016
010.033-16.99742989,,,26/09/2016
010.033-16.99742990,,,26/09/2016
010.033-16.99742991,,,26/09/2016
010.033-16.99742992,,,26/09/2016
010.033-16.99742993,,,26/09/2016
010.033-16.99742994,,,26/09/2016
010.033-16.99742995,,,26/09/2016
010.033-16.99742996,,,26/09/2016
010.033-16.99742997,,,26/09/2016
010.033-16.99742998,,,26/09/2016
010.033-16.99742999,,,26/09/2016
010.033-16.99743000,,,26/09/2016
010.033-16.99743001,,,26/09/2016
010.033-16.99743002,,,26/09/2016
010.033-16.99743003,,,26/09/2016
010.033-16.99743004,,,26/09/2016
010.033-16.99743005,,,26/09/2016
010.033-16.99743006,,,26/09/2016
010.033-16.99743007,,,26/09/2016
010.033-16.99743008,,,26/09/2016
010.033-16.99743009,,,26/09/2016
010.033-16.99743010,,,26/09/2016
010.033-16.99743011,,,26/09/2016
010.033-16.99743012,,,26/09/2016
010.033-16.99743013,,,26/09/2016
010.033-16.99743014,,,26/09/2016
010.033-16.99743015,,,26/09/2016
010.033-16.99743016,,,26/09/2016
010.033-16.99743017,,,26/09/2016
010.033-16.99743018,,,26/09/2016
010.033-16.99743019,,,26/09/2016
010.033-16.99743020,,,26/09/2016
010.033-16.99743021,,,26/09/2016
010.033-16.99743022,,,26/09/2016
010.033-16.99743023,,,26/09/2016
010.033-16.99743024,,,26/09/2016
010.033-16.99743025,,,26/09/2016
010.033-16.99743026,,,26/09/2016
010.033-16.99743027,,,26/09/2016
010.033-16.99743028,,,26/09/2016
010.033-16.99743029,,,26/09/2016
010.033-16.99743030,,,26/09/2016
010.033-16.99743031,,,26/09/2016
010.033-16.99743032,,,26/09/2016
010.033-16.99743033,,,26/09/2016
010.033-16.99743034,,,26/09/2016
010.033-16.99743035,,,26/09/2016
010.033-16.99743036,,,26/09/2016
010.033-16.99743037,,,26/09/2016
010.033-16.99743038,,,26/09/2016
010.033-16.99743039,,,26/09/2016
010.033-16.99743040,,,26/09/2016
010.033-16.99743041,,,26/09/2016
010.033-16.99743042,,,26/09/2016
010.033-16.99743043,,,26/09/2016
010.033-16.99743044,,,26/09/2016
010.033-16.99743045,,,26/09/2016
010.033-16.99743046,,,26/09/2016
010.033-16.99743047,,,26/09/2016
010.033-16.99743048,,,26/09/2016
010.033-16.99743049,,,26/09/2016
010.033-16.99743050,,,26/09/2016
010.033-16.99743051,,,26/09/2016
010.033-16.99743052,,,26/09/2016
010.033-16.99743053,,,26/09/2016
010.033-16.99743054,,,26/09/2016
010.033-16.99743055,,,26/09/2016
010.033-16.99743056,,,26/09/2016
010.033-16.99743057,,,26/09/2016
010.033-16.99743058,,,26/09/2016
010.033-16.99743059,,,26/09/2016
010.033-16.99743060,,,26/09/2016
010.033-16.99743061,,,26/09/2016
010.033-16.99743062,,,26/09/2016
010.033-16.99743063,,,26/09/2016
010.033-16.99743064,,,26/09/2016
010.033-16.99743065,,,26/09/2016
010.033-16.99743066,,,26/09/2016
010.033-16.99743067,,,26/09/2016
010.033-16.99743068,,,26/09/2016
010.033-16.99743069,,,26/09/2016
010.033-16.99743070,,,26/09/2016
010.033-16.99742332,,,26/09/2016
010.033-16.99742333,,,26/09/2016
010.033-16.99742334,,,26/09/2016
010.033-16.99742335,,,26/09/2016
010.033-16.99742336,,,26/09/2016
010.033-16.99742337,,,26/09/2016
010.033-16.99742338,,,26/09/2016
010.033-16.99742339,,,26/09/2016
010.033-16.99742340,,,26/09/2016
010.033-16.99742341,,,26/09/2016
010.033-16.99742342,,,26/09/2016
010.033-16.99742343,,,26/09/2016
010.033-16.99742344,,,26/09/2016
010.033-16.99742345,,,26/09/2016
010.033-16.99742346,,,26/09/2016
010.033-16.99742347,,,26/09/2016
010.033-16.99742348,,,26/09/2016
010.033-16.99742349,,,26/09/2016
010.033-16.99742350,,,26/09/2016
010.033-16.99742351,,,26/09/2016
010.033-16.99742352,,,26/09/2016
010.033-16.99742353,,,26/09/2016
010.033-16.99742354,,,26/09/2016
010.033-16.99742355,,,26/09/2016
010.033-16.99742356,,,26/09/2016
010.033-16.99742357,,,26/09/2016
010.033-16.99742358,,,26/09/2016
010.033-16.99742359,,,26/09/2016
010.033-16.99742360,,,26/09/2016
010.033-16.99742361,,,26/09/2016
010.033-16.99742362,,,26/09/2016
010.033-16.99742363,,,26/09/2016
010.033-16.99742364,,,26/09/2016
010.033-16.99742365,,,26/09/2016
010.033-16.99742366,,,26/09/2016
010.033-16.99742367,,,26/09/2016
010.033-16.99742368,,,26/09/2016
010.033-16.99742369,,,26/09/2016
010.033-16.99742370,,,26/09/2016
010.033-16.99742371,,,26/09/2016
010.033-16.99742372,,,26/09/2016
010.033-16.99742373,,,26/09/2016
010.033-16.99742374,,,26/09/2016
010.033-16.99742375,,,26/09/2016
010.033-16.99742376,,,26/09/2016
010.033-16.99742377,,,26/09/2016
010.033-16.99742378,,,26/09/2016
010.033-16.99742379,,,26/09/2016
010.033-16.99742380,,,26/09/2016
010.033-16.99742381,,,26/09/2016
010.033-16.99742382,,,26/09/2016
010.033-16.99742383,,,26/09/2016
010.033-16.99742384,,,26/09/2016
010.033-16.99742385,,,26/09/2016
010.033-16.99742386,,,26/09/2016
010.033-16.99742387,,,26/09/2016
010.033-16.99742388,,,26/09/2016
010.033-16.99742389,,,26/09/2016
010.033-16.99742390,,,26/09/2016
010.033-16.99742391,,,26/09/2016
010.033-16.99742392,,,26/09/2016
010.033-16.99742393,,,26/09/2016
010.033-16.99742394,,,26/09/2016
010.033-16.99742395,,,26/09/2016
010.033-16.99742396,,,26/09/2016
010.033-16.99742397,,,26/09/2016
010.033-16.99742398,,,26/09/2016
010.033-16.99742399,,,26/09/2016
010.033-16.99742400,,,26/09/2016
010.033-16.99742401,,,26/09/2016
010.033-16.99742402,,,26/09/2016
010.033-16.99742403,,,26/09/2016
010.033-16.99742404,,,26/09/2016
010.033-16.99742405,,,26/09/2016
010.033-16.99742406,,,26/09/2016
010.033-16.99742407,,,26/09/2016
010.033-16.99742408,,,26/09/2016
010.033-16.99742409,,,26/09/2016
010.033-16.99742410,,,26/09/2016
010.033-16.99742411,,,26/09/2016
010.033-16.99742412,,,26/09/2016
010.033-16.99742413,,,26/09/2016
010.033-16.99742414,,,26/09/2016
010.033-16.99742415,,,26/09/2016
010.033-16.99742416,,,26/09/2016
010.033-16.99742417,,,26/09/2016
010.033-16.99742418,,,26/09/2016
010.033-16.99742419,,,26/09/2016
010.033-16.99743071,,,26/09/2016
010.033-16.99743072,,,26/09/2016
010.033-16.99743073,,,26/09/2016
010.033-16.99743074,,,26/09/2016
010.033-16.99743075,,,26/09/2016
010.033-16.99743076,,,26/09/2016
010.033-16.99743077,,,26/09/2016
010.033-16.99743078,,,26/09/2016
010.033-16.99743079,,,26/09/2016
010.033-16.99743080,,,26/09/2016
010.033-16.99743081,,,26/09/2016
010.033-16.99743082,,,26/09/2016
010.033-16.99743083,,,26/09/2016
010.033-16.99743084,,,26/09/2016
010.033-16.99743085,,,26/09/2016
010.033-16.99743086,,,26/09/2016
010.033-16.99743087,,,26/09/2016
010.033-16.99743088,,,26/09/2016
010.033-16.99743089,,,26/09/2016
010.033-16.99743090,,,26/09/2016
010.033-16.99743091,,,26/09/2016
010.033-16.99743092,,,26/09/2016
010.033-16.99743093,,,26/09/2016
010.033-16.99743094,,,26/09/2016
010.033-16.99743095,,,26/09/2016
010.033-16.99743096,,,26/09/2016
010.033-16.99743097,,,26/09/2016
010.033-16.99743098,,,26/09/2016
010.033-16.99743099,,,26/09/2016
010.033-16.99743100,,,26/09/2016
010.033-16.99743101,,,26/09/2016
010.033-16.99743102,,,26/09/2016
010.033-16.99743103,,,26/09/2016
010.033-16.99743104,,,26/09/2016
010.033-16.99743105,,,26/09/2016
010.033-16.99743106,,,26/09/2016
010.033-16.99743107,,,26/09/2016
010.033-16.99743108,,,26/09/2016
010.033-16.99743109,,,26/09/2016
010.033-16.99743110,,,26/09/2016
010.033-16.99743111,,,26/09/2016
010.033-16.99743112,,,26/09/2016
010.033-16.99743113,,,26/09/2016
010.033-16.99743114,,,26/09/2016
010.033-16.99743115,,,26/09/2016
010.033-16.99743116,,,26/09/2016
010.033-16.99743117,,,26/09/2016
010.033-16.99743118,,,26/09/2016
010.033-16.99743119,,,26/09/2016
010.033-16.99743120,,,26/09/2016
010.033-16.99743121,,,26/09/2016
010.033-16.99743122,,,26/09/2016
010.033-16.99743123,,,26/09/2016
010.033-16.99743124,,,26/09/2016
010.033-16.99743125,,,26/09/2016
010.033-16.99743126,,,26/09/2016
010.033-16.99743127,,,26/09/2016
010.033-16.99743128,,,26/09/2016
010.033-16.99743129,,,26/09/2016
010.033-16.99743130,,,26/09/2016
010.033-16.99743131,,,26/09/2016
010.033-16.99743132,,,26/09/2016
010.033-16.99743133,,,26/09/2016
010.033-16.99743134,,,26/09/2016
010.033-16.99743135,,,26/09/2016
010.033-16.99743136,,,26/09/2016
010.033-16.99743137,,,26/09/2016
010.033-16.99743138,,,26/09/2016
010.033-16.99743139,,,26/09/2016
010.033-16.99743140,,,26/09/2016
010.033-16.99743141,,,26/09/2016
010.033-16.99743142,,,26/09/2016
010.033-16.99743143,,,26/09/2016
010.033-16.99743144,,,26/09/2016
010.033-16.99743145,,,26/09/2016
010.033-16.99743146,,,26/09/2016
010.033-16.99743147,,,26/09/2016
010.033-16.99743148,,,26/09/2016
010.033-16.99743149,,,26/09/2016
010.033-16.99743150,,,26/09/2016
010.033-16.99743151,,,26/09/2016
010.033-16.99743152,,,26/09/2016
010.033-16.99743153,,,26/09/2016
010.033-16.99743154,,,26/09/2016
010.033-16.99743155,,,26/09/2016
010.033-16.99743156,,,26/09/2016
010.033-16.99743157,,,26/09/2016
010.033-16.99743158,,,26/09/2016
010.033-16.99743159,,,26/09/2016
010.033-16.99743160,,,26/09/2016
010.033-16.99743161,,,26/09/2016
010.033-16.99743162,,,26/09/2016
010.033-16.99743163,,,26/09/2016
010.033-16.99743164,,,26/09/2016
010.033-16.99743165,,,26/09/2016
010.033-16.99743166,,,26/09/2016
010.033-16.99743167,,,26/09/2016
010.033-16.99743168,,,26/09/2016
010.033-16.99743169,,,26/09/2016
010.033-16.99743170,,,26/09/2016
010.033-16.99743171,,,26/09/2016
010.033-16.99743172,,,26/09/2016
010.033-16.99743173,,,26/09/2016
010.033-16.99743174,,,26/09/2016
010.033-16.99743175,,,26/09/2016
010.033-16.99743176,,,26/09/2016
010.033-16.99743177,,,26/09/2016
010.033-16.99743178,,,26/09/2016
010.033-16.99743179,,,26/09/2016
010.033-16.99743180,,,26/09/2016
010.033-16.99743181,,,26/09/2016
010.033-16.99743182,,,26/09/2016
010.033-16.99743183,,,26/09/2016
010.033-16.99743184,,,26/09/2016
010.033-16.99743185,,,26/09/2016
010.033-16.99743186,,,26/09/2016
010.033-16.99743187,,,26/09/2016
010.033-16.99743188,,,26/09/2016
010.033-16.99743189,,,26/09/2016
010.033-16.99743190,,,26/09/2016
010.033-16.99743191,,,26/09/2016
010.033-16.99743192,,,26/09/2016
010.033-16.99743193,,,26/09/2016
010.033-16.99743194,,,26/09/2016
010.033-16.99743195,,,26/09/2016
010.033-16.99743196,,,26/09/2016
010.033-16.99743197,,,26/09/2016
010.033-16.99743198,,,26/09/2016
010.033-16.99743199,,,26/09/2016
010.033-16.99743200,,,26/09/2016
010.033-16.99743201,,,26/09/2016
010.033-16.99743202,,,26/09/2016
010.033-16.99743203,,,26/09/2016
010.033-16.99743204,,,26/09/2016
010.033-16.99743205,,,26/09/2016
010.033-16.99743206,,,26/09/2016
010.033-16.99743207,,,26/09/2016
010.033-16.99743208,,,26/09/2016
010.033-16.99743209,,,26/09/2016
010.033-16.99743210,,,26/09/2016
010.033-16.99743211,,,26/09/2016
010.033-16.99743212,,,26/09/2016
010.033-16.99743213,,,26/09/2016
010.033-16.99743214,,,26/09/2016
010.033-16.99743215,,,26/09/2016
010.033-16.99743216,,,26/09/2016
010.033-16.99743217,,,26/09/2016
010.033-16.99743218,,,26/09/2016
010.033-16.99743219,,,26/09/2016
010.033-16.99743220,,,26/09/2016
010.033-16.99743221,,,26/09/2016
010.033-16.99743222,,,26/09/2016
010.033-16.99743223,,,26/09/2016
010.033-16.99743224,,,26/09/2016
010.033-16.99743225,,,26/09/2016
010.033-16.99743226,,,26/09/2016
010.033-16.99743227,,,26/09/2016
010.033-16.99743228,,,26/09/2016
010.033-16.99743229,,,26/09/2016
010.033-16.99743230,,,26/09/2016
010.033-16.99743231,,,26/09/2016
010.033-16.99743232,,,26/09/2016
010.033-16.99743233,,,26/09/2016
010.033-16.99743234,,,26/09/2016
010.033-16.99743235,,,26/09/2016
010.033-16.99743236,,,26/09/2016
010.033-16.99743237,,,26/09/2016
010.033-16.99743238,,,26/09/2016
010.033-16.99743239,,,26/09/2016
010.033-16.99743240,,,26/09/2016
010.033-16.99743241,,,26/09/2016
010.033-16.99743242,,,26/09/2016
010.033-16.99743243,,,26/09/2016
010.033-16.99743244,,,26/09/2016
010.033-16.99743245,,,26/09/2016
010.033-16.99743246,,,26/09/2016
010.033-16.99744160,,,26/09/2016
010.033-16.99744161,,,26/09/2016
010.033-16.99744162,,,26/09/2016
010.033-16.99744163,,,26/09/2016
010.033-16.99744164,,,26/09/2016
010.033-16.99744165,,,26/09/2016
010.033-16.99744166,,,26/09/2016
010.033-16.99744167,,,26/09/2016
010.033-16.99744168,,,26/09/2016
010.033-16.99744169,,,26/09/2016
010.033-16.99744170,,,26/09/2016
010.033-16.99744171,,,26/09/2016
010.033-16.99744172,,,26/09/2016
010.033-16.99744173,,,26/09/2016
010.033-16.99744174,,,26/09/2016
010.033-16.99744175,,,26/09/2016
010.033-16.99744176,,,26/09/2016
010.033-16.99744177,,,26/09/2016
010.033-16.99744178,,,26/09/2016
010.033-16.99744179,,,26/09/2016
010.033-16.99744180,,,26/09/2016
010.033-16.99744181,,,26/09/2016
010.033-16.99744182,,,26/09/2016
010.033-16.99744183,,,26/09/2016
010.033-16.99744184,,,26/09/2016
010.033-16.99744185,,,26/09/2016
010.033-16.99744186,,,26/09/2016
010.033-16.99744187,,,26/09/2016
010.033-16.99744188,,,26/09/2016
010.033-16.99744189,,,26/09/2016
010.033-16.99744190,,,26/09/2016
010.033-16.99744191,,,26/09/2016
010.033-16.99744192,,,26/09/2016
010.033-16.99744193,,,26/09/2016
010.033-16.99744194,,,26/09/2016
010.033-16.99744195,,,26/09/2016
010.033-16.99744196,,,26/09/2016
010.033-16.99744197,,,26/09/2016
010.033-16.99744198,,,26/09/2016
010.033-16.99744199,,,26/09/2016
010.033-16.99744200,,,26/09/2016
010.033-16.99744201,,,26/09/2016
010.033-16.99744202,,,26/09/2016
010.033-16.99744203,,,26/09/2016
010.033-16.99744204,,,26/09/2016
010.033-16.99744205,,,26/09/2016
010.033-16.99744206,,,26/09/2016
010.033-16.99744207,,,26/09/2016
010.033-16.99744208,,,26/09/2016
010.033-16.99744209,,,26/09/2016
010.033-16.99744210,,,26/09/2016
010.033-16.99744211,,,26/09/2016
010.033-16.99744212,,,26/09/2016
010.033-16.99744213,,,26/09/2016
010.033-16.99744214,,,26/09/2016
010.033-16.99744215,,,26/09/2016
010.033-16.99744216,,,26/09/2016
010.033-16.99744217,,,26/09/2016
010.033-16.99744218,,,26/09/2016
010.033-16.99744219,,,26/09/2016
010.033-16.99744220,,,26/09/2016
010.033-16.99744221,,,26/09/2016
010.033-16.99744222,,,26/09/2016
010.033-16.99744223,,,26/09/2016
010.033-16.99744224,,,26/09/2016
010.033-16.99744225,,,26/09/2016
010.033-16.99744226,,,26/09/2016
010.033-16.99744227,,,26/09/2016
010.033-16.99744228,,,26/09/2016
010.033-16.99744229,,,26/09/2016
010.033-16.99744230,,,26/09/2016
010.033-16.99744231,,,26/09/2016
010.033-16.99744232,,,26/09/2016
010.033-16.99744233,,,26/09/2016
010.033-16.99744234,,,26/09/2016
010.033-16.99744235,,,26/09/2016
010.033-16.99744236,,,26/09/2016
010.033-16.99744237,,,26/09/2016
010.033-16.99744238,,,26/09/2016
010.033-16.99744239,,,26/09/2016
010.033-16.99744240,,,26/09/2016
010.033-16.99744241,,,26/09/2016
010.033-16.99744242,,,26/09/2016
010.033-16.99744243,,,26/09/2016
010.033-16.99744244,,,26/09/2016
010.033-16.99744245,,,26/09/2016
010.033-16.99744246,,,26/09/2016
010.033-16.99744247,,,26/09/2016
010.033-16.99743247,,,26/09/2016
010.033-16.99743248,,,26/09/2016
010.033-16.99743249,,,26/09/2016
010.033-16.99743250,,,26/09/2016
010.033-16.99743251,,,26/09/2016
010.033-16.99743252,,,26/09/2016
010.033-16.99743253,,,26/09/2016
010.033-16.99743254,,,26/09/2016
010.033-16.99743255,,,26/09/2016
010.033-16.99743256,,,26/09/2016
010.033-16.99743257,,,26/09/2016
010.033-16.99743258,,,26/09/2016
010.033-16.99743259,,,26/09/2016
010.033-16.99743260,,,26/09/2016
010.033-16.99743261,,,26/09/2016
010.033-16.99743262,,,26/09/2016
010.033-16.99743263,,,26/09/2016
010.033-16.99743264,,,26/09/2016
010.033-16.99743265,,,26/09/2016
010.033-16.99743266,,,26/09/2016
010.033-16.99743267,,,26/09/2016
010.033-16.99743268,,,26/09/2016
010.033-16.99743269,,,26/09/2016
010.033-16.99743270,,,26/09/2016
010.033-16.99743271,,,26/09/2016
010.033-16.99743272,,,26/09/2016
010.033-16.99743273,,,26/09/2016
010.033-16.99743274,,,26/09/2016
010.033-16.99743275,,,26/09/2016
010.033-16.99743276,,,26/09/2016
010.033-16.99743277,,,26/09/2016
010.033-16.99743278,,,26/09/2016
010.033-16.99743279,,,26/09/2016
010.033-16.99743280,,,26/09/2016
010.033-16.99743281,,,26/09/2016
010.033-16.99743282,,,26/09/2016
010.033-16.99743283,,,26/09/2016
010.033-16.99743284,,,26/09/2016
010.033-16.99743285,,,26/09/2016
010.033-16.99743286,,,26/09/2016
010.033-16.99743287,,,26/09/2016
010.033-16.99743288,,,26/09/2016
010.033-16.99743289,,,26/09/2016
010.033-16.99743290,,,26/09/2016
010.033-16.99743291,,,26/09/2016
010.033-16.99743292,,,26/09/2016
010.033-16.99743293,,,26/09/2016
010.033-16.99743294,,,26/09/2016
010.033-16.99743295,,,26/09/2016
010.033-16.99743296,,,26/09/2016
010.033-16.99743297,,,26/09/2016
010.033-16.99743298,,,26/09/2016
010.033-16.99743299,,,26/09/2016
010.033-16.99743300,,,26/09/2016
010.033-16.99743301,,,26/09/2016
010.033-16.99743302,,,26/09/2016
010.033-16.99743303,,,26/09/2016
010.033-16.99743304,,,26/09/2016
010.033-16.99743305,,,26/09/2016
010.033-16.99743306,,,26/09/2016
010.033-16.99743307,,,26/09/2016
010.033-16.99743308,,,26/09/2016
010.033-16.99743309,,,26/09/2016
010.033-16.99743310,,,26/09/2016
010.033-16.99743311,,,26/09/2016
010.033-16.99743312,,,26/09/2016
010.033-16.99743313,,,26/09/2016
010.033-16.99743314,,,26/09/2016
010.033-16.99743315,,,26/09/2016
010.033-16.99743316,,,26/09/2016
010.033-16.99743317,,,26/09/2016
010.033-16.99743318,,,26/09/2016
010.033-16.99743319,,,26/09/2016
010.033-16.99743320,,,26/09/2016
010.033-16.99743321,,,26/09/2016
010.033-16.99743322,,,26/09/2016
010.033-16.99743323,,,26/09/2016
010.033-16.99743324,,,26/09/2016
010.033-16.99743325,,,26/09/2016
010.033-16.99743326,,,26/09/2016
010.033-16.99743327,,,26/09/2016
010.033-16.99743328,,,26/09/2016
010.033-16.99743329,,,26/09/2016
010.033-16.99743330,,,26/09/2016
010.033-16.99743331,,,26/09/2016
010.033-16.99743332,,,26/09/2016
010.033-16.99743333,,,26/09/2016
010.033-16.99743334,,,26/09/2016
010.033-16.99744248,,,26/09/2016
010.033-16.99744249,,,26/09/2016
010.033-16.99744250,,,26/09/2016
010.033-16.99744251,,,26/09/2016
010.033-16.99744252,,,26/09/2016
010.033-16.99744253,,,26/09/2016
010.033-16.99744254,,,26/09/2016
010.033-16.99744255,,,26/09/2016
010.033-16.99744256,,,26/09/2016
010.033-16.99744257,,,26/09/2016
010.033-16.99744258,,,26/09/2016
010.033-16.99744259,,,26/09/2016
010.033-16.99744260,,,26/09/2016
010.033-16.99744261,,,26/09/2016
010.033-16.99744262,,,26/09/2016
010.033-16.99744263,,,26/09/2016
010.033-16.99744264,,,26/09/2016
010.033-16.99744265,,,26/09/2016
010.033-16.99744266,,,26/09/2016
010.033-16.99744267,,,26/09/2016
010.033-16.99744268,,,26/09/2016
010.033-16.99744269,,,26/09/2016
010.033-16.99744270,,,26/09/2016
010.033-16.99744271,,,26/09/2016
010.033-16.99744272,,,26/09/2016
010.033-16.99744273,,,26/09/2016
010.033-16.99744274,,,26/09/2016
010.033-16.99744275,,,26/09/2016
010.033-16.99744276,,,26/09/2016
010.033-16.99744277,,,26/09/2016
010.033-16.99744278,,,26/09/2016
010.033-16.99744279,,,26/09/2016
010.033-16.99744280,,,26/09/2016
010.033-16.99744281,,,26/09/2016
010.033-16.99744282,,,26/09/2016
010.033-16.99744283,,,26/09/2016
010.033-16.99744284,,,26/09/2016
010.033-16.99744285,,,26/09/2016
010.033-16.99744286,,,26/09/2016
010.033-16.99744287,,,26/09/2016
010.033-16.99744288,,,26/09/2016
010.033-16.99744289,,,26/09/2016
010.033-16.99744290,,,26/09/2016
010.033-16.99744291,,,26/09/2016
010.033-16.99744292,,,26/09/2016
010.033-16.99744293,,,26/09/2016
010.033-16.99744294,,,26/09/2016
010.033-16.99744295,,,26/09/2016
010.033-16.99744296,,,26/09/2016
010.033-16.99744297,,,26/09/2016
010.033-16.99744298,,,26/09/2016
010.033-16.99744299,,,26/09/2016
010.033-16.99744300,,,26/09/2016
010.033-16.99744301,,,26/09/2016
010.033-16.99744302,,,26/09/2016
010.033-16.99744303,,,26/09/2016
010.033-16.99744304,,,26/09/2016
010.033-16.99744305,,,26/09/2016
010.033-16.99744306,,,26/09/2016
010.033-16.99744307,,,26/09/2016
010.033-16.99744308,,,26/09/2016
010.033-16.99744309,,,26/09/2016
010.033-16.99744310,,,26/09/2016
010.033-16.99744311,,,26/09/2016
010.033-16.99744312,,,26/09/2016
010.033-16.99744313,,,26/09/2016
010.033-16.99744314,,,26/09/2016
010.033-16.99744315,,,26/09/2016
010.033-16.99744316,,,26/09/2016
010.033-16.99744317,,,26/09/2016
010.033-16.99744318,,,26/09/2016
010.033-16.99744319,,,26/09/2016
010.033-16.99744320,,,26/09/2016
010.033-16.99744321,,,26/09/2016
010.033-16.99744322,,,26/09/2016
010.033-16.99744323,,,26/09/2016
010.033-16.99744324,,,26/09/2016
010.033-16.99744325,,,26/09/2016
010.033-16.99744326,,,26/09/2016
010.033-16.99744327,,,26/09/2016
010.033-16.99744328,,,26/09/2016
010.033-16.99744329,,,26/09/2016
010.033-16.99744330,,,26/09/2016
010.033-16.99744331,,,26/09/2016
010.033-16.99744332,,,26/09/2016
010.033-16.99744333,,,26/09/2016
010.033-16.99744334,,,26/09/2016
010.033-16.99744335,,,26/09/2016
010.033-16.99745920,,,26/09/2016
010.033-16.99745921,,,26/09/2016
010.033-16.99745922,,,26/09/2016
010.033-16.99745923,,,26/09/2016
010.033-16.99745924,,,26/09/2016
010.033-16.99745925,,,26/09/2016
010.033-16.99745926,,,26/09/2016
010.033-16.99745927,,,26/09/2016
010.033-16.99745928,,,26/09/2016
010.033-16.99745929,,,26/09/2016
010.033-16.99745930,,,26/09/2016
010.033-16.99745931,,,26/09/2016
010.033-16.99745932,,,26/09/2016
010.033-16.99745933,,,26/09/2016
010.033-16.99745934,,,26/09/2016
010.033-16.99745935,,,26/09/2016
010.033-16.99745936,,,26/09/2016
010.033-16.99745937,,,26/09/2016
010.033-16.99745938,,,26/09/2016
010.033-16.99745939,,,26/09/2016
010.033-16.99745940,,,26/09/2016
010.033-16.99745941,,,26/09/2016
010.033-16.99745942,,,26/09/2016
010.033-16.99745943,,,26/09/2016
010.033-16.99745944,,,26/09/2016
010.033-16.99745945,,,26/09/2016
010.033-16.99745946,,,26/09/2016
010.033-16.99745947,,,26/09/2016
010.033-16.99745948,,,26/09/2016
010.033-16.99745949,,,26/09/2016
010.033-16.99745950,,,26/09/2016
010.033-16.99745951,,,26/09/2016
010.033-16.99745952,,,26/09/2016
010.033-16.99745953,,,26/09/2016
010.033-16.99745954,,,26/09/2016
010.033-16.99745955,,,26/09/2016
010.033-16.99745956,,,26/09/2016
010.033-16.99745957,,,26/09/2016
010.033-16.99745958,,,26/09/2016
010.033-16.99745959,,,26/09/2016
010.033-16.99745960,,,26/09/2016
010.033-16.99745961,,,26/09/2016
010.033-16.99745962,,,26/09/2016
010.033-16.99745963,,,26/09/2016
010.033-16.99745964,,,26/09/2016
010.033-16.99745965,,,26/09/2016
010.033-16.99745966,,,26/09/2016
010.033-16.99745967,,,26/09/2016
010.033-16.99745968,,,26/09/2016
010.033-16.99745969,,,26/09/2016
010.033-16.99745970,,,26/09/2016
010.033-16.99745971,,,26/09/2016
010.033-16.99745972,,,26/09/2016
010.033-16.99745973,,,26/09/2016
010.033-16.99745974,,,26/09/2016
010.033-16.99745975,,,26/09/2016
010.033-16.99745976,,,26/09/2016
010.033-16.99745977,,,26/09/2016
010.033-16.99745978,,,26/09/2016
010.033-16.99745979,,,26/09/2016
010.033-16.99745980,,,26/09/2016
010.033-16.99745981,,,26/09/2016
010.033-16.99745982,,,26/09/2016
010.033-16.99745983,,,26/09/2016
010.033-16.99745984,,,26/09/2016
010.033-16.99745985,,,26/09/2016
010.033-16.99745986,,,26/09/2016
010.033-16.99745987,,,26/09/2016
010.033-16.99745988,,,26/09/2016
010.033-16.99745989,,,26/09/2016
010.033-16.99745990,,,26/09/2016
010.033-16.99745991,,,26/09/2016
010.033-16.99745992,,,26/09/2016
010.033-16.99745993,,,26/09/2016
010.033-16.99745994,,,26/09/2016
010.033-16.99745995,,,26/09/2016
010.033-16.99745996,,,26/09/2016
010.033-16.99745997,,,26/09/2016
010.033-16.99745998,,,26/09/2016
010.033-16.99745999,,,26/09/2016
010.033-16.99746000,,,26/09/2016
010.033-16.99746001,,,26/09/2016
010.033-16.99746002,,,26/09/2016
010.033-16.99746003,,,26/09/2016
010.033-16.99746004,,,26/09/2016
010.033-16.99746005,,,26/09/2016
010.033-16.99746006,,,26/09/2016
010.033-16.99746007,,,26/09/2016
010.033-16.99744336,,,26/09/2016
010.033-16.99744337,,,26/09/2016
010.033-16.99744338,,,26/09/2016
010.033-16.99744339,,,26/09/2016
010.033-16.99744340,,,26/09/2016
010.033-16.99744341,,,26/09/2016
010.033-16.99744342,,,26/09/2016
010.033-16.99744343,,,26/09/2016
010.033-16.99744344,,,26/09/2016
010.033-16.99744345,,,26/09/2016
010.033-16.99744346,,,26/09/2016
010.033-16.99744347,,,26/09/2016
010.033-16.99744348,,,26/09/2016
010.033-16.99744349,,,26/09/2016
010.033-16.99744350,,,26/09/2016
010.033-16.99744351,,,26/09/2016
010.033-16.99744352,,,26/09/2016
010.033-16.99744353,,,26/09/2016
010.033-16.99744354,,,26/09/2016
010.033-16.99744355,,,26/09/2016
010.033-16.99744356,,,26/09/2016
010.033-16.99744357,,,26/09/2016
010.033-16.99744358,,,26/09/2016
010.033-16.99744359,,,26/09/2016
010.033-16.99744360,,,26/09/2016
010.033-16.99744361,,,26/09/2016
010.033-16.99744362,,,26/09/2016
010.033-16.99744363,,,26/09/2016
010.033-16.99744364,,,26/09/2016
010.033-16.99744365,,,26/09/2016
010.033-16.99744366,,,26/09/2016
010.033-16.99744367,,,26/09/2016
010.033-16.99744368,,,26/09/2016
010.033-16.99744369,,,26/09/2016
010.033-16.99744370,,,26/09/2016
010.033-16.99744371,,,26/09/2016
010.033-16.99744372,,,26/09/2016
010.033-16.99744373,,,26/09/2016
010.033-16.99744374,,,26/09/2016
010.033-16.99744375,,,26/09/2016
010.033-16.99744376,,,26/09/2016
010.033-16.99744377,,,26/09/2016
010.033-16.99744378,,,26/09/2016
010.033-16.99744379,,,26/09/2016
010.033-16.99744380,,,26/09/2016
010.033-16.99744381,,,26/09/2016
010.033-16.99744382,,,26/09/2016
010.033-16.99744383,,,26/09/2016
010.033-16.99744384,,,26/09/2016
010.033-16.99744385,,,26/09/2016
010.033-16.99744386,,,26/09/2016
010.033-16.99744387,,,26/09/2016
010.033-16.99744388,,,26/09/2016
010.033-16.99744389,,,26/09/2016
010.033-16.99744390,,,26/09/2016
010.033-16.99744391,,,26/09/2016
010.033-16.99744392,,,26/09/2016
010.033-16.99744393,,,26/09/2016
010.033-16.99744394,,,26/09/2016
010.033-16.99744395,,,26/09/2016
010.033-16.99744396,,,26/09/2016
010.033-16.99744397,,,26/09/2016
010.033-16.99744398,,,26/09/2016
010.033-16.99744399,,,26/09/2016
010.033-16.99744400,,,26/09/2016
010.033-16.99744401,,,26/09/2016
010.033-16.99744402,,,26/09/2016
010.033-16.99744403,,,26/09/2016
010.033-16.99744404,,,26/09/2016
010.033-16.99744405,,,26/09/2016
010.033-16.99744406,,,26/09/2016
010.033-16.99744407,,,26/09/2016
010.033-16.99744408,,,26/09/2016
010.033-16.99744409,,,26/09/2016
010.033-16.99744410,,,26/09/2016
010.033-16.99744411,,,26/09/2016
010.033-16.99744412,,,26/09/2016
010.033-16.99744413,,,26/09/2016
010.033-16.99744414,,,26/09/2016
010.033-16.99744415,,,26/09/2016
010.033-16.99744416,,,26/09/2016
010.033-16.99744417,,,26/09/2016
010.033-16.99744418,,,26/09/2016
010.033-16.99744419,,,26/09/2016
010.033-16.99744420,,,26/09/2016
010.033-16.99744421,,,26/09/2016
010.033-16.99744422,,,26/09/2016
010.033-16.99744423,,,26/09/2016
010.033-16.99746008,,,26/09/2016
010.033-16.99746009,,,26/09/2016
010.033-16.99746010,,,26/09/2016
010.033-16.99746011,,,26/09/2016
010.033-16.99746012,,,26/09/2016
010.033-16.99746013,,,26/09/2016
010.033-16.99746014,,,26/09/2016
010.033-16.99746015,,,26/09/2016
010.033-16.99746016,,,26/09/2016
010.033-16.99746017,,,26/09/2016
010.033-16.99746018,,,26/09/2016
010.033-16.99746019,,,26/09/2016
010.033-16.99746020,,,26/09/2016
010.033-16.99746021,,,26/09/2016
010.033-16.99746022,,,26/09/2016
010.033-16.99746023,,,26/09/2016
010.033-16.99746024,,,26/09/2016
010.033-16.99746025,,,26/09/2016
010.033-16.99746026,,,26/09/2016
010.033-16.99746027,,,26/09/2016
010.033-16.99746028,,,26/09/2016
010.033-16.99746029,,,26/09/2016
010.033-16.99746030,,,26/09/2016
010.033-16.99746031,,,26/09/2016
010.033-16.99746032,,,26/09/2016
010.033-16.99746033,,,26/09/2016
010.033-16.99746034,,,26/09/2016
010.033-16.99746035,,,26/09/2016
010.033-16.99746036,,,26/09/2016
010.033-16.99746037,,,26/09/2016
010.033-16.99746038,,,26/09/2016
010.033-16.99746039,,,26/09/2016
010.033-16.99746040,,,26/09/2016
010.033-16.99746041,,,26/09/2016
010.033-16.99746042,,,26/09/2016
010.033-16.99746043,,,26/09/2016
010.033-16.99746044,,,26/09/2016
010.033-16.99746045,,,26/09/2016
010.033-16.99746046,,,26/09/2016
010.033-16.99746047,,,26/09/2016
010.033-16.99746048,,,26/09/2016
010.033-16.99746049,,,26/09/2016
010.033-16.99746050,,,26/09/2016
010.033-16.99746051,,,26/09/2016
010.033-16.99746052,,,26/09/2016
010.033-16.99746053,,,26/09/2016
010.033-16.99746054,,,26/09/2016
010.033-16.99746055,,,26/09/2016
010.033-16.99746056,,,26/09/2016
010.033-16.99746057,,,26/09/2016
010.033-16.99746058,,,26/09/2016
010.033-16.99746059,,,26/09/2016
010.033-16.99746060,,,26/09/2016
010.033-16.99746061,,,26/09/2016
010.033-16.99746062,,,26/09/2016
010.033-16.99746063,,,26/09/2016
010.033-16.99746064,,,26/09/2016
010.033-16.99746065,,,26/09/2016
010.033-16.99746066,,,26/09/2016
010.033-16.99746067,,,26/09/2016
010.033-16.99746068,,,26/09/2016
010.033-16.99746069,,,26/09/2016
010.033-16.99746070,,,26/09/2016
010.033-16.99746071,,,26/09/2016
010.033-16.99746072,,,26/09/2016
010.033-16.99746073,,,26/09/2016
010.033-16.99746074,,,26/09/2016
010.033-16.99746075,,,26/09/2016
010.033-16.99746076,,,26/09/2016
010.033-16.99746077,,,26/09/2016
010.033-16.99746078,,,26/09/2016
010.033-16.99746079,,,26/09/2016
010.033-16.99746080,,,26/09/2016
010.033-16.99746081,,,26/09/2016
010.033-16.99746082,,,26/09/2016
010.033-16.99746083,,,26/09/2016
010.033-16.99746084,,,26/09/2016
010.033-16.99746085,,,26/09/2016
010.033-16.99746086,,,26/09/2016
010.033-16.99746087,,,26/09/2016
010.033-16.99746088,,,26/09/2016
010.033-16.99746089,,,26/09/2016
010.033-16.99746090,,,26/09/2016
010.033-16.99746091,,,26/09/2016
010.033-16.99746092,,,26/09/2016
010.033-16.99746093,,,26/09/2016
010.033-16.99746094,,,26/09/2016
010.033-16.99746095,,,26/09/2016
010.033-16.99747625,,,26/09/2016
010.033-16.99747626,,,26/09/2016
010.033-16.99747627,,,26/09/2016
010.033-16.99747628,,,26/09/2016
010.033-16.99747629,,,26/09/2016
010.033-16.99747630,,,26/09/2016
010.033-16.99747631,,,26/09/2016
010.033-16.99747632,,,26/09/2016
010.033-16.99747633,,,26/09/2016
010.033-16.99747634,,,26/09/2016
010.033-16.99747635,,,26/09/2016
010.033-16.99747636,,,26/09/2016
010.033-16.99747637,,,26/09/2016
010.033-16.99747638,,,26/09/2016
010.033-16.99747639,,,26/09/2016
010.033-16.99747640,,,26/09/2016
010.033-16.99747641,,,26/09/2016
010.033-16.99747642,,,26/09/2016
010.033-16.99747643,,,26/09/2016
010.033-16.99747644,,,26/09/2016
010.033-16.99747645,,,26/09/2016
010.033-16.99747646,,,26/09/2016
010.033-16.99747647,,,26/09/2016
010.033-16.99747648,,,26/09/2016
010.033-16.99747649,,,26/09/2016
010.033-16.99747650,,,26/09/2016
010.033-16.99747651,,,26/09/2016
010.033-16.99747652,,,26/09/2016
010.033-16.99747653,,,26/09/2016
010.033-16.99747654,,,26/09/2016
010.033-16.99747655,,,26/09/2016
010.033-16.99747656,,,26/09/2016
010.033-16.99747657,,,26/09/2016
010.033-16.99747658,,,26/09/2016
010.033-16.99747659,,,26/09/2016
010.033-16.99747660,,,26/09/2016
010.033-16.99747661,,,26/09/2016
010.033-16.99747662,,,26/09/2016
010.033-16.99747663,,,26/09/2016
010.033-16.99747664,,,26/09/2016
010.033-16.99747665,,,26/09/2016
010.033-16.99747666,,,26/09/2016
010.033-16.99747667,,,26/09/2016
010.033-16.99747668,,,26/09/2016
010.033-16.99747669,,,26/09/2016
010.033-16.99747670,,,26/09/2016
010.033-16.99747671,,,26/09/2016
010.033-16.99747672,,,26/09/2016
010.033-16.99747673,,,26/09/2016
010.033-16.99747674,,,26/09/2016
010.033-16.99747675,,,26/09/2016
010.033-16.99747676,,,26/09/2016
010.033-16.99747677,,,26/09/2016
010.033-16.99747678,,,26/09/2016
010.033-16.99747679,,,26/09/2016
010.033-16.99747680,,,26/09/2016
010.033-16.99747681,,,26/09/2016
010.033-16.99747682,,,26/09/2016
010.033-16.99747683,,,26/09/2016
010.033-16.99747684,,,26/09/2016
010.033-16.99747685,,,26/09/2016
010.033-16.99747686,,,26/09/2016
010.033-16.99747687,,,26/09/2016
010.033-16.99747688,,,26/09/2016
010.033-16.99747689,,,26/09/2016
010.033-16.99747690,,,26/09/2016
010.033-16.99747691,,,26/09/2016
010.033-16.99747692,,,26/09/2016
010.033-16.99747693,,,26/09/2016
010.033-16.99747694,,,26/09/2016
010.033-16.99747695,,,26/09/2016
010.033-16.99747696,,,26/09/2016
010.033-16.99747697,,,26/09/2016
010.033-16.99747698,,,26/09/2016
010.033-16.99747699,,,26/09/2016
010.033-16.99747700,,,26/09/2016
010.033-16.99747701,,,26/09/2016
010.033-16.99747702,,,26/09/2016
010.033-16.99747703,,,26/09/2016
010.033-16.99747704,,,26/09/2016
010.033-16.99747705,,,26/09/2016
010.033-16.99747706,,,26/09/2016
010.033-16.99747707,,,26/09/2016
010.033-16.99747708,,,26/09/2016
010.033-16.99747709,,,26/09/2016
010.033-16.99747710,,,26/09/2016
010.033-16.99747711,,,26/09/2016
010.033-16.99747712,,,26/09/2016
010.033-16.99746096,,,26/09/2016
010.033-16.99746097,,,26/09/2016
010.033-16.99746098,,,26/09/2016
010.033-16.99746099,,,26/09/2016
010.033-16.99746100,,,26/09/2016
010.033-16.99746101,,,26/09/2016
010.033-16.99746102,,,26/09/2016
010.033-16.99746103,,,26/09/2016
010.033-16.99746104,,,26/09/2016
010.033-16.99746105,,,26/09/2016
010.033-16.99746106,,,26/09/2016
010.033-16.99746107,,,26/09/2016
010.033-16.99746108,,,26/09/2016
010.033-16.99746109,,,26/09/2016
010.033-16.99746110,,,26/09/2016
010.033-16.99746111,,,26/09/2016
010.033-16.99746112,,,26/09/2016
010.033-16.99746113,,,26/09/2016
010.033-16.99746114,,,26/09/2016
010.033-16.99746115,,,26/09/2016
010.033-16.99746116,,,26/09/2016
010.033-16.99746117,,,26/09/2016
010.033-16.99746118,,,26/09/2016
010.033-16.99746119,,,26/09/2016
010.033-16.99746120,,,26/09/2016
010.033-16.99746121,,,26/09/2016
010.033-16.99746122,,,26/09/2016
010.033-16.99746123,,,26/09/2016
010.033-16.99746124,,,26/09/2016
010.033-16.99746125,,,26/09/2016
010.033-16.99746126,,,26/09/2016
010.033-16.99746127,,,26/09/2016
010.033-16.99746128,,,26/09/2016
010.033-16.99746129,,,26/09/2016
010.033-16.99746130,,,26/09/2016
010.033-16.99746131,,,26/09/2016
010.033-16.99746132,,,26/09/2016
010.033-16.99746133,,,26/09/2016
010.033-16.99746134,,,26/09/2016
010.033-16.99746135,,,26/09/2016
010.033-16.99746136,,,26/09/2016
010.033-16.99746137,,,26/09/2016
010.033-16.99746138,,,26/09/2016
010.033-16.99746139,,,26/09/2016
010.033-16.99746140,,,26/09/2016
010.033-16.99746141,,,26/09/2016
010.033-16.99746142,,,26/09/2016
010.033-16.99746143,,,26/09/2016
010.033-16.99746144,,,26/09/2016
010.033-16.99746145,,,26/09/2016
010.033-16.99746146,,,26/09/2016
010.033-16.99746147,,,26/09/2016
010.033-16.99746148,,,26/09/2016
010.033-16.99746149,,,26/09/2016
010.033-16.99746150,,,26/09/2016
010.033-16.99746151,,,26/09/2016
010.033-16.99746152,,,26/09/2016
010.033-16.99746153,,,26/09/2016
010.033-16.99746154,,,26/09/2016
010.033-16.99746155,,,26/09/2016
010.033-16.99746156,,,26/09/2016
010.033-16.99746157,,,26/09/2016
010.033-16.99746158,,,26/09/2016
010.033-16.99746159,,,26/09/2016
010.033-16.99746160,,,26/09/2016
010.033-16.99746161,,,26/09/2016
010.033-16.99746162,,,26/09/2016
010.033-16.99746163,,,26/09/2016
010.033-16.99746164,,,26/09/2016
010.033-16.99746165,,,26/09/2016
010.033-16.99746166,,,26/09/2016
010.033-16.99746167,,,26/09/2016
010.033-16.99746168,,,26/09/2016
010.033-16.99746169,,,26/09/2016
010.033-16.99746170,,,26/09/2016
010.033-16.99746171,,,26/09/2016
010.033-16.99746172,,,26/09/2016
010.033-16.99746173,,,26/09/2016
010.033-16.99746174,,,26/09/2016
010.033-16.99746175,,,26/09/2016
010.033-16.99746176,,,26/09/2016
010.033-16.99746177,,,26/09/2016
010.033-16.99746178,,,26/09/2016
010.033-16.99746179,,,26/09/2016
010.033-16.99746180,,,26/09/2016
010.033-16.99746181,,,26/09/2016
010.033-16.99746182,,,26/09/2016
010.033-16.99746183,,,26/09/2016
010.033-16.99743335,,,26/09/2016
010.033-16.99743336,,,26/09/2016
010.033-16.99743337,,,26/09/2016
010.033-16.99743338,,,26/09/2016
010.033-16.99743339,,,26/09/2016
010.033-16.99743340,,,26/09/2016
010.033-16.99743341,,,26/09/2016
010.033-16.99743342,,,26/09/2016
010.033-16.99743343,,,26/09/2016
010.033-16.99743344,,,26/09/2016
010.033-16.99743345,,,26/09/2016
010.033-16.99743346,,,26/09/2016
010.033-16.99743347,,,26/09/2016
010.033-16.99743348,,,26/09/2016
010.033-16.99743349,,,26/09/2016
010.033-16.99743350,,,26/09/2016
010.033-16.99743351,,,26/09/2016
010.033-16.99743352,,,26/09/2016
010.033-16.99743353,,,26/09/2016
010.033-16.99743354,,,26/09/2016
010.033-16.99743355,,,26/09/2016
010.033-16.99743356,,,26/09/2016
010.033-16.99743357,,,26/09/2016
010.033-16.99743358,,,26/09/2016
010.033-16.99743359,,,26/09/2016
010.033-16.99743360,,,26/09/2016
010.033-16.99743361,,,26/09/2016
010.033-16.99743362,,,26/09/2016
010.033-16.99743363,,,26/09/2016
010.033-16.99743364,,,26/09/2016
010.033-16.99743365,,,26/09/2016
010.033-16.99743366,,,26/09/2016
010.033-16.99743367,,,26/09/2016
010.033-16.99743368,,,26/09/2016
010.033-16.99743369,,,26/09/2016
010.033-16.99743370,,,26/09/2016
010.033-16.99743371,,,26/09/2016
010.033-16.99743372,,,26/09/2016
010.033-16.99743373,,,26/09/2016
010.033-16.99743374,,,26/09/2016
010.033-16.99743375,,,26/09/2016
010.033-16.99743376,,,26/09/2016
010.033-16.99743377,,,26/09/2016
010.033-16.99743378,,,26/09/2016
010.033-16.99743379,,,26/09/2016
010.033-16.99743380,,,26/09/2016
010.033-16.99743381,,,26/09/2016
010.033-16.99743382,,,26/09/2016
010.033-16.99743383,,,26/09/2016
010.033-16.99743384,,,26/09/2016
010.033-16.99743385,,,26/09/2016
010.033-16.99743386,,,26/09/2016
010.033-16.99743387,,,26/09/2016
010.033-16.99743388,,,26/09/2016
010.033-16.99743389,,,26/09/2016
010.033-16.99743390,,,26/09/2016
010.033-16.99743391,,,26/09/2016
010.033-16.99743392,,,26/09/2016
010.033-16.99743393,,,26/09/2016
010.033-16.99743394,,,26/09/2016
010.033-16.99743395,,,26/09/2016
010.033-16.99743396,,,26/09/2016
010.033-16.99743397,,,26/09/2016
010.033-16.99743398,,,26/09/2016
010.033-16.99743399,,,26/09/2016
010.033-16.99743400,,,26/09/2016
010.033-16.99743401,,,26/09/2016
010.033-16.99743402,,,26/09/2016
010.033-16.99743403,,,26/09/2016
010.033-16.99743404,,,26/09/2016
010.033-16.99743405,,,26/09/2016
010.033-16.99743406,,,26/09/2016
010.033-16.99743407,,,26/09/2016
010.033-16.99743408,,,26/09/2016
010.033-16.99743409,,,26/09/2016
010.033-16.99743410,,,26/09/2016
010.033-16.99743411,,,26/09/2016
010.033-16.99743412,,,26/09/2016
010.033-16.99743413,,,26/09/2016
010.033-16.99743414,,,26/09/2016
010.033-16.99743415,,,26/09/2016
010.033-16.99743416,,,26/09/2016
010.033-16.99743417,,,26/09/2016
010.033-16.99743418,,,26/09/2016
010.033-16.99743419,,,26/09/2016
010.033-16.99743420,,,26/09/2016
010.033-16.99743421,,,26/09/2016
010.033-16.99743422,,,26/09/2016
010.033-16.99749385,,,26/09/2016
010.033-16.99749386,,,26/09/2016
010.033-16.99749387,,,26/09/2016
010.033-16.99749388,,,26/09/2016
010.033-16.99749389,,,26/09/2016
010.033-16.99749390,,,26/09/2016
010.033-16.99749391,,,26/09/2016
010.033-16.99749392,,,26/09/2016
010.033-16.99749393,,,26/09/2016
010.033-16.99749394,,,26/09/2016
010.033-16.99749395,,,26/09/2016
010.033-16.99749396,,,26/09/2016
010.033-16.99749397,,,26/09/2016
010.033-16.99749398,,,26/09/2016
010.033-16.99749399,,,26/09/2016
010.033-16.99749400,,,26/09/2016
010.033-16.99749401,,,26/09/2016
010.033-16.99749402,,,26/09/2016
010.033-16.99749403,,,26/09/2016
010.033-16.99749404,,,26/09/2016
010.033-16.99749405,,,26/09/2016
010.033-16.99749406,,,26/09/2016
010.033-16.99749407,,,26/09/2016
010.033-16.99749408,,,26/09/2016
010.033-16.99749409,,,26/09/2016
010.033-16.99749410,,,26/09/2016
010.033-16.99749411,,,26/09/2016
010.033-16.99749412,,,26/09/2016
010.033-16.99749413,,,26/09/2016
010.033-16.99749414,,,26/09/2016
010.033-16.99749415,,,26/09/2016
010.033-16.99749416,,,26/09/2016
010.033-16.99749417,,,26/09/2016
010.033-16.99749418,,,26/09/2016
010.033-16.99749419,,,26/09/2016
010.033-16.99749420,,,26/09/2016
010.033-16.99749421,,,26/09/2016
010.033-16.99749422,,,26/09/2016
010.033-16.99749423,,,26/09/2016
010.033-16.99749424,,,26/09/2016
010.033-16.99749425,,,26/09/2016
010.033-16.99749426,,,26/09/2016
010.033-16.99749427,,,26/09/2016
010.033-16.99749428,,,26/09/2016
010.033-16.99749429,,,26/09/2016
010.033-16.99749430,,,26/09/2016
010.033-16.99749431,,,26/09/2016
010.033-16.99749432,,,26/09/2016
010.033-16.99749433,,,26/09/2016
010.033-16.99749434,,,26/09/2016
010.033-16.99749435,,,26/09/2016
010.033-16.99749436,,,26/09/2016
010.033-16.99749437,,,26/09/2016
010.033-16.99749438,,,26/09/2016
010.033-16.99749439,,,26/09/2016
010.033-16.99749440,,,26/09/2016
010.033-16.99749441,,,26/09/2016
010.033-16.99749442,,,26/09/2016
010.033-16.99749443,,,26/09/2016
010.033-16.99749444,,,26/09/2016
010.033-16.99749445,,,26/09/2016
010.033-16.99749446,,,26/09/2016
010.033-16.99749447,,,26/09/2016
010.033-16.99749448,,,26/09/2016
010.033-16.99749449,,,26/09/2016
010.033-16.99749450,,,26/09/2016
010.033-16.99749451,,,26/09/2016
010.033-16.99749452,,,26/09/2016
010.033-16.99749453,,,26/09/2016
010.033-16.99749454,,,26/09/2016
010.033-16.99749455,,,26/09/2016
010.033-16.99749456,,,26/09/2016
010.033-16.99749457,,,26/09/2016
010.033-16.99749458,,,26/09/2016
010.033-16.99749459,,,26/09/2016
010.033-16.99749460,,,26/09/2016
010.033-16.99749461,,,26/09/2016
010.033-16.99749462,,,26/09/2016
010.033-16.99749463,,,26/09/2016
010.033-16.99749464,,,26/09/2016
010.033-16.99749465,,,26/09/2016
010.033-16.99749466,,,26/09/2016
010.033-16.99749467,,,26/09/2016
010.033-16.99749468,,,26/09/2016
010.033-16.99749469,,,26/09/2016
010.033-16.99749470,,,26/09/2016
010.033-16.99749471,,,26/09/2016
010.033-16.99749472,,,26/09/2016
010.033-16.99743423,,,26/09/2016
010.033-16.99743424,,,26/09/2016
010.033-16.99743425,,,26/09/2016
010.033-16.99743426,,,26/09/2016
010.033-16.99743427,,,26/09/2016
010.033-16.99743428,,,26/09/2016
010.033-16.99743429,,,26/09/2016
010.033-16.99743430,,,26/09/2016
010.033-16.99743431,,,26/09/2016
010.033-16.99743432,,,26/09/2016
010.033-16.99743433,,,26/09/2016
010.033-16.99743434,,,26/09/2016
010.033-16.99743435,,,26/09/2016
010.033-16.99743436,,,26/09/2016
010.033-16.99743437,,,26/09/2016
010.033-16.99743438,,,26/09/2016
010.033-16.99743439,,,26/09/2016
010.033-16.99743440,,,26/09/2016
010.033-16.99743441,,,26/09/2016
010.033-16.99743442,,,26/09/2016
010.033-16.99743443,,,26/09/2016
010.033-16.99743444,,,26/09/2016
010.033-16.99743445,,,26/09/2016
010.033-16.99743446,,,26/09/2016
010.033-16.99743447,,,26/09/2016
010.033-16.99743448,,,26/09/2016
010.033-16.99743449,,,26/09/2016
010.033-16.99743450,,,26/09/2016
010.033-16.99743451,,,26/09/2016
010.033-16.99743452,,,26/09/2016
010.033-16.99743453,,,26/09/2016
010.033-16.99743454,,,26/09/2016
010.033-16.99743455,,,26/09/2016
010.033-16.99743456,,,26/09/2016
010.033-16.99743457,,,26/09/2016
010.033-16.99743458,,,26/09/2016
010.033-16.99743459,,,26/09/2016
010.033-16.99743460,,,26/09/2016
010.033-16.99743461,,,26/09/2016
010.033-16.99743462,,,26/09/2016
010.033-16.99743463,,,26/09/2016
010.033-16.99743464,,,26/09/2016
010.033-16.99743465,,,26/09/2016
010.033-16.99743466,,,26/09/2016
010.033-16.99743467,,,26/09/2016
010.033-16.99743468,,,26/09/2016
010.033-16.99743469,,,26/09/2016
010.033-16.99743470,,,26/09/2016
010.033-16.99743471,,,26/09/2016
010.033-16.99743472,,,26/09/2016
010.033-16.99743473,,,26/09/2016
010.033-16.99743474,,,26/09/2016
010.033-16.99743475,,,26/09/2016
010.033-16.99743476,,,26/09/2016
010.033-16.99743477,,,26/09/2016
010.033-16.99743478,,,26/09/2016
010.033-16.99743479,,,26/09/2016
010.033-16.99743480,,,26/09/2016
010.033-16.99743481,,,26/09/2016
010.033-16.99743482,,,26/09/2016
010.033-16.99743483,,,26/09/2016
010.033-16.99743484,,,26/09/2016
010.033-16.99743485,,,26/09/2016
010.033-16.99743486,,,26/09/2016
010.033-16.99743487,,,26/09/2016
010.033-16.99743488,,,26/09/2016
010.033-16.99743489,,,26/09/2016
010.033-16.99743490,,,26/09/2016
010.033-16.99743491,,,26/09/2016
010.033-16.99743492,,,26/09/2016
010.033-16.99743493,,,26/09/2016
010.033-16.99743494,,,26/09/2016
010.033-16.99743495,,,26/09/2016
010.033-16.99743496,,,26/09/2016
010.033-16.99743497,,,26/09/2016
010.033-16.99743498,,,26/09/2016
010.033-16.99743499,,,26/09/2016
010.033-16.99743500,,,26/09/2016
010.033-16.99743501,,,26/09/2016
010.033-16.99743502,,,26/09/2016
010.033-16.99743503,,,26/09/2016
010.033-16.99743504,,,26/09/2016
010.033-16.99743505,,,26/09/2016
010.033-16.99743506,,,26/09/2016
010.033-16.99743507,,,26/09/2016
010.033-16.99743508,,,26/09/2016
010.033-16.99743509,,,26/09/2016
010.033-16.99743510,,,26/09/2016
010.033-16.99743511,,,26/09/2016
010.033-16.99743512,,,26/09/2016
010.033-16.99743513,,,26/09/2016
010.033-16.99743514,,,26/09/2016
010.033-16.99743515,,,26/09/2016
010.033-16.99743516,,,26/09/2016
010.033-16.99743517,,,26/09/2016
010.033-16.99743518,,,26/09/2016
010.033-16.99743519,,,26/09/2016
010.033-16.99743520,,,26/09/2016
010.033-16.99743521,,,26/09/2016
010.033-16.99743522,,,26/09/2016
010.033-16.99743523,,,26/09/2016
010.033-16.99743524,,,26/09/2016
010.033-16.99743525,,,26/09/2016
010.033-16.99743526,,,26/09/2016
010.033-16.99743527,,,26/09/2016
010.033-16.99743528,,,26/09/2016
010.033-16.99743529,,,26/09/2016
010.033-16.99743530,,,26/09/2016
010.033-16.99743531,,,26/09/2016
010.033-16.99743532,,,26/09/2016
010.033-16.99743533,,,26/09/2016
010.033-16.99743534,,,26/09/2016
010.033-16.99743535,,,26/09/2016
010.033-16.99743536,,,26/09/2016
010.033-16.99743537,,,26/09/2016
010.033-16.99743538,,,26/09/2016
010.033-16.99743539,,,26/09/2016
010.033-16.99743540,,,26/09/2016
010.033-16.99743541,,,26/09/2016
010.033-16.99743542,,,26/09/2016
010.033-16.99743543,,,26/09/2016
010.033-16.99743544,,,26/09/2016
010.033-16.99743545,,,26/09/2016
010.033-16.99743546,,,26/09/2016
010.033-16.99743547,,,26/09/2016
010.033-16.99743548,,,26/09/2016
010.033-16.99743549,,,26/09/2016
010.033-16.99743550,,,26/09/2016
010.033-16.99743551,,,26/09/2016
010.033-16.99743552,,,26/09/2016
010.033-16.99743553,,,26/09/2016
010.033-16.99743554,,,26/09/2016
010.033-16.99743555,,,26/09/2016
010.033-16.99743556,,,26/09/2016
010.033-16.99743557,,,26/09/2016
010.033-16.99743558,,,26/09/2016
010.033-16.99743559,,,26/09/2016
010.033-16.99743560,,,26/09/2016
010.033-16.99743561,,,26/09/2016
010.033-16.99743562,,,26/09/2016
010.033-16.99743563,,,26/09/2016
010.033-16.99743564,,,26/09/2016
010.033-16.99743565,,,26/09/2016
010.033-16.99743566,,,26/09/2016
010.033-16.99743567,,,26/09/2016
010.033-16.99743568,,,26/09/2016
010.033-16.99743569,,,26/09/2016
010.033-16.99743570,,,26/09/2016
010.033-16.99743571,,,26/09/2016
010.033-16.99743572,,,26/09/2016
010.033-16.99743573,,,26/09/2016
010.033-16.99743574,,,26/09/2016
010.033-16.99743575,,,26/09/2016
010.033-16.99743576,,,26/09/2016
010.033-16.99743577,,,26/09/2016
010.033-16.99743578,,,26/09/2016
010.033-16.99743579,,,26/09/2016
010.033-16.99743580,,,26/09/2016
010.033-16.99743581,,,26/09/2016
010.033-16.99743582,,,26/09/2016
010.033-16.99743583,,,26/09/2016
010.033-16.99743584,,,26/09/2016
010.033-16.99743585,,,26/09/2016
010.033-16.99743586,,,26/09/2016
010.033-16.99743587,,,26/09/2016
010.033-16.99743588,,,26/09/2016
010.033-16.99743589,,,26/09/2016
010.033-16.99743590,,,26/09/2016
010.033-16.99743591,,,26/09/2016
010.033-16.99743592,,,26/09/2016
010.033-16.99743593,,,26/09/2016
010.033-16.99743594,,,26/09/2016
010.033-16.99743595,,,26/09/2016
010.033-16.99743596,,,26/09/2016
010.033-16.99743597,,,26/09/2016
010.033-16.99743598,,,26/09/2016
010.033-16.99751090,,,26/09/2016
010.033-16.99751091,,,26/09/2016
010.033-16.99751092,,,26/09/2016
010.033-16.99751093,,,26/09/2016
010.033-16.99751094,,,26/09/2016
010.033-16.99751095,,,26/09/2016
010.033-16.99751096,,,26/09/2016
010.033-16.99751097,,,26/09/2016
010.033-16.99751098,,,26/09/2016
010.033-16.99751099,,,26/09/2016
010.033-16.99751100,,,26/09/2016
010.033-16.99751101,,,26/09/2016
010.033-16.99751102,,,26/09/2016
010.033-16.99751103,,,26/09/2016
010.033-16.99751104,,,26/09/2016
010.033-16.99751105,,,26/09/2016
010.033-16.99751106,,,26/09/2016
010.033-16.99751107,,,26/09/2016
010.033-16.99751108,,,26/09/2016
010.033-16.99751109,,,26/09/2016
010.033-16.99751110,,,26/09/2016
010.033-16.99751111,,,26/09/2016
010.033-16.99751112,,,26/09/2016
010.033-16.99751113,,,26/09/2016
010.033-16.99751114,,,26/09/2016
010.033-16.99751115,,,26/09/2016
010.033-16.99751116,,,26/09/2016
010.033-16.99751117,,,26/09/2016
010.033-16.99751118,,,26/09/2016
010.033-16.99751119,,,26/09/2016
010.033-16.99751120,,,26/09/2016
010.033-16.99751121,,,26/09/2016
010.033-16.99751122,,,26/09/2016
010.033-16.99751123,,,26/09/2016
010.033-16.99751124,,,26/09/2016
010.033-16.99751125,,,26/09/2016
010.033-16.99751126,,,26/09/2016
010.033-16.99751127,,,26/09/2016
010.033-16.99751128,,,26/09/2016
010.033-16.99751129,,,26/09/2016
010.033-16.99751130,,,26/09/2016
010.033-16.99751131,,,26/09/2016
010.033-16.99751132,,,26/09/2016
010.033-16.99751133,,,26/09/2016
010.033-16.99751134,,,26/09/2016
010.033-16.99751135,,,26/09/2016
010.033-16.99751136,,,26/09/2016
010.033-16.99751137,,,26/09/2016
010.033-16.99751138,,,26/09/2016
010.033-16.99751139,,,26/09/2016
010.033-16.99751140,,,26/09/2016
010.033-16.99751141,,,26/09/2016
010.033-16.99751142,,,26/09/2016
010.033-16.99751143,,,26/09/2016
010.033-16.99751144,,,26/09/2016
010.033-16.99751145,,,26/09/2016
010.033-16.99751146,,,26/09/2016
010.033-16.99751147,,,26/09/2016
010.033-16.99751148,,,26/09/2016
010.033-16.99751149,,,26/09/2016
010.033-16.99751150,,,26/09/2016
010.033-16.99751151,,,26/09/2016
010.033-16.99751152,,,26/09/2016
010.033-16.99751153,,,26/09/2016
010.033-16.99751154,,,26/09/2016
010.033-16.99751155,,,26/09/2016
010.033-16.99751156,,,26/09/2016
010.033-16.99751157,,,26/09/2016
010.033-16.99751158,,,26/09/2016
010.033-16.99751159,,,26/09/2016
010.033-16.99751160,,,26/09/2016
010.033-16.99751161,,,26/09/2016
010.033-16.99751162,,,26/09/2016
010.033-16.99751163,,,26/09/2016
010.033-16.99751164,,,26/09/2016
010.033-16.99751165,,,26/09/2016
010.033-16.99751166,,,26/09/2016
010.033-16.99751167,,,26/09/2016
010.033-16.99751168,,,26/09/2016
010.033-16.99751169,,,26/09/2016
010.033-16.99751170,,,26/09/2016
010.033-16.99751171,,,26/09/2016
010.033-16.99751172,,,26/09/2016
010.033-16.99751173,,,26/09/2016
010.033-16.99751174,,,26/09/2016
010.033-16.99751175,,,26/09/2016
010.033-16.99751176,,,26/09/2016
010.033-16.99751177,,,26/09/2016
010.033-16.99746184,,,26/09/2016
010.033-16.99746185,,,26/09/2016
010.033-16.99746186,,,26/09/2016
010.033-16.99746187,,,26/09/2016
010.033-16.99746188,,,26/09/2016
010.033-16.99746189,,,26/09/2016
010.033-16.99746190,,,26/09/2016
010.033-16.99746191,,,26/09/2016
010.033-16.99746192,,,26/09/2016
010.033-16.99746193,,,26/09/2016
010.033-16.99746194,,,26/09/2016
010.033-16.99746195,,,26/09/2016
010.033-16.99746196,,,26/09/2016
010.033-16.99746197,,,26/09/2016
010.033-16.99746198,,,26/09/2016
010.033-16.99746199,,,26/09/2016
010.033-16.99746200,,,26/09/2016
010.033-16.99746201,,,26/09/2016
010.033-16.99746202,,,26/09/2016
010.033-16.99746203,,,26/09/2016
010.033-16.99746204,,,26/09/2016
010.033-16.99746205,,,26/09/2016
010.033-16.99746206,,,26/09/2016
010.033-16.99746207,,,26/09/2016
010.033-16.99746208,,,26/09/2016
010.033-16.99746209,,,26/09/2016
010.033-16.99746210,,,26/09/2016
010.033-16.99746211,,,26/09/2016
010.033-16.99746212,,,26/09/2016
010.033-16.99746213,,,26/09/2016
010.033-16.99746214,,,26/09/2016
010.033-16.99746215,,,26/09/2016
010.033-16.99746216,,,26/09/2016
010.033-16.99746217,,,26/09/2016
010.033-16.99746218,,,26/09/2016
010.033-16.99746219,,,26/09/2016
010.033-16.99746220,,,26/09/2016
010.033-16.99746221,,,26/09/2016
010.033-16.99746222,,,26/09/2016
010.033-16.99746223,,,26/09/2016
010.033-16.99746224,,,26/09/2016
010.033-16.99746225,,,26/09/2016
010.033-16.99746226,,,26/09/2016
010.033-16.99746227,,,26/09/2016
010.033-16.99746228,,,26/09/2016
010.033-16.99746229,,,26/09/2016
010.033-16.99746230,,,26/09/2016
010.033-16.99746231,,,26/09/2016
010.033-16.99746232,,,26/09/2016
010.033-16.99746233,,,26/09/2016
010.033-16.99746234,,,26/09/2016
010.033-16.99746235,,,26/09/2016
010.033-16.99746236,,,26/09/2016
010.033-16.99746237,,,26/09/2016
010.033-16.99746238,,,26/09/2016
010.033-16.99746239,,,26/09/2016
010.033-16.99746240,,,26/09/2016
010.033-16.99746241,,,26/09/2016
010.033-16.99746242,,,26/09/2016
010.033-16.99746243,,,26/09/2016
010.033-16.99746244,,,26/09/2016
010.033-16.99746245,,,26/09/2016
010.033-16.99746246,,,26/09/2016
010.033-16.99746247,,,26/09/2016
010.033-16.99746248,,,26/09/2016
010.033-16.99746249,,,26/09/2016
010.033-16.99746250,,,26/09/2016
010.033-16.99746251,,,26/09/2016
010.033-16.99746252,,,26/09/2016
010.033-16.99746253,,,26/09/2016
010.033-16.99746254,,,26/09/2016
010.033-16.99746255,,,26/09/2016
010.033-16.99746256,,,26/09/2016
010.033-16.99746257,,,26/09/2016
010.033-16.99746258,,,26/09/2016
010.033-16.99746259,,,26/09/2016
010.033-16.99746260,,,26/09/2016
010.033-16.99746261,,,26/09/2016
010.033-16.99746262,,,26/09/2016
010.033-16.99746263,,,26/09/2016
010.033-16.99746264,,,26/09/2016
010.033-16.99746265,,,26/09/2016
010.033-16.99746266,,,26/09/2016
010.033-16.99746267,,,26/09/2016
010.033-16.99746268,,,26/09/2016
010.033-16.99746269,,,26/09/2016
010.033-16.99746270,,,26/09/2016
010.033-16.99746271,,,26/09/2016
010.033-16.99752795,,,26/09/2016
010.033-16.99752796,,,26/09/2016
010.033-16.99752797,,,26/09/2016
010.033-16.99752798,,,26/09/2016
010.033-16.99752799,,,26/09/2016
010.033-16.99752800,,,26/09/2016
010.033-16.99752801,,,26/09/2016
010.033-16.99752802,,,26/09/2016
010.033-16.99752803,,,26/09/2016
010.033-16.99752804,,,26/09/2016
010.033-16.99752805,,,26/09/2016
010.033-16.99752806,,,26/09/2016
010.033-16.99752807,,,26/09/2016
010.033-16.99752808,,,26/09/2016
010.033-16.99752809,,,26/09/2016
010.033-16.99752810,,,26/09/2016
010.033-16.99752811,,,26/09/2016
010.033-16.99752812,,,26/09/2016
010.033-16.99752813,,,26/09/2016
010.033-16.99752814,,,26/09/2016
010.033-16.99752815,,,26/09/2016
010.033-16.99752816,,,26/09/2016
010.033-16.99752817,,,26/09/2016
010.033-16.99752818,,,26/09/2016
010.033-16.99752819,,,26/09/2016
010.033-16.99752820,,,26/09/2016
010.033-16.99752821,,,26/09/2016
010.033-16.99752822,,,26/09/2016
010.033-16.99752823,,,26/09/2016
010.033-16.99752824,,,26/09/2016
010.033-16.99752825,,,26/09/2016
010.033-16.99752826,,,26/09/2016
010.033-16.99752827,,,26/09/2016
010.033-16.99752828,,,26/09/2016
010.033-16.99752829,,,26/09/2016
010.033-16.99752830,,,26/09/2016
010.033-16.99752831,,,26/09/2016
010.033-16.99752832,,,26/09/2016
010.033-16.99752833,,,26/09/2016
010.033-16.99752834,,,26/09/2016
010.033-16.99752835,,,26/09/2016
010.033-16.99752836,,,26/09/2016
010.033-16.99752837,,,26/09/2016
010.033-16.99752838,,,26/09/2016
010.033-16.99752839,,,26/09/2016
010.033-16.99752840,,,26/09/2016
010.033-16.99752841,,,26/09/2016
010.033-16.99752842,,,26/09/2016
010.033-16.99752843,,,26/09/2016
010.033-16.99752844,,,26/09/2016
010.033-16.99752845,,,26/09/2016
010.033-16.99752846,,,26/09/2016
010.033-16.99752847,,,26/09/2016
010.033-16.99752848,,,26/09/2016
010.033-16.99752849,,,26/09/2016
010.033-16.99752850,,,26/09/2016
010.033-16.99752851,,,26/09/2016
010.033-16.99752852,,,26/09/2016
010.033-16.99752853,,,26/09/2016
010.033-16.99752854,,,26/09/2016
010.033-16.99752855,,,26/09/2016
010.033-16.99752856,,,26/09/2016
010.033-16.99752857,,,26/09/2016
010.033-16.99752858,,,26/09/2016
010.033-16.99752859,,,26/09/2016
010.033-16.99752860,,,26/09/2016
010.033-16.99752861,,,26/09/2016
010.033-16.99752862,,,26/09/2016
010.033-16.99752863,,,26/09/2016
010.033-16.99752864,,,26/09/2016
010.033-16.99752865,,,26/09/2016
010.033-16.99752866,,,26/09/2016
010.033-16.99752867,,,26/09/2016
010.033-16.99752868,,,26/09/2016
010.033-16.99752869,,,26/09/2016
010.033-16.99752870,,,26/09/2016
010.033-16.99752871,,,26/09/2016
010.033-16.99752872,,,26/09/2016
010.033-16.99752873,,,26/09/2016
010.033-16.99752874,,,26/09/2016
010.033-16.99752875,,,26/09/2016
010.033-16.99752876,,,26/09/2016
010.033-16.99752877,,,26/09/2016
010.033-16.99752878,,,26/09/2016
010.033-16.99752879,,,26/09/2016
010.033-16.99752880,,,26/09/2016
010.033-16.99752881,,,26/09/2016
010.033-16.99752882,,,26/09/2016
010.033-16.99749473,,,26/09/2016
010.033-16.99749474,,,26/09/2016
010.033-16.99749475,,,26/09/2016
010.033-16.99749476,,,26/09/2016
010.033-16.99749477,,,26/09/2016
010.033-16.99749478,,,26/09/2016
010.033-16.99749479,,,26/09/2016
010.033-16.99749480,,,26/09/2016
010.033-16.99749481,,,26/09/2016
010.033-16.99749482,,,26/09/2016
010.033-16.99749483,,,26/09/2016
010.033-16.99749484,,,26/09/2016
010.033-16.99749485,,,26/09/2016
010.033-16.99749486,,,26/09/2016
010.033-16.99749487,,,26/09/2016
010.033-16.99749488,,,26/09/2016
010.033-16.99749489,,,26/09/2016
010.033-16.99749490,,,26/09/2016
010.033-16.99749491,,,26/09/2016
010.033-16.99749492,,,26/09/2016
010.033-16.99749493,,,26/09/2016
010.033-16.99749494,,,26/09/2016
010.033-16.99749495,,,26/09/2016
010.033-16.99749496,,,26/09/2016
010.033-16.99749497,,,26/09/2016
010.033-16.99749498,,,26/09/2016
010.033-16.99749499,,,26/09/2016
010.033-16.99749500,,,26/09/2016
010.033-16.99749501,,,26/09/2016
010.033-16.99749502,,,26/09/2016
010.033-16.99749503,,,26/09/2016
010.033-16.99749504,,,26/09/2016
010.033-16.99749505,,,26/09/2016
010.033-16.99749506,,,26/09/2016
010.033-16.99749507,,,26/09/2016
010.033-16.99749508,,,26/09/2016
010.033-16.99749509,,,26/09/2016
010.033-16.99749510,,,26/09/2016
010.033-16.99749511,,,26/09/2016
010.033-16.99749512,,,26/09/2016
010.033-16.99749513,,,26/09/2016
010.033-16.99749514,,,26/09/2016
010.033-16.99749515,,,26/09/2016
010.033-16.99749516,,,26/09/2016
010.033-16.99749517,,,26/09/2016
010.033-16.99749518,,,26/09/2016
010.033-16.99749519,,,26/09/2016
010.033-16.99749520,,,26/09/2016
010.033-16.99749521,,,26/09/2016
010.033-16.99749522,,,26/09/2016
010.033-16.99749523,,,26/09/2016
010.033-16.99749524,,,26/09/2016
010.033-16.99749525,,,26/09/2016
010.033-16.99749526,,,26/09/2016
010.033-16.99749527,,,26/09/2016
010.033-16.99749528,,,26/09/2016
010.033-16.99749529,,,26/09/2016
010.033-16.99749530,,,26/09/2016
010.033-16.99749531,,,26/09/2016
010.033-16.99749532,,,26/09/2016
010.033-16.99749533,,,26/09/2016
010.033-16.99749534,,,26/09/2016
010.033-16.99749535,,,26/09/2016
010.033-16.99749536,,,26/09/2016
010.033-16.99749537,,,26/09/2016
010.033-16.99749538,,,26/09/2016
010.033-16.99749539,,,26/09/2016
010.033-16.99749540,,,26/09/2016
010.033-16.99749541,,,26/09/2016
010.033-16.99749542,,,26/09/2016
010.033-16.99749543,,,26/09/2016
010.033-16.99749544,,,26/09/2016
010.033-16.99749545,,,26/09/2016
010.033-16.99749546,,,26/09/2016
010.033-16.99749547,,,26/09/2016
010.033-16.99749548,,,26/09/2016
010.033-16.99749549,,,26/09/2016
010.033-16.99749550,,,26/09/2016
010.033-16.99749551,,,26/09/2016
010.033-16.99749552,,,26/09/2016
010.033-16.99749553,,,26/09/2016
010.033-16.99749554,,,26/09/2016
010.033-16.99749555,,,26/09/2016
010.033-16.99749556,,,26/09/2016
010.033-16.99749557,,,26/09/2016
010.033-16.99749558,,,26/09/2016
010.033-16.99749559,,,26/09/2016
010.033-16.99749560,,,26/09/2016
010.033-16.99749561,,,26/09/2016
010.033-16.99749562,,,26/09/2016
010.033-16.99749563,,,26/09/2016
010.033-16.99749564,,,26/09/2016
010.033-16.99749565,,,26/09/2016
010.033-16.99749566,,,26/09/2016
010.033-16.99749567,,,26/09/2016
010.033-16.99749568,,,26/09/2016
010.033-16.99749569,,,26/09/2016
010.033-16.99749570,,,26/09/2016
010.033-16.99749571,,,26/09/2016
010.033-16.99749572,,,26/09/2016
010.033-16.99749573,,,26/09/2016
010.033-16.99749574,,,26/09/2016
010.033-16.99749575,,,26/09/2016
010.033-16.99749576,,,26/09/2016
010.033-16.99749577,,,26/09/2016
010.033-16.99749578,,,26/09/2016
010.033-16.99749579,,,26/09/2016
010.033-16.99749580,,,26/09/2016
010.033-16.99749581,,,26/09/2016
010.033-16.99749582,,,26/09/2016
010.033-16.99749583,,,26/09/2016
010.033-16.99749584,,,26/09/2016
010.033-16.99749585,,,26/09/2016
010.033-16.99749586,,,26/09/2016
010.033-16.99749587,,,26/09/2016
010.033-16.99749588,,,26/09/2016
010.033-16.99749589,,,26/09/2016
010.033-16.99749590,,,26/09/2016
010.033-16.99749591,,,26/09/2016
010.033-16.99749592,,,26/09/2016
010.033-16.99749593,,,26/09/2016
010.033-16.99749594,,,26/09/2016
010.033-16.99749595,,,26/09/2016
010.033-16.99749596,,,26/09/2016
010.033-16.99749597,,,26/09/2016
010.033-16.99749598,,,26/09/2016
010.033-16.99749599,,,26/09/2016
010.033-16.99749600,,,26/09/2016
010.033-16.99749601,,,26/09/2016
010.033-16.99749602,,,26/09/2016
010.033-16.99749603,,,26/09/2016
010.033-16.99749604,,,26/09/2016
010.033-16.99749605,,,26/09/2016
010.033-16.99749606,,,26/09/2016
010.033-16.99749607,,,26/09/2016
010.033-16.99749608,,,26/09/2016
010.033-16.99749609,,,26/09/2016
010.033-16.99749610,,,26/09/2016
010.033-16.99749611,,,26/09/2016
010.033-16.99749612,,,26/09/2016
010.033-16.99749613,,,26/09/2016
010.033-16.99749614,,,26/09/2016
010.033-16.99749615,,,26/09/2016
010.033-16.99749616,,,26/09/2016
010.033-16.99749617,,,26/09/2016
010.033-16.99749618,,,26/09/2016
010.033-16.99749619,,,26/09/2016
010.033-16.99749620,,,26/09/2016
010.033-16.99749621,,,26/09/2016
010.033-16.99749622,,,26/09/2016
010.033-16.99749623,,,26/09/2016
010.033-16.99749624,,,26/09/2016
010.033-16.99749625,,,26/09/2016
010.033-16.99749626,,,26/09/2016
010.033-16.99749627,,,26/09/2016
010.033-16.99749628,,,26/09/2016
010.033-16.99749629,,,26/09/2016
010.033-16.99749630,,,26/09/2016
010.033-16.99749631,,,26/09/2016
010.033-16.99749632,,,26/09/2016
010.033-16.99749633,,,26/09/2016
010.033-16.99749634,,,26/09/2016
010.033-16.99749635,,,26/09/2016
010.033-16.99749636,,,26/09/2016
010.033-16.99749637,,,26/09/2016
010.033-16.99749638,,,26/09/2016
010.033-16.99749639,,,26/09/2016
010.033-16.99749640,,,26/09/2016
010.033-16.99749641,,,26/09/2016
010.033-16.99749642,,,26/09/2016
010.033-16.99749643,,,26/09/2016
010.033-16.99749644,,,26/09/2016
010.033-16.99749645,,,26/09/2016
010.033-16.99749646,,,26/09/2016
010.033-16.99749647,,,26/09/2016
010.033-16.99749648,,,26/09/2016
010.033-16.99752883,,,26/09/2016
010.033-16.99752884,,,26/09/2016
010.033-16.99752885,,,26/09/2016
010.033-16.99752886,,,26/09/2016
010.033-16.99752887,,,26/09/2016
010.033-16.99752888,,,26/09/2016
010.033-16.99752889,,,26/09/2016
010.033-16.99752890,,,26/09/2016
010.033-16.99752891,,,26/09/2016
010.033-16.99752892,,,26/09/2016
010.033-16.99752893,,,26/09/2016
010.033-16.99752894,,,26/09/2016
010.033-16.99752895,,,26/09/2016
010.033-16.99752896,,,26/09/2016
010.033-16.99752897,,,26/09/2016
010.033-16.99752898,,,26/09/2016
010.033-16.99752899,,,26/09/2016
010.033-16.99752900,,,26/09/2016
010.033-16.99752901,,,26/09/2016
010.033-16.99752902,,,26/09/2016
010.033-16.99752903,,,26/09/2016
010.033-16.99752904,,,26/09/2016
010.033-16.99752905,,,26/09/2016
010.033-16.99752906,,,26/09/2016
010.033-16.99752907,,,26/09/2016
010.033-16.99752908,,,26/09/2016
010.033-16.99752909,,,26/09/2016
010.033-16.99752910,,,26/09/2016
010.033-16.99752911,,,26/09/2016
010.033-16.99752912,,,26/09/2016
010.033-16.99752913,,,26/09/2016
010.033-16.99752914,,,26/09/2016
010.033-16.99752915,,,26/09/2016
010.033-16.99752916,,,26/09/2016
010.033-16.99752917,,,26/09/2016
010.033-16.99752918,,,26/09/2016
010.033-16.99752919,,,26/09/2016
010.033-16.99752920,,,26/09/2016
010.033-16.99752921,,,26/09/2016
010.033-16.99752922,,,26/09/2016
010.033-16.99752923,,,26/09/2016
010.033-16.99752924,,,26/09/2016
010.033-16.99752925,,,26/09/2016
010.033-16.99752926,,,26/09/2016
010.033-16.99752927,,,26/09/2016
010.033-16.99752928,,,26/09/2016
010.033-16.99752929,,,26/09/2016
010.033-16.99752930,,,26/09/2016
010.033-16.99752931,,,26/09/2016
010.033-16.99752932,,,26/09/2016
010.033-16.99752933,,,26/09/2016
010.033-16.99752934,,,26/09/2016
010.033-16.99752935,,,26/09/2016
010.033-16.99752936,,,26/09/2016
010.033-16.99752937,,,26/09/2016
010.033-16.99752938,,,26/09/2016
010.033-16.99752939,,,26/09/2016
010.033-16.99752940,,,26/09/2016
010.033-16.99752941,,,26/09/2016
010.033-16.99752942,,,26/09/2016
010.033-16.99752943,,,26/09/2016
010.033-16.99752944,,,26/09/2016
010.033-16.99752945,,,26/09/2016
010.033-16.99752946,,,26/09/2016
010.033-16.99752947,,,26/09/2016
010.033-16.99752948,,,26/09/2016
010.033-16.99752949,,,26/09/2016
010.033-16.99752950,,,26/09/2016
010.033-16.99752951,,,26/09/2016
010.033-16.99752952,,,26/09/2016
010.033-16.99752953,,,26/09/2016
010.033-16.99752954,,,26/09/2016
010.033-16.99752955,,,26/09/2016
010.033-16.99752956,,,26/09/2016
010.033-16.99752957,,,26/09/2016
010.033-16.99752958,,,26/09/2016
010.033-16.99752959,,,26/09/2016
010.033-16.99752960,,,26/09/2016
010.033-16.99752961,,,26/09/2016
010.033-16.99752962,,,26/09/2016
010.033-16.99752963,,,26/09/2016
010.033-16.99752964,,,26/09/2016
010.033-16.99752965,,,26/09/2016
010.033-16.99752966,,,26/09/2016
010.033-16.99752967,,,26/09/2016
010.033-16.99752968,,,26/09/2016
010.033-16.99752969,,,26/09/2016
010.033-16.99752970,,,26/09/2016
010.033-16.99754555,,,26/09/2016
010.033-16.99754556,,,26/09/2016
010.033-16.99754557,,,26/09/2016
010.033-16.99754558,,,26/09/2016
010.033-16.99754559,,,26/09/2016
010.033-16.99754560,,,26/09/2016
010.033-16.99754561,,,26/09/2016
010.033-16.99754562,,,26/09/2016
010.033-16.99754563,,,26/09/2016
010.033-16.99754564,,,26/09/2016
010.033-16.99754565,,,26/09/2016
010.033-16.99754566,,,26/09/2016
010.033-16.99754567,,,26/09/2016
010.033-16.99754568,,,26/09/2016
010.033-16.99754569,,,26/09/2016
010.033-16.99754570,,,26/09/2016
010.033-16.99754571,,,26/09/2016
010.033-16.99754572,,,26/09/2016
010.033-16.99754573,,,26/09/2016
010.033-16.99754574,,,26/09/2016
010.033-16.99754575,,,26/09/2016
010.033-16.99754576,,,26/09/2016
010.033-16.99754577,,,26/09/2016
010.033-16.99754578,,,26/09/2016
010.033-16.99754579,,,26/09/2016
010.033-16.99754580,,,26/09/2016
010.033-16.99754581,,,26/09/2016
010.033-16.99754582,,,26/09/2016
010.033-16.99754583,,,26/09/2016
010.033-16.99754584,,,26/09/2016
010.033-16.99754585,,,26/09/2016
010.033-16.99754586,,,26/09/2016
010.033-16.99754587,,,26/09/2016
010.033-16.99754588,,,26/09/2016
010.033-16.99754589,,,26/09/2016
010.033-16.99754590,,,26/09/2016
010.033-16.99754591,,,26/09/2016
010.033-16.99754592,,,26/09/2016
010.033-16.99754593,,,26/09/2016
010.033-16.99754594,,,26/09/2016
010.033-16.99754595,,,26/09/2016
010.033-16.99754596,,,26/09/2016
010.033-16.99754597,,,26/09/2016
010.033-16.99754598,,,26/09/2016
010.033-16.99754599,,,26/09/2016
010.033-16.99754600,,,26/09/2016
010.033-16.99754601,,,26/09/2016
010.033-16.99754602,,,26/09/2016
010.033-16.99754603,,,26/09/2016
010.033-16.99754604,,,26/09/2016
010.033-16.99754605,,,26/09/2016
010.033-16.99754606,,,26/09/2016
010.033-16.99754607,,,26/09/2016
010.033-16.99754608,,,26/09/2016
010.033-16.99754609,,,26/09/2016
010.033-16.99754610,,,26/09/2016
010.033-16.99754611,,,26/09/2016
010.033-16.99754612,,,26/09/2016
010.033-16.99754613,,,26/09/2016
010.033-16.99754614,,,26/09/2016
010.033-16.99754615,,,26/09/2016
010.033-16.99754616,,,26/09/2016
010.033-16.99754617,,,26/09/2016
010.033-16.99754618,,,26/09/2016
010.033-16.99754619,,,26/09/2016
010.033-16.99754620,,,26/09/2016
010.033-16.99754621,,,26/09/2016
010.033-16.99754622,,,26/09/2016
010.033-16.99754623,,,26/09/2016
010.033-16.99754624,,,26/09/2016
010.033-16.99754625,,,26/09/2016
010.033-16.99754626,,,26/09/2016
010.033-16.99754627,,,26/09/2016
010.033-16.99754628,,,26/09/2016
010.033-16.99754629,,,26/09/2016
010.033-16.99754630,,,26/09/2016
010.033-16.99754631,,,26/09/2016
010.033-16.99754632,,,26/09/2016
010.033-16.99754633,,,26/09/2016
010.033-16.99754634,,,26/09/2016
010.033-16.99754635,,,26/09/2016
010.033-16.99754636,,,26/09/2016
010.033-16.99754637,,,26/09/2016
010.033-16.99754638,,,26/09/2016
010.033-16.99754639,,,26/09/2016
010.033-16.99754640,,,26/09/2016
010.033-16.99754641,,,26/09/2016
010.033-16.99754642,,,26/09/2016
010.033-16.99756260,,,26/09/2016
010.033-16.99756261,,,26/09/2016
010.033-16.99756262,,,26/09/2016
010.033-16.99756263,,,26/09/2016
010.033-16.99756264,,,26/09/2016
010.033-16.99756265,,,26/09/2016
010.033-16.99756266,,,26/09/2016
010.033-16.99756267,,,26/09/2016
010.033-16.99756268,,,26/09/2016
010.033-16.99756269,,,26/09/2016
010.033-16.99756270,,,26/09/2016
010.033-16.99756271,,,26/09/2016
010.033-16.99756272,,,26/09/2016
010.033-16.99756273,,,26/09/2016
010.033-16.99756274,,,26/09/2016
010.033-16.99756275,,,26/09/2016
010.033-16.99756276,,,26/09/2016
010.033-16.99756277,,,26/09/2016
010.033-16.99756278,,,26/09/2016
010.033-16.99756279,,,26/09/2016
010.033-16.99756280,,,26/09/2016
010.033-16.99756281,,,26/09/2016
010.033-16.99756282,,,26/09/2016
010.033-16.99756283,,,26/09/2016
010.033-16.99756284,,,26/09/2016
010.033-16.99756285,,,26/09/2016
010.033-16.99756286,,,26/09/2016
010.033-16.99756287,,,26/09/2016
010.033-16.99756288,,,26/09/2016
010.033-16.99756289,,,26/09/2016
010.033-16.99756290,,,26/09/2016
010.033-16.99756291,,,26/09/2016
010.033-16.99756292,,,26/09/2016
010.033-16.99756293,,,26/09/2016
010.033-16.99756294,,,26/09/2016
010.033-16.99756295,,,26/09/2016
010.033-16.99756296,,,26/09/2016
010.033-16.99756297,,,26/09/2016
010.033-16.99756298,,,26/09/2016
010.033-16.99756299,,,26/09/2016
010.033-16.99756300,,,26/09/2016
010.033-16.99756301,,,26/09/2016
010.033-16.99756302,,,26/09/2016
010.033-16.99756303,,,26/09/2016
010.033-16.99756304,,,26/09/2016
010.033-16.99756305,,,26/09/2016
010.033-16.99756306,,,26/09/2016
010.033-16.99756307,,,26/09/2016
010.033-16.99756308,,,26/09/2016
010.033-16.99756309,,,26/09/2016
010.033-16.99756310,,,26/09/2016
010.033-16.99756311,,,26/09/2016
010.033-16.99756312,,,26/09/2016
010.033-16.99756313,,,26/09/2016
010.033-16.99756314,,,26/09/2016
010.033-16.99756315,,,26/09/2016
010.033-16.99756316,,,26/09/2016
010.033-16.99756317,,,26/09/2016
010.033-16.99756318,,,26/09/2016
010.033-16.99756319,,,26/09/2016
010.033-16.99756320,,,26/09/2016
010.033-16.99756321,,,26/09/2016
010.033-16.99756322,,,26/09/2016
010.033-16.99756323,,,26/09/2016
010.033-16.99756324,,,26/09/2016
010.033-16.99756325,,,26/09/2016
010.033-16.99756326,,,26/09/2016
010.033-16.99756327,,,26/09/2016
010.033-16.99756328,,,26/09/2016
010.033-16.99756329,,,26/09/2016
010.033-16.99756330,,,26/09/2016
010.033-16.99756331,,,26/09/2016
010.033-16.99756332,,,26/09/2016
010.033-16.99756333,,,26/09/2016
010.033-16.99756334,,,26/09/2016
010.033-16.99756335,,,26/09/2016
010.033-16.99756336,,,26/09/2016
010.033-16.99756337,,,26/09/2016
010.033-16.99756338,,,26/09/2016
010.033-16.99756339,,,26/09/2016
010.033-16.99756340,,,26/09/2016
010.033-16.99756341,,,26/09/2016
010.033-16.99756342,,,26/09/2016
010.033-16.99756343,,,26/09/2016
010.033-16.99756344,,,26/09/2016
010.033-16.99756345,,,26/09/2016
010.033-16.99756346,,,26/09/2016
010.033-16.99756347,,,26/09/2016
010.033-16.99758020,,,26/09/2016
010.033-16.99758021,,,26/09/2016
010.033-16.99758022,,,26/09/2016
010.033-16.99758023,,,26/09/2016
010.033-16.99758024,,,26/09/2016
010.033-16.99758025,,,26/09/2016
010.033-16.99758026,,,26/09/2016
010.033-16.99758027,,,26/09/2016
010.033-16.99758028,,,26/09/2016
010.033-16.99758029,,,26/09/2016
010.033-16.99758030,,,26/09/2016
010.033-16.99758031,,,26/09/2016
010.033-16.99758032,,,26/09/2016
010.033-16.99758033,,,26/09/2016
010.033-16.99758034,,,26/09/2016
010.033-16.99758035,,,26/09/2016
010.033-16.99758036,,,26/09/2016
010.033-16.99758037,,,26/09/2016
010.033-16.99758038,,,26/09/2016
010.033-16.99758039,,,26/09/2016
010.033-16.99758040,,,26/09/2016
010.033-16.99758041,,,26/09/2016
010.033-16.99758042,,,26/09/2016
010.033-16.99758043,,,26/09/2016
010.033-16.99758044,,,26/09/2016
010.033-16.99758045,,,26/09/2016
010.033-16.99758046,,,26/09/2016
010.033-16.99758047,,,26/09/2016
010.033-16.99758048,,,26/09/2016
010.033-16.99758049,,,26/09/2016
010.033-16.99758050,,,26/09/2016
010.033-16.99758051,,,26/09/2016
010.033-16.99758052,,,26/09/2016
010.033-16.99758053,,,26/09/2016
010.033-16.99758054,,,26/09/2016
010.033-16.99758055,,,26/09/2016
010.033-16.99758056,,,26/09/2016
010.033-16.99758057,,,26/09/2016
010.033-16.99758058,,,26/09/2016
010.033-16.99758059,,,26/09/2016
010.033-16.99758060,,,26/09/2016
010.033-16.99758061,,,26/09/2016
010.033-16.99758062,,,26/09/2016
010.033-16.99758063,,,26/09/2016
010.033-16.99758064,,,26/09/2016
010.033-16.99758065,,,26/09/2016
010.033-16.99758066,,,26/09/2016
010.033-16.99758067,,,26/09/2016
010.033-16.99758068,,,26/09/2016
010.033-16.99758069,,,26/09/2016
010.033-16.99758070,,,26/09/2016
010.033-16.99758071,,,26/09/2016
010.033-16.99758072,,,26/09/2016
010.033-16.99758073,,,26/09/2016
010.033-16.99758074,,,26/09/2016
010.033-16.99758075,,,26/09/2016
010.033-16.99758076,,,26/09/2016
010.033-16.99758077,,,26/09/2016
010.033-16.99758078,,,26/09/2016
010.033-16.99758079,,,26/09/2016
010.033-16.99758080,,,26/09/2016
010.033-16.99758081,,,26/09/2016
010.033-16.99758082,,,26/09/2016
010.033-16.99758083,,,26/09/2016
010.033-16.99758084,,,26/09/2016
010.033-16.99758085,,,26/09/2016
010.033-16.99758086,,,26/09/2016
010.033-16.99758087,,,26/09/2016
010.033-16.99758088,,,26/09/2016
010.033-16.99758089,,,26/09/2016
010.033-16.99758090,,,26/09/2016
010.033-16.99758091,,,26/09/2016
010.033-16.99758092,,,26/09/2016
010.033-16.99758093,,,26/09/2016
010.033-16.99758094,,,26/09/2016
010.033-16.99758095,,,26/09/2016
010.033-16.99758096,,,26/09/2016
010.033-16.99758097,,,26/09/2016
010.033-16.99758098,,,26/09/2016
010.033-16.99758099,,,26/09/2016
010.033-16.99758100,,,26/09/2016
010.033-16.99758101,,,26/09/2016
010.033-16.99758102,,,26/09/2016
010.033-16.99758103,,,26/09/2016
010.033-16.99758104,,,26/09/2016
010.033-16.99758105,,,26/09/2016
010.033-16.99758106,,,26/09/2016
010.033-16.99758107,,,26/09/2016
010.033-16.99742420,,,26/09/2016
010.033-16.99742421,,,26/09/2016
010.033-16.99742422,,,26/09/2016
010.033-16.99742423,,,26/09/2016
010.033-16.99742424,,,26/09/2016
010.033-16.99742425,,,26/09/2016
010.033-16.99742426,,,26/09/2016
010.033-16.99742427,,,26/09/2016
010.033-16.99742428,,,26/09/2016
010.033-16.99742429,,,26/09/2016
010.033-16.99742430,,,26/09/2016
010.033-16.99742431,,,26/09/2016
010.033-16.99742432,,,26/09/2016
010.033-16.99742433,,,26/09/2016
010.033-16.99742434,,,26/09/2016
010.033-16.99742435,,,26/09/2016
010.033-16.99742436,,,26/09/2016
010.033-16.99742437,,,26/09/2016
010.033-16.99742438,,,26/09/2016
010.033-16.99742439,,,26/09/2016
010.033-16.99742440,,,26/09/2016
010.033-16.99742441,,,26/09/2016
010.033-16.99742442,,,26/09/2016
010.033-16.99742443,,,26/09/2016
010.033-16.99742444,,,26/09/2016
010.033-16.99742445,,,26/09/2016
010.033-16.99742446,,,26/09/2016
010.033-16.99742447,,,26/09/2016
010.033-16.99742448,,,26/09/2016
010.033-16.99742449,,,26/09/2016
010.033-16.99742450,,,26/09/2016
010.033-16.99742451,,,26/09/2016
010.033-16.99742452,,,26/09/2016
010.033-16.99742453,,,26/09/2016
010.033-16.99742454,,,26/09/2016
010.033-16.99761485,,,26/09/2016
010.033-16.99761486,,,26/09/2016
010.033-16.99761487,,,26/09/2016
010.033-16.99761488,,,26/09/2016
010.033-16.99761489,,,26/09/2016
010.033-16.99761490,,,26/09/2016
010.033-16.99761491,,,26/09/2016
010.033-16.99761492,,,26/09/2016
010.033-16.99761493,,,26/09/2016
010.033-16.99761494,,,26/09/2016
010.033-16.99761495,,,26/09/2016
010.033-16.99761496,,,26/09/2016
010.033-16.99761497,,,26/09/2016
010.033-16.99761498,,,26/09/2016
010.033-16.99761499,,,26/09/2016
010.033-16.99761500,,,26/09/2016
010.033-16.99761501,,,26/09/2016
010.033-16.99761502,,,26/09/2016
010.033-16.99761503,,,26/09/2016
010.033-16.99761504,,,26/09/2016
010.033-16.99761505,,,26/09/2016
010.033-16.99761506,,,26/09/2016
010.033-16.99761507,,,26/09/2016
010.033-16.99761508,,,26/09/2016
010.033-16.99761509,,,26/09/2016
010.033-16.99761510,,,26/09/2016
010.033-16.99761511,,,26/09/2016
010.033-16.99761512,,,26/09/2016
010.033-16.99761513,,,26/09/2016
010.033-16.99761514,,,26/09/2016
010.033-16.99761515,,,26/09/2016
010.033-16.99761516,,,26/09/2016
010.033-16.99761517,,,26/09/2016
010.033-16.99761518,,,26/09/2016
010.033-16.99761519,,,26/09/2016
010.033-16.99761520,,,26/09/2016
010.033-16.99761521,,,26/09/2016
010.033-16.99761522,,,26/09/2016
010.033-16.99761523,,,26/09/2016
010.033-16.99761524,,,26/09/2016
010.033-16.99761525,,,26/09/2016
010.033-16.99761526,,,26/09/2016
010.033-16.99761527,,,26/09/2016
010.033-16.99761528,,,26/09/2016
010.033-16.99761529,,,26/09/2016
010.033-16.99761530,,,26/09/2016
010.033-16.99761531,,,26/09/2016
010.033-16.99761532,,,26/09/2016
010.033-16.99761533,,,26/09/2016
010.033-16.99761534,,,26/09/2016
010.033-16.99761535,,,26/09/2016
010.033-16.99761536,,,26/09/2016
010.033-16.99761537,,,26/09/2016
010.033-16.99759725,,,26/09/2016
010.033-16.99759726,,,26/09/2016
010.033-16.99759727,,,26/09/2016
010.033-16.99759728,,,26/09/2016
010.033-16.99759729,,,26/09/2016
010.033-16.99759730,,,26/09/2016
010.033-16.99759731,,,26/09/2016
010.033-16.99759732,,,26/09/2016
010.033-16.99759733,,,26/09/2016
010.033-16.99759734,,,26/09/2016
010.033-16.99759735,,,26/09/2016
010.033-16.99759736,,,26/09/2016
010.033-16.99759737,,,26/09/2016
010.033-16.99759738,,,26/09/2016
010.033-16.99759739,,,26/09/2016
010.033-16.99759740,,,26/09/2016
010.033-16.99759741,,,26/09/2016
010.033-16.99759742,,,26/09/2016
010.033-16.99759743,,,26/09/2016
010.033-16.99759744,,,26/09/2016
010.033-16.99759745,,,26/09/2016
010.033-16.99759746,,,26/09/2016
010.033-16.99759747,,,26/09/2016
010.033-16.99759748,,,26/09/2016
010.033-16.99759749,,,26/09/2016
010.033-16.99759750,,,26/09/2016
010.033-16.99759751,,,26/09/2016
010.033-16.99759752,,,26/09/2016
010.033-16.99759753,,,26/09/2016
010.033-16.99759754,,,26/09/2016
010.033-16.99759755,,,26/09/2016
010.033-16.99759756,,,26/09/2016
010.033-16.99759757,,,26/09/2016
010.033-16.99759758,,,26/09/2016
010.033-16.99759759,,,26/09/2016
010.033-16.99759760,,,26/09/2016
010.033-16.99759761,,,26/09/2016
010.033-16.99759762,,,26/09/2016
010.033-16.99759763,,,26/09/2016
010.033-16.99759764,,,26/09/2016
010.033-16.99759765,,,26/09/2016
010.033-16.99759766,,,26/09/2016
010.033-16.99759767,,,26/09/2016
010.033-16.99759768,,,26/09/2016
010.033-16.99759769,,,26/09/2016
010.033-16.99759770,,,26/09/2016
010.033-16.99759771,,,26/09/2016
010.033-16.99759772,,,26/09/2016
010.033-16.99759773,,,26/09/2016
010.033-16.99759774,,,26/09/2016
010.033-16.99759775,,,26/09/2016
010.033-16.99759776,,,26/09/2016
010.033-16.99759777,,,26/09/2016
010.033-16.99759778,,,26/09/2016
010.033-16.99759779,,,26/09/2016
010.033-16.99759780,,,26/09/2016
010.033-16.99759781,,,26/09/2016
010.033-16.99759782,,,26/09/2016
010.033-16.99759783,,,26/09/2016
010.033-16.99759784,,,26/09/2016
010.033-16.99759785,,,26/09/2016
010.033-16.99759786,,,26/09/2016
010.033-16.99759787,,,26/09/2016
010.033-16.99759788,,,26/09/2016
010.033-16.99759789,,,26/09/2016
010.033-16.99759790,,,26/09/2016
010.033-16.99759791,,,26/09/2016
010.033-16.99759792,,,26/09/2016
010.033-16.99759793,,,26/09/2016
010.033-16.99759794,,,26/09/2016
010.033-16.99759795,,,26/09/2016
010.033-16.99759796,,,26/09/2016
010.033-16.99759797,,,26/09/2016
010.033-16.99759798,,,26/09/2016
010.033-16.99759799,,,26/09/2016
010.033-16.99759800,,,26/09/2016
010.033-16.99759801,,,26/09/2016
010.033-16.99759802,,,26/09/2016
010.033-16.99759803,,,26/09/2016
010.033-16.99759804,,,26/09/2016
010.033-16.99759805,,,26/09/2016
010.033-16.99759806,,,26/09/2016
010.033-16.99759807,,,26/09/2016
010.033-16.99759808,,,26/09/2016
010.033-16.99759809,,,26/09/2016
010.033-16.99759810,,,26/09/2016
010.033-16.99759811,,,26/09/2016
010.033-16.99759812,,,26/09/2016
010.033-16.99747713,,,26/09/2016
010.033-16.99747714,,,26/09/2016
010.033-16.99747715,,,26/09/2016
010.033-16.99747716,,,26/09/2016
010.033-16.99747717,,,26/09/2016
010.033-16.99747718,,,26/09/2016
010.033-16.99747719,,,26/09/2016
010.033-16.99747720,,,26/09/2016
010.033-16.99747721,,,26/09/2016
010.033-16.99747722,,,26/09/2016
010.033-16.99747723,,,26/09/2016
010.033-16.99747724,,,26/09/2016
010.033-16.99747725,,,26/09/2016
010.033-16.99747726,,,26/09/2016
010.033-16.99747727,,,26/09/2016
010.033-16.99747728,,,26/09/2016
010.033-16.99747729,,,26/09/2016
010.033-16.99747730,,,26/09/2016
010.033-16.99747731,,,26/09/2016
010.033-16.99747732,,,26/09/2016
010.033-16.99747733,,,26/09/2016
010.033-16.99747734,,,26/09/2016
010.033-16.99747735,,,26/09/2016
010.033-16.99747736,,,26/09/2016
010.033-16.99747737,,,26/09/2016
010.033-16.99747738,,,26/09/2016
010.033-16.99747739,,,26/09/2016
010.033-16.99747740,,,26/09/2016
010.033-16.99747741,,,26/09/2016
010.033-16.99747742,,,26/09/2016
010.033-16.99747743,,,26/09/2016
010.033-16.99747744,,,26/09/2016
010.033-16.99747745,,,26/09/2016
010.033-16.99747746,,,26/09/2016
010.033-16.99747747,,,26/09/2016
010.033-16.99747748,,,26/09/2016
010.033-16.99747749,,,26/09/2016
010.033-16.99747750,,,26/09/2016
010.033-16.99747751,,,26/09/2016
010.033-16.99747752,,,26/09/2016
010.033-16.99747753,,,26/09/2016
010.033-16.99747754,,,26/09/2016
010.033-16.99747755,,,26/09/2016
010.033-16.99747756,,,26/09/2016
010.033-16.99747757,,,26/09/2016
010.033-16.99747758,,,26/09/2016
010.033-16.99747759,,,26/09/2016
010.033-16.99747760,,,26/09/2016
010.033-16.99747761,,,26/09/2016
010.033-16.99747762,,,26/09/2016
010.033-16.99747763,,,26/09/2016
010.033-16.99747764,,,26/09/2016
010.033-16.99747765,,,26/09/2016
010.033-16.99747766,,,26/09/2016
010.033-16.99747767,,,26/09/2016
010.033-16.99747768,,,26/09/2016
010.033-16.99747769,,,26/09/2016
010.033-16.99747770,,,26/09/2016
010.033-16.99747771,,,26/09/2016
010.033-16.99747772,,,26/09/2016
010.033-16.99747773,,,26/09/2016
010.033-16.99747774,,,26/09/2016
010.033-16.99747775,,,26/09/2016
010.033-16.99747776,,,26/09/2016
010.033-16.99747777,,,26/09/2016
010.033-16.99747778,,,26/09/2016
010.033-16.99747779,,,26/09/2016
010.033-16.99747780,,,26/09/2016
010.033-16.99747781,,,26/09/2016
010.033-16.99747782,,,26/09/2016
010.033-16.99747783,,,26/09/2016
010.033-16.99747784,,,26/09/2016
010.033-16.99747785,,,26/09/2016
010.033-16.99747786,,,26/09/2016
010.033-16.99747787,,,26/09/2016
010.033-16.99747788,,,26/09/2016
010.033-16.99747789,,,26/09/2016
010.033-16.99747790,,,26/09/2016
010.033-16.99747791,,,26/09/2016
010.033-16.99747792,,,26/09/2016
010.033-16.99747793,,,26/09/2016
010.033-16.99747794,,,26/09/2016
010.033-16.99747795,,,26/09/2016
010.033-16.99747796,,,26/09/2016
010.033-16.99747797,,,26/09/2016
010.033-16.99747798,,,26/09/2016
010.033-16.99747799,,,26/09/2016
010.033-16.99747800,,,26/09/2016
010.033-16.99747801,,,26/09/2016
010.033-16.99747802,,,26/09/2016
010.033-16.99747803,,,26/09/2016
010.033-16.99747804,,,26/09/2016
010.033-16.99747805,,,26/09/2016
010.033-16.99747806,,,26/09/2016
010.033-16.99747807,,,26/09/2016
010.033-16.99747808,,,26/09/2016
010.033-16.99747809,,,26/09/2016
010.033-16.99747810,,,26/09/2016
010.033-16.99747811,,,26/09/2016
010.033-16.99747812,,,26/09/2016
010.033-16.99747813,,,26/09/2016
010.033-16.99747814,,,26/09/2016
010.033-16.99747815,,,26/09/2016
010.033-16.99747816,,,26/09/2016
010.033-16.99747817,,,26/09/2016
010.033-16.99747818,,,26/09/2016
010.033-16.99747819,,,26/09/2016
010.033-16.99747820,,,26/09/2016
010.033-16.99747821,,,26/09/2016
010.033-16.99747822,,,26/09/2016
010.033-16.99747823,,,26/09/2016
010.033-16.99747824,,,26/09/2016
010.033-16.99747825,,,26/09/2016
010.033-16.99747826,,,26/09/2016
010.033-16.99747827,,,26/09/2016
010.033-16.99747828,,,26/09/2016
010.033-16.99747829,,,26/09/2016
010.033-16.99747830,,,26/09/2016
010.033-16.99747831,,,26/09/2016
010.033-16.99747832,,,26/09/2016
010.033-16.99747833,,,26/09/2016
010.033-16.99747834,,,26/09/2016
010.033-16.99747835,,,26/09/2016
010.033-16.99747836,,,26/09/2016
010.033-16.99747837,,,26/09/2016
010.033-16.99747838,,,26/09/2016
010.033-16.99747839,,,26/09/2016
010.033-16.99747840,,,26/09/2016
010.033-16.99747841,,,26/09/2016
010.033-16.99747842,,,26/09/2016
010.033-16.99747843,,,26/09/2016
010.033-16.99747844,,,26/09/2016
010.033-16.99747845,,,26/09/2016
010.033-16.99747846,,,26/09/2016
010.033-16.99747847,,,26/09/2016
010.033-16.99747848,,,26/09/2016
010.033-16.99747849,,,26/09/2016
010.033-16.99747850,,,26/09/2016
010.033-16.99747851,,,26/09/2016
010.033-16.99747852,,,26/09/2016
010.033-16.99747853,,,26/09/2016
010.033-16.99747854,,,26/09/2016
010.033-16.99747855,,,26/09/2016
010.033-16.99747856,,,26/09/2016
010.033-16.99747857,,,26/09/2016
010.033-16.99747858,,,26/09/2016
010.033-16.99747859,,,26/09/2016
010.033-16.99747860,,,26/09/2016
010.033-16.99747861,,,26/09/2016
010.033-16.99747862,,,26/09/2016
010.033-16.99747863,,,26/09/2016
010.033-16.99747864,,,26/09/2016
010.033-16.99747865,,,26/09/2016
010.033-16.99747866,,,26/09/2016
010.033-16.99747867,,,26/09/2016
010.033-16.99747868,,,26/09/2016
010.033-16.99747869,,,26/09/2016
010.033-16.99747870,,,26/09/2016
010.033-16.99747871,,,26/09/2016
010.033-16.99747872,,,26/09/2016
010.033-16.99747873,,,26/09/2016
010.033-16.99747874,,,26/09/2016
010.033-16.99747875,,,26/09/2016
010.033-16.99747876,,,26/09/2016
010.033-16.99747877,,,26/09/2016
010.033-16.99747878,,,26/09/2016
010.033-16.99747879,,,26/09/2016
010.033-16.99747880,,,26/09/2016
010.033-16.99747881,,,26/09/2016
010.033-16.99747882,,,26/09/2016
010.033-16.99747883,,,26/09/2016
010.033-16.99747884,,,26/09/2016
010.033-16.99747885,,,26/09/2016
010.033-16.99747886,,,26/09/2016
010.033-16.99747887,,,26/09/2016
010.033-16.99747888,,,26/09/2016
010.033-16.99749649,,,26/09/2016
010.033-16.99749650,,,26/09/2016
010.033-16.99749651,,,26/09/2016
010.033-16.99749652,,,26/09/2016
010.033-16.99749653,,,26/09/2016
010.033-16.99749654,,,26/09/2016
010.033-16.99749655,,,26/09/2016
010.033-16.99749656,,,26/09/2016
010.033-16.99749657,,,26/09/2016
010.033-16.99749658,,,26/09/2016
010.033-16.99749659,,,26/09/2016
010.033-16.99749660,,,26/09/2016
010.033-16.99749661,,,26/09/2016
010.033-16.99749662,,,26/09/2016
010.033-16.99749663,,,26/09/2016
010.033-16.99749664,,,26/09/2016
010.033-16.99749665,,,26/09/2016
010.033-16.99749666,,,26/09/2016
010.033-16.99749667,,,26/09/2016
010.033-16.99749668,,,26/09/2016
010.033-16.99749669,,,26/09/2016
010.033-16.99749670,,,26/09/2016
010.033-16.99749671,,,26/09/2016
010.033-16.99749672,,,26/09/2016
010.033-16.99749673,,,26/09/2016
010.033-16.99749674,,,26/09/2016
010.033-16.99749675,,,26/09/2016
010.033-16.99749676,,,26/09/2016
010.033-16.99749677,,,26/09/2016
010.033-16.99749678,,,26/09/2016
010.033-16.99749679,,,26/09/2016
010.033-16.99749680,,,26/09/2016
010.033-16.99749681,,,26/09/2016
010.033-16.99749682,,,26/09/2016
010.033-16.99749683,,,26/09/2016
010.033-16.99749684,,,26/09/2016
010.033-16.99749685,,,26/09/2016
010.033-16.99749686,,,26/09/2016
010.033-16.99749687,,,26/09/2016
010.033-16.99749688,,,26/09/2016
010.033-16.99749689,,,26/09/2016
010.033-16.99749690,,,26/09/2016
010.033-16.99749691,,,26/09/2016
010.033-16.99749692,,,26/09/2016
010.033-16.99749693,,,26/09/2016
010.033-16.99749694,,,26/09/2016
010.033-16.99749695,,,26/09/2016
010.033-16.99749696,,,26/09/2016
010.033-16.99749697,,,26/09/2016
010.033-16.99749698,,,26/09/2016
010.033-16.99749699,,,26/09/2016
010.033-16.99749700,,,26/09/2016
010.033-16.99749701,,,26/09/2016
010.033-16.99749702,,,26/09/2016
010.033-16.99749703,,,26/09/2016
010.033-16.99749704,,,26/09/2016
010.033-16.99749705,,,26/09/2016
010.033-16.99749706,,,26/09/2016
010.033-16.99749707,,,26/09/2016
010.033-16.99749708,,,26/09/2016
010.033-16.99749709,,,26/09/2016
010.033-16.99749710,,,26/09/2016
010.033-16.99749711,,,26/09/2016
010.033-16.99749712,,,26/09/2016
010.033-16.99749713,,,26/09/2016
010.033-16.99749714,,,26/09/2016
010.033-16.99749715,,,26/09/2016
010.033-16.99749716,,,26/09/2016
010.033-16.99749717,,,26/09/2016
010.033-16.99749718,,,26/09/2016
010.033-16.99749719,,,26/09/2016
010.033-16.99749720,,,26/09/2016
010.033-16.99749721,,,26/09/2016
010.033-16.99749722,,,26/09/2016
010.033-16.99749723,,,26/09/2016
010.033-16.99749724,,,26/09/2016
010.033-16.99749725,,,26/09/2016
010.033-16.99749726,,,26/09/2016
010.033-16.99749727,,,26/09/2016
010.033-16.99749728,,,26/09/2016
010.033-16.99749729,,,26/09/2016
010.033-16.99749730,,,26/09/2016
010.033-16.99749731,,,26/09/2016
010.033-16.99749732,,,26/09/2016
010.033-16.99749733,,,26/09/2016
010.033-16.99749734,,,26/09/2016
010.033-16.99749735,,,26/09/2016
010.033-16.99749736,,,26/09/2016
010.033-16.99747889,,,26/09/2016
010.033-16.99747890,,,26/09/2016
010.033-16.99747891,,,26/09/2016
010.033-16.99747892,,,26/09/2016
010.033-16.99747893,,,26/09/2016
010.033-16.99747894,,,26/09/2016
010.033-16.99747895,,,26/09/2016
010.033-16.99747896,,,26/09/2016
010.033-16.99747897,,,26/09/2016
010.033-16.99747898,,,26/09/2016
010.033-16.99747899,,,26/09/2016
010.033-16.99747900,,,26/09/2016
010.033-16.99747901,,,26/09/2016
010.033-16.99747902,,,26/09/2016
010.033-16.99747903,,,26/09/2016
010.033-16.99747904,,,26/09/2016
010.033-16.99747905,,,26/09/2016
010.033-16.99747906,,,26/09/2016
010.033-16.99747907,,,26/09/2016
010.033-16.99747908,,,26/09/2016
010.033-16.99747909,,,26/09/2016
010.033-16.99747910,,,26/09/2016
010.033-16.99747911,,,26/09/2016
010.033-16.99747912,,,26/09/2016
010.033-16.99747913,,,26/09/2016
010.033-16.99747914,,,26/09/2016
010.033-16.99747915,,,26/09/2016
010.033-16.99747916,,,26/09/2016
010.033-16.99747917,,,26/09/2016
010.033-16.99747918,,,26/09/2016
010.033-16.99747919,,,26/09/2016
010.033-16.99747920,,,26/09/2016
010.033-16.99747921,,,26/09/2016
010.033-16.99747922,,,26/09/2016
010.033-16.99747923,,,26/09/2016
010.033-16.99747924,,,26/09/2016
010.033-16.99747925,,,26/09/2016
010.033-16.99747926,,,26/09/2016
010.033-16.99747927,,,26/09/2016
010.033-16.99747928,,,26/09/2016
010.033-16.99747929,,,26/09/2016
010.033-16.99747930,,,26/09/2016
010.033-16.99747931,,,26/09/2016
010.033-16.99747932,,,26/09/2016
010.033-16.99747933,,,26/09/2016
010.033-16.99747934,,,26/09/2016
010.033-16.99747935,,,26/09/2016
010.033-16.99747936,,,26/09/2016
010.033-16.99747937,,,26/09/2016
010.033-16.99747938,,,26/09/2016
010.033-16.99747939,,,26/09/2016
010.033-16.99747940,,,26/09/2016
010.033-16.99747941,,,26/09/2016
010.033-16.99747942,,,26/09/2016
010.033-16.99747943,,,26/09/2016
010.033-16.99747944,,,26/09/2016
010.033-16.99747945,,,26/09/2016
010.033-16.99747946,,,26/09/2016
010.033-16.99747947,,,26/09/2016
010.033-16.99747948,,,26/09/2016
010.033-16.99747949,,,26/09/2016
010.033-16.99747950,,,26/09/2016
010.033-16.99747951,,,26/09/2016
010.033-16.99747952,,,26/09/2016
010.033-16.99747953,,,26/09/2016
010.033-16.99747954,,,26/09/2016
010.033-16.99747955,,,26/09/2016
010.033-16.99747956,,,26/09/2016
010.033-16.99747957,,,26/09/2016
010.033-16.99747958,,,26/09/2016
010.033-16.99747959,,,26/09/2016
010.033-16.99747960,,,26/09/2016
010.033-16.99747961,,,26/09/2016
010.033-16.99747962,,,26/09/2016
010.033-16.99747963,,,26/09/2016
010.033-16.99747964,,,26/09/2016
010.033-16.99747965,,,26/09/2016
010.033-16.99747966,,,26/09/2016
010.033-16.99747967,,,26/09/2016
010.033-16.99747968,,,26/09/2016
010.033-16.99747969,,,26/09/2016
010.033-16.99747970,,,26/09/2016
010.033-16.99747971,,,26/09/2016
010.033-16.99747972,,,26/09/2016
010.033-16.99747973,,,26/09/2016
010.033-16.99747974,,,26/09/2016
010.033-16.99747975,,,26/09/2016
010.033-16.99747976,,,26/09/2016
010.033-16.99749737,,,26/09/2016
010.033-16.99749738,,,26/09/2016
010.033-16.99749739,,,26/09/2016
010.033-16.99749740,,,26/09/2016
010.033-16.99749741,,,26/09/2016
010.033-16.99749742,,,26/09/2016
010.033-16.99749743,,,26/09/2016
010.033-16.99749744,,,26/09/2016
010.033-16.99749745,,,26/09/2016
010.033-16.99749746,,,26/09/2016
010.033-16.99749747,,,26/09/2016
010.033-16.99749748,,,26/09/2016
010.033-16.99749749,,,26/09/2016
010.033-16.99749750,,,26/09/2016
010.033-16.99749751,,,26/09/2016
010.033-16.99749752,,,26/09/2016
010.033-16.99749753,,,26/09/2016
010.033-16.99749754,,,26/09/2016
010.033-16.99749755,,,26/09/2016
010.033-16.99749756,,,26/09/2016
010.033-16.99749757,,,26/09/2016
010.033-16.99749758,,,26/09/2016
010.033-16.99749759,,,26/09/2016
010.033-16.99749760,,,26/09/2016
010.033-16.99749761,,,26/09/2016
010.033-16.99749762,,,26/09/2016
010.033-16.99749763,,,26/09/2016
010.033-16.99749764,,,26/09/2016
010.033-16.99749765,,,26/09/2016
010.033-16.99749766,,,26/09/2016
010.033-16.99749767,,,26/09/2016
010.033-16.99749768,,,26/09/2016
010.033-16.99749769,,,26/09/2016
010.033-16.99749770,,,26/09/2016
010.033-16.99749771,,,26/09/2016
010.033-16.99749772,,,26/09/2016
010.033-16.99749773,,,26/09/2016
010.033-16.99749774,,,26/09/2016
010.033-16.99749775,,,26/09/2016
010.033-16.99749776,,,26/09/2016
010.033-16.99749777,,,26/09/2016
010.033-16.99749778,,,26/09/2016
010.033-16.99749779,,,26/09/2016
010.033-16.99749780,,,26/09/2016
010.033-16.99749781,,,26/09/2016
010.033-16.99749782,,,26/09/2016
010.033-16.99749783,,,26/09/2016
010.033-16.99749784,,,26/09/2016
010.033-16.99749785,,,26/09/2016
010.033-16.99749786,,,26/09/2016
010.033-16.99749787,,,26/09/2016
010.033-16.99749788,,,26/09/2016
010.033-16.99749789,,,26/09/2016
010.033-16.99749790,,,26/09/2016
010.033-16.99749791,,,26/09/2016
010.033-16.99749792,,,26/09/2016
010.033-16.99749793,,,26/09/2016
010.033-16.99749794,,,26/09/2016
010.033-16.99749795,,,26/09/2016
010.033-16.99749796,,,26/09/2016
010.033-16.99749797,,,26/09/2016
010.033-16.99749798,,,26/09/2016
010.033-16.99749799,,,26/09/2016
010.033-16.99749800,,,26/09/2016
010.033-16.99749801,,,26/09/2016
010.033-16.99749802,,,26/09/2016
010.033-16.99749803,,,26/09/2016
010.033-16.99749804,,,26/09/2016
010.033-16.99749805,,,26/09/2016
010.033-16.99749806,,,26/09/2016
010.033-16.99749807,,,26/09/2016
010.033-16.99749808,,,26/09/2016
010.033-16.99749809,,,26/09/2016
010.033-16.99749810,,,26/09/2016
010.033-16.99749811,,,26/09/2016
010.033-16.99749812,,,26/09/2016
010.033-16.99749813,,,26/09/2016
010.033-16.99749814,,,26/09/2016
010.033-16.99749815,,,26/09/2016
010.033-16.99749816,,,26/09/2016
010.033-16.99749817,,,26/09/2016
010.033-16.99749818,,,26/09/2016
010.033-16.99749819,,,26/09/2016
010.033-16.99749820,,,26/09/2016
010.033-16.99749821,,,26/09/2016
010.033-16.99749822,,,26/09/2016
010.033-16.99749823,,,26/09/2016
010.033-16.99749824,,,26/09/2016
010.033-16.99749825,,,26/09/2016
010.033-16.99749826,,,26/09/2016
010.033-16.99749827,,,26/09/2016
010.033-16.99749828,,,26/09/2016
010.033-16.99749829,,,26/09/2016
010.033-16.99749830,,,26/09/2016
010.033-16.99749831,,,26/09/2016
010.033-16.99749832,,,26/09/2016
010.033-16.99749833,,,26/09/2016
010.033-16.99749834,,,26/09/2016
010.033-16.99749835,,,26/09/2016
010.033-16.99749836,,,26/09/2016
010.033-16.99749837,,,26/09/2016
010.033-16.99749838,,,26/09/2016
010.033-16.99749839,,,26/09/2016
010.033-16.99749840,,,26/09/2016
010.033-16.99749841,,,26/09/2016
010.033-16.99749842,,,26/09/2016
010.033-16.99749843,,,26/09/2016
010.033-16.99749844,,,26/09/2016
010.033-16.99749845,,,26/09/2016
010.033-16.99749846,,,26/09/2016
010.033-16.99749847,,,26/09/2016
010.033-16.99749848,,,26/09/2016
010.033-16.99749849,,,26/09/2016
010.033-16.99749850,,,26/09/2016
010.033-16.99749851,,,26/09/2016
010.033-16.99749852,,,26/09/2016
010.033-16.99749853,,,26/09/2016
010.033-16.99749854,,,26/09/2016
010.033-16.99749855,,,26/09/2016
010.033-16.99749856,,,26/09/2016
010.033-16.99749857,,,26/09/2016
010.033-16.99749858,,,26/09/2016
010.033-16.99749859,,,26/09/2016
010.033-16.99749860,,,26/09/2016
010.033-16.99749861,,,26/09/2016
010.033-16.99749862,,,26/09/2016
010.033-16.99749863,,,26/09/2016
010.033-16.99749864,,,26/09/2016
010.033-16.99749865,,,26/09/2016
010.033-16.99749866,,,26/09/2016
010.033-16.99749867,,,26/09/2016
010.033-16.99749868,,,26/09/2016
010.033-16.99749869,,,26/09/2016
010.033-16.99749870,,,26/09/2016
010.033-16.99749871,,,26/09/2016
010.033-16.99749872,,,26/09/2016
010.033-16.99749873,,,26/09/2016
010.033-16.99749874,,,26/09/2016
010.033-16.99749875,,,26/09/2016
010.033-16.99749876,,,26/09/2016
010.033-16.99749877,,,26/09/2016
010.033-16.99749878,,,26/09/2016
010.033-16.99749879,,,26/09/2016
010.033-16.99749880,,,26/09/2016
010.033-16.99749881,,,26/09/2016
010.033-16.99749882,,,26/09/2016
010.033-16.99749883,,,26/09/2016
010.033-16.99749884,,,26/09/2016
010.033-16.99749885,,,26/09/2016
010.033-16.99749886,,,26/09/2016
010.033-16.99749887,,,26/09/2016
010.033-16.99749888,,,26/09/2016
010.033-16.99749889,,,26/09/2016
010.033-16.99749890,,,26/09/2016
010.033-16.99749891,,,26/09/2016
010.033-16.99749892,,,26/09/2016
010.033-16.99749893,,,26/09/2016
010.033-16.99749894,,,26/09/2016
010.033-16.99749895,,,26/09/2016
010.033-16.99749896,,,26/09/2016
010.033-16.99749897,,,26/09/2016
010.033-16.99749898,,,26/09/2016
010.033-16.99749899,,,26/09/2016
010.033-16.99749900,,,26/09/2016
010.033-16.99749901,,,26/09/2016
010.033-16.99749902,,,26/09/2016
010.033-16.99749903,,,26/09/2016
010.033-16.99749904,,,26/09/2016
010.033-16.99749905,,,26/09/2016
010.033-16.99749906,,,26/09/2016
010.033-16.99749907,,,26/09/2016
010.033-16.99749908,,,26/09/2016
010.033-16.99749909,,,26/09/2016
010.033-16.99749910,,,26/09/2016
010.033-16.99749911,,,26/09/2016
010.033-16.99749912,,,26/09/2016
010.033-16.99752971,,,26/09/2016
010.033-16.99752972,,,26/09/2016
010.033-16.99752973,,,26/09/2016
010.033-16.99752974,,,26/09/2016
010.033-16.99752975,,,26/09/2016
010.033-16.99752976,,,26/09/2016
010.033-16.99752977,,,26/09/2016
010.033-16.99752978,,,26/09/2016
010.033-16.99752979,,,26/09/2016
010.033-16.99752980,,,26/09/2016
010.033-16.99752981,,,26/09/2016
010.033-16.99752982,,,26/09/2016
010.033-16.99752983,,,26/09/2016
010.033-16.99752984,,,26/09/2016
010.033-16.99752985,,,26/09/2016
010.033-16.99752986,,,26/09/2016
010.033-16.99752987,,,26/09/2016
010.033-16.99752988,,,26/09/2016
010.033-16.99752989,,,26/09/2016
010.033-16.99752990,,,26/09/2016
010.033-16.99752991,,,26/09/2016
010.033-16.99752992,,,26/09/2016
010.033-16.99752993,,,26/09/2016
010.033-16.99752994,,,26/09/2016
010.033-16.99752995,,,26/09/2016
010.033-16.99752996,,,26/09/2016
010.033-16.99752997,,,26/09/2016
010.033-16.99752998,,,26/09/2016
010.033-16.99752999,,,26/09/2016
010.033-16.99753000,,,26/09/2016
010.033-16.99753001,,,26/09/2016
010.033-16.99753002,,,26/09/2016
010.033-16.99753003,,,26/09/2016
010.033-16.99753004,,,26/09/2016
010.033-16.99753005,,,26/09/2016
010.033-16.99753006,,,26/09/2016
010.033-16.99753007,,,26/09/2016
010.033-16.99753008,,,26/09/2016
010.033-16.99753009,,,26/09/2016
010.033-16.99753010,,,26/09/2016
010.033-16.99753011,,,26/09/2016
010.033-16.99753012,,,26/09/2016
010.033-16.99753013,,,26/09/2016
010.033-16.99753014,,,26/09/2016
010.033-16.99753015,,,26/09/2016
010.033-16.99753016,,,26/09/2016
010.033-16.99753017,,,26/09/2016
010.033-16.99753018,,,26/09/2016
010.033-16.99753019,,,26/09/2016
010.033-16.99753020,,,26/09/2016
010.033-16.99753021,,,26/09/2016
010.033-16.99753022,,,26/09/2016
010.033-16.99753023,,,26/09/2016
010.033-16.99753024,,,26/09/2016
010.033-16.99753025,,,26/09/2016
010.033-16.99753026,,,26/09/2016
010.033-16.99753027,,,26/09/2016
010.033-16.99753028,,,26/09/2016
010.033-16.99753029,,,26/09/2016
010.033-16.99753030,,,26/09/2016
010.033-16.99753031,,,26/09/2016
010.033-16.99753032,,,26/09/2016
010.033-16.99753033,,,26/09/2016
010.033-16.99753034,,,26/09/2016
010.033-16.99753035,,,26/09/2016
010.033-16.99753036,,,26/09/2016
010.033-16.99753037,,,26/09/2016
010.033-16.99753038,,,26/09/2016
010.033-16.99753039,,,26/09/2016
010.033-16.99753040,,,26/09/2016
010.033-16.99753041,,,26/09/2016
010.033-16.99753042,,,26/09/2016
010.033-16.99753043,,,26/09/2016
010.033-16.99753044,,,26/09/2016
010.033-16.99753045,,,26/09/2016
010.033-16.99753046,,,26/09/2016
010.033-16.99753047,,,26/09/2016
010.033-16.99753048,,,26/09/2016
010.033-16.99753049,,,26/09/2016
010.033-16.99753050,,,26/09/2016
010.033-16.99753051,,,26/09/2016
010.033-16.99753052,,,26/09/2016
010.033-16.99753053,,,26/09/2016
010.033-16.99753054,,,26/09/2016
010.033-16.99753055,,,26/09/2016
010.033-16.99753056,,,26/09/2016
010.033-16.99753057,,,26/09/2016
010.033-16.99753058,,,26/09/2016
010.033-16.99753059,,,26/09/2016
010.033-16.99753060,,,26/09/2016
010.033-16.99753061,,,26/09/2016
010.033-16.99753062,,,26/09/2016
010.033-16.99753063,,,26/09/2016
010.033-16.99753064,,,26/09/2016
010.033-16.99753065,,,26/09/2016
010.033-16.99753066,,,26/09/2016
010.033-16.99753067,,,26/09/2016
010.033-16.99753068,,,26/09/2016
010.033-16.99753069,,,26/09/2016
010.033-16.99753070,,,26/09/2016
010.033-16.99753071,,,26/09/2016
010.033-16.99753072,,,26/09/2016
010.033-16.99753073,,,26/09/2016
010.033-16.99753074,,,26/09/2016
010.033-16.99753075,,,26/09/2016
010.033-16.99753076,,,26/09/2016
010.033-16.99753077,,,26/09/2016
010.033-16.99753078,,,26/09/2016
010.033-16.99753079,,,26/09/2016
010.033-16.99753080,,,26/09/2016
010.033-16.99753081,,,26/09/2016
010.033-16.99753082,,,26/09/2016
010.033-16.99753083,,,26/09/2016
010.033-16.99753084,,,26/09/2016
010.033-16.99753085,,,26/09/2016
010.033-16.99753086,,,26/09/2016
010.033-16.99753087,,,26/09/2016
010.033-16.99753088,,,26/09/2016
010.033-16.99753089,,,26/09/2016
010.033-16.99753090,,,26/09/2016
010.033-16.99753091,,,26/09/2016
010.033-16.99753092,,,26/09/2016
010.033-16.99753093,,,26/09/2016
010.033-16.99753094,,,26/09/2016
010.033-16.99753095,,,26/09/2016
010.033-16.99753096,,,26/09/2016
010.033-16.99753097,,,26/09/2016
010.033-16.99753098,,,26/09/2016
010.033-16.99753099,,,26/09/2016
010.033-16.99753100,,,26/09/2016
010.033-16.99753101,,,26/09/2016
010.033-16.99753102,,,26/09/2016
010.033-16.99753103,,,26/09/2016
010.033-16.99753104,,,26/09/2016
010.033-16.99753105,,,26/09/2016
010.033-16.99753106,,,26/09/2016
010.033-16.99753107,,,26/09/2016
010.033-16.99753108,,,26/09/2016
010.033-16.99753109,,,26/09/2016
010.033-16.99753110,,,26/09/2016
010.033-16.99753111,,,26/09/2016
010.033-16.99753112,,,26/09/2016
010.033-16.99753113,,,26/09/2016
010.033-16.99753114,,,26/09/2016
010.033-16.99753115,,,26/09/2016
010.033-16.99753116,,,26/09/2016
010.033-16.99753117,,,26/09/2016
010.033-16.99753118,,,26/09/2016
010.033-16.99753119,,,26/09/2016
010.033-16.99753120,,,26/09/2016
010.033-16.99753121,,,26/09/2016
010.033-16.99753122,,,26/09/2016
010.033-16.99753123,,,26/09/2016
010.033-16.99753124,,,26/09/2016
010.033-16.99753125,,,26/09/2016
010.033-16.99753126,,,26/09/2016
010.033-16.99753127,,,26/09/2016
010.033-16.99753128,,,26/09/2016
010.033-16.99753129,,,26/09/2016
010.033-16.99753130,,,26/09/2016
010.033-16.99753131,,,26/09/2016
010.033-16.99753132,,,26/09/2016
010.033-16.99753133,,,26/09/2016
010.033-16.99753134,,,26/09/2016
010.033-16.99753135,,,26/09/2016
010.033-16.99753136,,,26/09/2016
010.033-16.99753137,,,26/09/2016
010.033-16.99753138,,,26/09/2016
010.033-16.99753139,,,26/09/2016
010.033-16.99753140,,,26/09/2016
010.033-16.99753141,,,26/09/2016
010.033-16.99753142,,,26/09/2016
010.033-16.99753143,,,26/09/2016
010.033-16.99753144,,,26/09/2016
010.033-16.99753145,,,26/09/2016
010.033-16.99753146,,,26/09/2016
010.033-16.99751178,,,26/09/2016
010.033-16.99751179,,,26/09/2016
010.033-16.99751180,,,26/09/2016
010.033-16.99751181,,,26/09/2016
010.033-16.99751182,,,26/09/2016
010.033-16.99751183,,,26/09/2016
010.033-16.99751184,,,26/09/2016
010.033-16.99751185,,,26/09/2016
010.033-16.99751186,,,26/09/2016
010.033-16.99751187,,,26/09/2016
010.033-16.99751188,,,26/09/2016
010.033-16.99751189,,,26/09/2016
010.033-16.99751190,,,26/09/2016
010.033-16.99751191,,,26/09/2016
010.033-16.99751192,,,26/09/2016
010.033-16.99751193,,,26/09/2016
010.033-16.99751194,,,26/09/2016
010.033-16.99751195,,,26/09/2016
010.033-16.99751196,,,26/09/2016
010.033-16.99751197,,,26/09/2016
010.033-16.99751198,,,26/09/2016
010.033-16.99751199,,,26/09/2016
010.033-16.99751200,,,26/09/2016
010.033-16.99751201,,,26/09/2016
010.033-16.99751202,,,26/09/2016
010.033-16.99751203,,,26/09/2016
010.033-16.99751204,,,26/09/2016
010.033-16.99751205,,,26/09/2016
010.033-16.99751206,,,26/09/2016
010.033-16.99751207,,,26/09/2016
010.033-16.99751208,,,26/09/2016
010.033-16.99751209,,,26/09/2016
010.033-16.99751210,,,26/09/2016
010.033-16.99751211,,,26/09/2016
010.033-16.99751212,,,26/09/2016
010.033-16.99751213,,,26/09/2016
010.033-16.99751214,,,26/09/2016
010.033-16.99751215,,,26/09/2016
010.033-16.99751216,,,26/09/2016
010.033-16.99751217,,,26/09/2016
010.033-16.99751218,,,26/09/2016
010.033-16.99751219,,,26/09/2016
010.033-16.99751220,,,26/09/2016
010.033-16.99751221,,,26/09/2016
010.033-16.99751222,,,26/09/2016
010.033-16.99751223,,,26/09/2016
010.033-16.99751224,,,26/09/2016
010.033-16.99751225,,,26/09/2016
010.033-16.99751226,,,26/09/2016
010.033-16.99751227,,,26/09/2016
010.033-16.99751228,,,26/09/2016
010.033-16.99751229,,,26/09/2016
010.033-16.99751230,,,26/09/2016
010.033-16.99751231,,,26/09/2016
010.033-16.99751232,,,26/09/2016
010.033-16.99751233,,,26/09/2016
010.033-16.99751234,,,26/09/2016
010.033-16.99751235,,,26/09/2016
010.033-16.99751236,,,26/09/2016
010.033-16.99751237,,,26/09/2016
010.033-16.99751238,,,26/09/2016
010.033-16.99751239,,,26/09/2016
010.033-16.99751240,,,26/09/2016
010.033-16.99751241,,,26/09/2016
010.033-16.99751242,,,26/09/2016
010.033-16.99751243,,,26/09/2016
010.033-16.99751244,,,26/09/2016
010.033-16.99751245,,,26/09/2016
010.033-16.99751246,,,26/09/2016
010.033-16.99751247,,,26/09/2016
010.033-16.99751248,,,26/09/2016
010.033-16.99751249,,,26/09/2016
010.033-16.99751250,,,26/09/2016
010.033-16.99751251,,,26/09/2016
010.033-16.99751252,,,26/09/2016
010.033-16.99751253,,,26/09/2016
010.033-16.99751254,,,26/09/2016
010.033-16.99751255,,,26/09/2016
010.033-16.99751256,,,26/09/2016
010.033-16.99751257,,,26/09/2016
010.033-16.99751258,,,26/09/2016
010.033-16.99751259,,,26/09/2016
010.033-16.99751260,,,26/09/2016
010.033-16.99751261,,,26/09/2016
010.033-16.99751262,,,26/09/2016
010.033-16.99751263,,,26/09/2016
010.033-16.99751264,,,26/09/2016
010.033-16.99751265,,,26/09/2016
010.033-16.99753147,,,26/09/2016
010.033-16.99753148,,,26/09/2016
010.033-16.99753149,,,26/09/2016
010.033-16.99753150,,,26/09/2016
010.033-16.99753151,,,26/09/2016
010.033-16.99753152,,,26/09/2016
010.033-16.99753153,,,26/09/2016
010.033-16.99753154,,,26/09/2016
010.033-16.99753155,,,26/09/2016
010.033-16.99753156,,,26/09/2016
010.033-16.99753157,,,26/09/2016
010.033-16.99753158,,,26/09/2016
010.033-16.99753159,,,26/09/2016
010.033-16.99753160,,,26/09/2016
010.033-16.99753161,,,26/09/2016
010.033-16.99753162,,,26/09/2016
010.033-16.99753163,,,26/09/2016
010.033-16.99753164,,,26/09/2016
010.033-16.99753165,,,26/09/2016
010.033-16.99753166,,,26/09/2016
010.033-16.99753167,,,26/09/2016
010.033-16.99753168,,,26/09/2016
010.033-16.99753169,,,26/09/2016
010.033-16.99753170,,,26/09/2016
010.033-16.99753171,,,26/09/2016
010.033-16.99753172,,,26/09/2016
010.033-16.99753173,,,26/09/2016
010.033-16.99753174,,,26/09/2016
010.033-16.99753175,,,26/09/2016
010.033-16.99753176,,,26/09/2016
010.033-16.99753177,,,26/09/2016
010.033-16.99753178,,,26/09/2016
010.033-16.99753179,,,26/09/2016
010.033-16.99753180,,,26/09/2016
010.033-16.99753181,,,26/09/2016
010.033-16.99753182,,,26/09/2016
010.033-16.99753183,,,26/09/2016
010.033-16.99753184,,,26/09/2016
010.033-16.99753185,,,26/09/2016
010.033-16.99753186,,,26/09/2016
010.033-16.99753187,,,26/09/2016
010.033-16.99753188,,,26/09/2016
010.033-16.99753189,,,26/09/2016
010.033-16.99753190,,,26/09/2016
010.033-16.99753191,,,26/09/2016
010.033-16.99753192,,,26/09/2016
010.033-16.99753193,,,26/09/2016
010.033-16.99753194,,,26/09/2016
010.033-16.99753195,,,26/09/2016
010.033-16.99753196,,,26/09/2016
010.033-16.99753197,,,26/09/2016
010.033-16.99753198,,,26/09/2016
010.033-16.99753199,,,26/09/2016
010.033-16.99753200,,,26/09/2016
010.033-16.99753201,,,26/09/2016
010.033-16.99753202,,,26/09/2016
010.033-16.99753203,,,26/09/2016
010.033-16.99753204,,,26/09/2016
010.033-16.99753205,,,26/09/2016
010.033-16.99753206,,,26/09/2016
010.033-16.99753207,,,26/09/2016
010.033-16.99753208,,,26/09/2016
010.033-16.99753209,,,26/09/2016
010.033-16.99753210,,,26/09/2016
010.033-16.99753211,,,26/09/2016
010.033-16.99753212,,,26/09/2016
010.033-16.99753213,,,26/09/2016
010.033-16.99753214,,,26/09/2016
010.033-16.99753215,,,26/09/2016
010.033-16.99753216,,,26/09/2016
010.033-16.99753217,,,26/09/2016
010.033-16.99753218,,,26/09/2016
010.033-16.99753219,,,26/09/2016
010.033-16.99753220,,,26/09/2016
010.033-16.99753221,,,26/09/2016
010.033-16.99753222,,,26/09/2016
010.033-16.99753223,,,26/09/2016
010.033-16.99753224,,,26/09/2016
010.033-16.99753225,,,26/09/2016
010.033-16.99753226,,,26/09/2016
010.033-16.99753227,,,26/09/2016
010.033-16.99753228,,,26/09/2016
010.033-16.99753229,,,26/09/2016
010.033-16.99753230,,,26/09/2016
010.033-16.99753231,,,26/09/2016
010.033-16.99753232,,,26/09/2016
010.033-16.99753233,,,26/09/2016
010.033-16.99753234,,,26/09/2016
010.033-16.99753235,,,26/09/2016
010.033-16.99753236,,,26/09/2016
010.033-16.99753237,,,26/09/2016
010.033-16.99753238,,,26/09/2016
010.033-16.99753239,,,26/09/2016
010.033-16.99753240,,,26/09/2016
010.033-16.99753241,,,26/09/2016
010.033-16.99753242,,,26/09/2016
010.033-16.99753243,,,26/09/2016
010.033-16.99753244,,,26/09/2016
010.033-16.99753245,,,26/09/2016
010.033-16.99753246,,,26/09/2016
010.033-16.99753247,,,26/09/2016
010.033-16.99753248,,,26/09/2016
010.033-16.99753249,,,26/09/2016
010.033-16.99753250,,,26/09/2016
010.033-16.99753251,,,26/09/2016
010.033-16.99753252,,,26/09/2016
010.033-16.99753253,,,26/09/2016
010.033-16.99753254,,,26/09/2016
010.033-16.99753255,,,26/09/2016
010.033-16.99753256,,,26/09/2016
010.033-16.99753257,,,26/09/2016
010.033-16.99753258,,,26/09/2016
010.033-16.99753259,,,26/09/2016
010.033-16.99753260,,,26/09/2016
010.033-16.99753261,,,26/09/2016
010.033-16.99753262,,,26/09/2016
010.033-16.99753263,,,26/09/2016
010.033-16.99753264,,,26/09/2016
010.033-16.99753265,,,26/09/2016
010.033-16.99753266,,,26/09/2016
010.033-16.99753267,,,26/09/2016
010.033-16.99753268,,,26/09/2016
010.033-16.99753269,,,26/09/2016
010.033-16.99753270,,,26/09/2016
010.033-16.99753271,,,26/09/2016
010.033-16.99753272,,,26/09/2016
010.033-16.99753273,,,26/09/2016
010.033-16.99753274,,,26/09/2016
010.033-16.99753275,,,26/09/2016
010.033-16.99753276,,,26/09/2016
010.033-16.99753277,,,26/09/2016
010.033-16.99753278,,,26/09/2016
010.033-16.99753279,,,26/09/2016
010.033-16.99753280,,,26/09/2016
010.033-16.99753281,,,26/09/2016
010.033-16.99753282,,,26/09/2016
010.033-16.99753283,,,26/09/2016
010.033-16.99753284,,,26/09/2016
010.033-16.99753285,,,26/09/2016
010.033-16.99753286,,,26/09/2016
010.033-16.99753287,,,26/09/2016
010.033-16.99753288,,,26/09/2016
010.033-16.99753289,,,26/09/2016
010.033-16.99753290,,,26/09/2016
010.033-16.99753291,,,26/09/2016
010.033-16.99753292,,,26/09/2016
010.033-16.99753293,,,26/09/2016
010.033-16.99753294,,,26/09/2016
010.033-16.99753295,,,26/09/2016
010.033-16.99753296,,,26/09/2016
010.033-16.99753297,,,26/09/2016
010.033-16.99753298,,,26/09/2016
010.033-16.99753299,,,26/09/2016
010.033-16.99753300,,,26/09/2016
010.033-16.99753301,,,26/09/2016
010.033-16.99753302,,,26/09/2016
010.033-16.99753303,,,26/09/2016
010.033-16.99753304,,,26/09/2016
010.033-16.99753305,,,26/09/2016
010.033-16.99753306,,,26/09/2016
010.033-16.99753307,,,26/09/2016
010.033-16.99753308,,,26/09/2016
010.033-16.99753309,,,26/09/2016
010.033-16.99753310,,,26/09/2016
010.033-16.99753311,,,26/09/2016
010.033-16.99753312,,,26/09/2016
010.033-16.99753313,,,26/09/2016
010.033-16.99753314,,,26/09/2016
010.033-16.99753315,,,26/09/2016
010.033-16.99753316,,,26/09/2016
010.033-16.99753317,,,26/09/2016
010.033-16.99753318,,,26/09/2016
010.033-16.99753319,,,26/09/2016
010.033-16.99753320,,,26/09/2016
010.033-16.99753321,,,26/09/2016
010.033-16.99753322,,,26/09/2016
010.033-16.99753323,,,26/09/2016
010.033-16.99753324,,,26/09/2016
010.033-16.99753325,,,26/09/2016
010.033-16.99753326,,,26/09/2016
010.033-16.99753327,,,26/09/2016
010.033-16.99753328,,,26/09/2016
010.033-16.99753329,,,26/09/2016
010.033-16.99753330,,,26/09/2016
010.033-16.99753331,,,26/09/2016
010.033-16.99753332,,,26/09/2016
010.033-16.99753333,,,26/09/2016
010.033-16.99753334,,,26/09/2016
010.033-16.99753335,,,26/09/2016
010.033-16.99753336,,,26/09/2016
010.033-16.99753337,,,26/09/2016
010.033-16.99753338,,,26/09/2016
010.033-16.99753339,,,26/09/2016
010.033-16.99753340,,,26/09/2016
010.033-16.99753341,,,26/09/2016
010.033-16.99753342,,,26/09/2016
010.033-16.99753343,,,26/09/2016
010.033-16.99753344,,,26/09/2016
010.033-16.99753345,,,26/09/2016
010.033-16.99753346,,,26/09/2016
010.033-16.99753347,,,26/09/2016
010.033-16.99753348,,,26/09/2016
010.033-16.99753349,,,26/09/2016
010.033-16.99753350,,,26/09/2016
010.033-16.99753351,,,26/09/2016
010.033-16.99753352,,,26/09/2016
010.033-16.99753353,,,26/09/2016
010.033-16.99753354,,,26/09/2016
010.033-16.99753355,,,26/09/2016
010.033-16.99753356,,,26/09/2016
010.033-16.99753357,,,26/09/2016
010.033-16.99753358,,,26/09/2016
010.033-16.99753359,,,26/09/2016
010.033-16.99753360,,,26/09/2016
010.033-16.99753361,,,26/09/2016
010.033-16.99753362,,,26/09/2016
010.033-16.99753363,,,26/09/2016
010.033-16.99753364,,,26/09/2016
010.033-16.99753365,,,26/09/2016
010.033-16.99753366,,,26/09/2016
010.033-16.99753367,,,26/09/2016
010.033-16.99753368,,,26/09/2016
010.033-16.99753369,,,26/09/2016
010.033-16.99753370,,,26/09/2016
010.033-16.99753371,,,26/09/2016
010.033-16.99753372,,,26/09/2016
010.033-16.99753373,,,26/09/2016
010.033-16.99753374,,,26/09/2016
010.033-16.99753375,,,26/09/2016
010.033-16.99753376,,,26/09/2016
010.033-16.99753377,,,26/09/2016
010.033-16.99753378,,,26/09/2016
010.033-16.99753379,,,26/09/2016
010.033-16.99753380,,,26/09/2016
010.033-16.99753381,,,26/09/2016
010.033-16.99753382,,,26/09/2016
010.033-16.99753383,,,26/09/2016
010.033-16.99753384,,,26/09/2016
010.033-16.99753385,,,26/09/2016
010.033-16.99753386,,,26/09/2016
010.033-16.99753387,,,26/09/2016
010.033-16.99753388,,,26/09/2016
010.033-16.99753389,,,26/09/2016
010.033-16.99753390,,,26/09/2016
010.033-16.99753391,,,26/09/2016
010.033-16.99753392,,,26/09/2016
010.033-16.99753393,,,26/09/2016
010.033-16.99753394,,,26/09/2016
010.033-16.99753395,,,26/09/2016
010.033-16.99753396,,,26/09/2016
010.033-16.99753397,,,26/09/2016
010.033-16.99753398,,,26/09/2016
010.033-16.99753399,,,26/09/2016
010.033-16.99753400,,,26/09/2016
010.033-16.99753401,,,26/09/2016
010.033-16.99753402,,,26/09/2016
010.033-16.99753403,,,26/09/2016
010.033-16.99753404,,,26/09/2016
010.033-16.99753405,,,26/09/2016
010.033-16.99753406,,,26/09/2016
010.033-16.99753407,,,26/09/2016
010.033-16.99753408,,,26/09/2016
010.033-16.99753409,,,26/09/2016
010.033-16.99753410,,,26/09/2016
010.033-16.99753411,,,26/09/2016
010.033-16.99753412,,,26/09/2016
010.033-16.99753413,,,26/09/2016
010.033-16.99753414,,,26/09/2016
010.033-16.99753415,,,26/09/2016
010.033-16.99753416,,,26/09/2016
010.033-16.99753417,,,26/09/2016
010.033-16.99753418,,,26/09/2016
010.033-16.99753419,,,26/09/2016
010.033-16.99753420,,,26/09/2016
010.033-16.99753421,,,26/09/2016
010.033-16.99753422,,,26/09/2016
010.033-16.99753423,,,26/09/2016
010.033-16.99753424,,,26/09/2016
010.033-16.99753425,,,26/09/2016
010.033-16.99753426,,,26/09/2016
010.033-16.99753427,,,26/09/2016
010.033-16.99753428,,,26/09/2016
010.033-16.99753429,,,26/09/2016
010.033-16.99753430,,,26/09/2016
010.033-16.99753431,,,26/09/2016
010.033-16.99753432,,,26/09/2016
010.033-16.99753433,,,26/09/2016
010.033-16.99753434,,,26/09/2016
010.033-16.99753435,,,26/09/2016
010.033-16.99753436,,,26/09/2016
010.033-16.99753437,,,26/09/2016
010.033-16.99753438,,,26/09/2016
010.033-16.99753439,,,26/09/2016
010.033-16.99753440,,,26/09/2016
010.033-16.99753441,,,26/09/2016
010.033-16.99753442,,,26/09/2016
010.033-16.99753443,,,26/09/2016
010.033-16.99753444,,,26/09/2016
010.033-16.99753445,,,26/09/2016
010.033-16.99753446,,,26/09/2016
010.033-16.99753447,,,26/09/2016
010.033-16.99753448,,,26/09/2016
010.033-16.99753449,,,26/09/2016
010.033-16.99753450,,,26/09/2016
010.033-16.99753451,,,26/09/2016
010.033-16.99753452,,,26/09/2016
010.033-16.99753453,,,26/09/2016
010.033-16.99753454,,,26/09/2016
010.033-16.99753455,,,26/09/2016
010.033-16.99753456,,,26/09/2016
010.033-16.99753457,,,26/09/2016
010.033-16.99753458,,,26/09/2016
010.033-16.99753459,,,26/09/2016
010.033-16.99753460,,,26/09/2016
010.033-16.99753461,,,26/09/2016
010.033-16.99753462,,,26/09/2016
010.033-16.99753463,,,26/09/2016
010.033-16.99753464,,,26/09/2016
010.033-16.99753465,,,26/09/2016
010.033-16.99753466,,,26/09/2016
010.033-16.99753467,,,26/09/2016
010.033-16.99753468,,,26/09/2016
010.033-16.99753469,,,26/09/2016
010.033-16.99753470,,,26/09/2016
010.033-16.99753471,,,26/09/2016
010.033-16.99753472,,,26/09/2016
010.033-16.99753473,,,26/09/2016
010.033-16.99753474,,,26/09/2016
010.033-16.99753475,,,26/09/2016
010.033-16.99753476,,,26/09/2016
010.033-16.99753477,,,26/09/2016
010.033-16.99753478,,,26/09/2016
010.033-16.99753479,,,26/09/2016
010.033-16.99753480,,,26/09/2016
010.033-16.99753481,,,26/09/2016
010.033-16.99753482,,,26/09/2016
010.033-16.99753483,,,26/09/2016
010.033-16.99753484,,,26/09/2016
010.033-16.99753485,,,26/09/2016
010.033-16.99753486,,,26/09/2016
010.033-16.99753487,,,26/09/2016
010.033-16.99753488,,,26/09/2016
010.033-16.99753489,,,26/09/2016
010.033-16.99753490,,,26/09/2016
010.033-16.99753491,,,26/09/2016
010.033-16.99753492,,,26/09/2016
010.033-16.99753493,,,26/09/2016
010.033-16.99753494,,,26/09/2016
010.033-16.99753495,,,26/09/2016
010.033-16.99753496,,,26/09/2016
010.033-16.99753497,,,26/09/2016
010.033-16.99753498,,,26/09/2016
010.033-16.99753499,,,26/09/2016
010.033-16.99753500,,,26/09/2016
010.033-16.99753501,,,26/09/2016
010.033-16.99753502,,,26/09/2016
010.033-16.99753503,,,26/09/2016
010.033-16.99753504,,,26/09/2016
010.033-16.99753505,,,26/09/2016
010.033-16.99753506,,,26/09/2016
010.033-16.99753507,,,26/09/2016
010.033-16.99753508,,,26/09/2016
010.033-16.99753509,,,26/09/2016
010.033-16.99753510,,,26/09/2016
010.033-16.99753511,,,26/09/2016
010.033-16.99753512,,,26/09/2016
010.033-16.99753513,,,26/09/2016
010.033-16.99753514,,,26/09/2016
010.033-16.99753515,,,26/09/2016
010.033-16.99753516,,,26/09/2016
010.033-16.99753517,,,26/09/2016
010.033-16.99753518,,,26/09/2016
010.033-16.99753519,,,26/09/2016
010.033-16.99753520,,,26/09/2016
010.033-16.99753521,,,26/09/2016
010.033-16.99753522,,,26/09/2016
010.033-16.99753523,,,26/09/2016
010.033-16.99753524,,,26/09/2016
010.033-16.99753525,,,26/09/2016
010.033-16.99753526,,,26/09/2016
010.033-16.99753527,,,26/09/2016
010.033-16.99753528,,,26/09/2016
010.033-16.99753529,,,26/09/2016
010.033-16.99753530,,,26/09/2016
010.033-16.99753531,,,26/09/2016
010.033-16.99753532,,,26/09/2016
010.033-16.99753533,,,26/09/2016
010.033-16.99753534,,,26/09/2016
010.033-16.99753535,,,26/09/2016
010.033-16.99753536,,,26/09/2016
010.033-16.99753537,,,26/09/2016
010.033-16.99753538,,,26/09/2016
010.033-16.99753539,,,26/09/2016
010.033-16.99753540,,,26/09/2016
010.033-16.99753541,,,26/09/2016
010.033-16.99753542,,,26/09/2016
010.033-16.99753543,,,26/09/2016
010.033-16.99753544,,,26/09/2016
010.033-16.99753545,,,26/09/2016
010.033-16.99753546,,,26/09/2016
010.033-16.99753547,,,26/09/2016
010.033-16.99753548,,,26/09/2016
010.033-16.99753549,,,26/09/2016
010.033-16.99753550,,,26/09/2016
010.033-16.99753551,,,26/09/2016
010.033-16.99753552,,,26/09/2016
010.033-16.99753553,,,26/09/2016
010.033-16.99753554,,,26/09/2016
010.033-16.99753555,,,26/09/2016
010.033-16.99753556,,,26/09/2016
010.033-16.99753557,,,26/09/2016
010.033-16.99753558,,,26/09/2016
010.033-16.99753559,,,26/09/2016
010.033-16.99753560,,,26/09/2016
010.033-16.99753561,,,26/09/2016
010.033-16.99753562,,,26/09/2016
010.033-16.99753563,,,26/09/2016
010.033-16.99753564,,,26/09/2016
010.033-16.99753565,,,26/09/2016
010.033-16.99753566,,,26/09/2016
010.033-16.99753567,,,26/09/2016
010.033-16.99753568,,,26/09/2016
010.033-16.99753569,,,26/09/2016
010.033-16.99753570,,,26/09/2016
010.033-16.99753571,,,26/09/2016
010.033-16.99753572,,,26/09/2016
010.033-16.99753573,,,26/09/2016
010.033-16.99753574,,,26/09/2016
010.033-16.99753575,,,26/09/2016
010.033-16.99753576,,,26/09/2016
010.033-16.99753577,,,26/09/2016
010.033-16.99753578,,,26/09/2016
010.033-16.99753579,,,26/09/2016
010.033-16.99753580,,,26/09/2016
010.033-16.99753581,,,26/09/2016
010.033-16.99753582,,,26/09/2016
010.033-16.99753583,,,26/09/2016
010.033-16.99753584,,,26/09/2016
010.033-16.99753585,,,26/09/2016
010.033-16.99753586,,,26/09/2016
010.033-16.99753587,,,26/09/2016
010.033-16.99753588,,,26/09/2016
010.033-16.99753589,,,26/09/2016
010.033-16.99753590,,,26/09/2016
010.033-16.99753591,,,26/09/2016
010.033-16.99753592,,,26/09/2016
010.033-16.99753593,,,26/09/2016
010.033-16.99753594,,,26/09/2016
010.033-16.99753595,,,26/09/2016
010.033-16.99753596,,,26/09/2016
010.033-16.99753597,,,26/09/2016
010.033-16.99753598,,,26/09/2016
010.033-16.99753599,,,26/09/2016
010.033-16.99753600,,,26/09/2016
010.033-16.99753601,,,26/09/2016
010.033-16.99753602,,,26/09/2016
010.033-16.99753603,,,26/09/2016
010.033-16.99753604,,,26/09/2016
010.033-16.99753605,,,26/09/2016
010.033-16.99753606,,,26/09/2016
010.033-16.99753607,,,26/09/2016
010.033-16.99753608,,,26/09/2016
010.033-16.99753609,,,26/09/2016
010.033-16.99753610,,,26/09/2016
010.033-16.99753611,,,26/09/2016
010.033-16.99753612,,,26/09/2016
010.033-16.99753613,,,26/09/2016
010.033-16.99753614,,,26/09/2016
010.033-16.99753615,,,26/09/2016
010.033-16.99753616,,,26/09/2016
010.033-16.99753617,,,26/09/2016
010.033-16.99753618,,,26/09/2016
010.033-16.99753619,,,26/09/2016
010.033-16.99753620,,,26/09/2016
010.033-16.99753621,,,26/09/2016
010.033-16.99753622,,,26/09/2016
010.033-16.99753623,,,26/09/2016
010.033-16.99753624,,,26/09/2016
010.033-16.99753625,,,26/09/2016
010.033-16.99753626,,,26/09/2016
010.033-16.99753627,,,26/09/2016
010.033-16.99753628,,,26/09/2016
010.033-16.99753629,,,26/09/2016
010.033-16.99753630,,,26/09/2016
010.033-16.99753631,,,26/09/2016
010.033-16.99753632,,,26/09/2016
010.033-16.99753633,,,26/09/2016
010.033-16.99753634,,,26/09/2016
010.033-16.99753635,,,26/09/2016
010.033-16.99753636,,,26/09/2016
010.033-16.99753637,,,26/09/2016
010.033-16.99753638,,,26/09/2016
010.033-16.99753639,,,26/09/2016
010.033-16.99753640,,,26/09/2016
010.033-16.99753641,,,26/09/2016
010.033-16.99753642,,,26/09/2016
010.033-16.99753643,,,26/09/2016
010.033-16.99753644,,,26/09/2016
010.033-16.99753645,,,26/09/2016
010.033-16.99753646,,,26/09/2016
010.033-16.99753647,,,26/09/2016
010.033-16.99753648,,,26/09/2016
010.033-16.99753649,,,26/09/2016
010.033-16.99753650,,,26/09/2016
010.033-16.99753651,,,26/09/2016
010.033-16.99753652,,,26/09/2016
010.033-16.99753653,,,26/09/2016
010.033-16.99753654,,,26/09/2016
010.033-16.99753655,,,26/09/2016
010.033-16.99753656,,,26/09/2016
010.033-16.99753657,,,26/09/2016
010.033-16.99753658,,,26/09/2016
010.033-16.99753659,,,26/09/2016
010.033-16.99753660,,,26/09/2016
010.033-16.99753661,,,26/09/2016
010.033-16.99753662,,,26/09/2016
010.033-16.99753663,,,26/09/2016
010.033-16.99753664,,,26/09/2016
010.033-16.99753665,,,26/09/2016
010.033-16.99753666,,,26/09/2016
010.033-16.99753667,,,26/09/2016
010.033-16.99753668,,,26/09/2016
010.033-16.99753669,,,26/09/2016
010.033-16.99753670,,,26/09/2016
010.033-16.99753671,,,26/09/2016
010.033-16.99753672,,,26/09/2016
010.033-16.99753673,,,26/09/2016
010.033-16.99753674,,,26/09/2016
010.033-16.99756348,,,26/09/2016
010.033-16.99756349,,,26/09/2016
010.033-16.99756350,,,26/09/2016
010.033-16.99756351,,,26/09/2016
010.033-16.99756352,,,26/09/2016
010.033-16.99756353,,,26/09/2016
010.033-16.99756354,,,26/09/2016
010.033-16.99756355,,,26/09/2016
010.033-16.99756356,,,26/09/2016
010.033-16.99756357,,,26/09/2016
010.033-16.99756358,,,26/09/2016
010.033-16.99756359,,,26/09/2016
010.033-16.99756360,,,26/09/2016
010.033-16.99756361,,,26/09/2016
010.033-16.99756362,,,26/09/2016
010.033-16.99756363,,,26/09/2016
010.033-16.99756364,,,26/09/2016
010.033-16.99756365,,,26/09/2016
010.033-16.99756366,,,26/09/2016
010.033-16.99756367,,,26/09/2016
010.033-16.99756368,,,26/09/2016
010.033-16.99756369,,,26/09/2016
010.033-16.99756370,,,26/09/2016
010.033-16.99756371,,,26/09/2016
010.033-16.99756372,,,26/09/2016
010.033-16.99756373,,,26/09/2016
010.033-16.99756374,,,26/09/2016
010.033-16.99756375,,,26/09/2016
010.033-16.99756376,,,26/09/2016
010.033-16.99756377,,,26/09/2016
010.033-16.99756378,,,26/09/2016
010.033-16.99756379,,,26/09/2016
010.033-16.99756380,,,26/09/2016
010.033-16.99756381,,,26/09/2016
010.033-16.99756382,,,26/09/2016
010.033-16.99756383,,,26/09/2016
010.033-16.99756384,,,26/09/2016
010.033-16.99756385,,,26/09/2016
010.033-16.99756386,,,26/09/2016
010.033-16.99756387,,,26/09/2016
010.033-16.99756388,,,26/09/2016
010.033-16.99756389,,,26/09/2016
010.033-16.99756390,,,26/09/2016
010.033-16.99756391,,,26/09/2016
010.033-16.99756392,,,26/09/2016
010.033-16.99756393,,,26/09/2016
010.033-16.99756394,,,26/09/2016
010.033-16.99756395,,,26/09/2016
010.033-16.99756396,,,26/09/2016
010.033-16.99756397,,,26/09/2016
010.033-16.99756398,,,26/09/2016
010.033-16.99756399,,,26/09/2016
010.033-16.99756400,,,26/09/2016
010.033-16.99756401,,,26/09/2016
010.033-16.99756402,,,26/09/2016
010.033-16.99756403,,,26/09/2016
010.033-16.99756404,,,26/09/2016
010.033-16.99756405,,,26/09/2016
010.033-16.99756406,,,26/09/2016
010.033-16.99756407,,,26/09/2016
010.033-16.99756408,,,26/09/2016
010.033-16.99756409,,,26/09/2016
010.033-16.99756410,,,26/09/2016
010.033-16.99756411,,,26/09/2016
010.033-16.99756412,,,26/09/2016
010.033-16.99756413,,,26/09/2016
010.033-16.99756414,,,26/09/2016
010.033-16.99756415,,,26/09/2016
010.033-16.99756416,,,26/09/2016
010.033-16.99756417,,,26/09/2016
010.033-16.99756418,,,26/09/2016
010.033-16.99756419,,,26/09/2016
010.033-16.99756420,,,26/09/2016
010.033-16.99756421,,,26/09/2016
010.033-16.99756422,,,26/09/2016
010.033-16.99756423,,,26/09/2016
010.033-16.99756424,,,26/09/2016
010.033-16.99756425,,,26/09/2016
010.033-16.99756426,,,26/09/2016
010.033-16.99756427,,,26/09/2016
010.033-16.99756428,,,26/09/2016
010.033-16.99756429,,,26/09/2016
010.033-16.99756430,,,26/09/2016
010.033-16.99756431,,,26/09/2016
010.033-16.99756432,,,26/09/2016
010.033-16.99756433,,,26/09/2016
010.033-16.99756434,,,26/09/2016
010.033-16.99756435,,,26/09/2016
010.033-16.99756436,,,26/09/2016
010.033-16.99756437,,,26/09/2016
010.033-16.99756438,,,26/09/2016
010.033-16.99756439,,,26/09/2016
010.033-16.99756440,,,26/09/2016
010.033-16.99756441,,,26/09/2016
010.033-16.99756442,,,26/09/2016
010.033-16.99756443,,,26/09/2016
010.033-16.99756444,,,26/09/2016
010.033-16.99756445,,,26/09/2016
010.033-16.99756446,,,26/09/2016
010.033-16.99756447,,,26/09/2016
010.033-16.99756448,,,26/09/2016
010.033-16.99756449,,,26/09/2016
010.033-16.99756450,,,26/09/2016
010.033-16.99756451,,,26/09/2016
010.033-16.99756452,,,26/09/2016
010.033-16.99756453,,,26/09/2016
010.033-16.99756454,,,26/09/2016
010.033-16.99756455,,,26/09/2016
010.033-16.99756456,,,26/09/2016
010.033-16.99756457,,,26/09/2016
010.033-16.99756458,,,26/09/2016
010.033-16.99756459,,,26/09/2016
010.033-16.99756460,,,26/09/2016
010.033-16.99756461,,,26/09/2016
010.033-16.99756462,,,26/09/2016
010.033-16.99756463,,,26/09/2016
010.033-16.99756464,,,26/09/2016
010.033-16.99756465,,,26/09/2016
010.033-16.99756466,,,26/09/2016
010.033-16.99756467,,,26/09/2016
010.033-16.99756468,,,26/09/2016
010.033-16.99756469,,,26/09/2016
010.033-16.99756470,,,26/09/2016
010.033-16.99756471,,,26/09/2016
010.033-16.99756472,,,26/09/2016
010.033-16.99756473,,,26/09/2016
010.033-16.99756474,,,26/09/2016
010.033-16.99756475,,,26/09/2016
010.033-16.99756476,,,26/09/2016
010.033-16.99756477,,,26/09/2016
010.033-16.99756478,,,26/09/2016
010.033-16.99756479,,,26/09/2016
010.033-16.99756480,,,26/09/2016
010.033-16.99756481,,,26/09/2016
010.033-16.99756482,,,26/09/2016
010.033-16.99756483,,,26/09/2016
010.033-16.99756484,,,26/09/2016
010.033-16.99756485,,,26/09/2016
010.033-16.99756486,,,26/09/2016
010.033-16.99756487,,,26/09/2016
010.033-16.99756488,,,26/09/2016
010.033-16.99756489,,,26/09/2016
010.033-16.99756490,,,26/09/2016
010.033-16.99756491,,,26/09/2016
010.033-16.99756492,,,26/09/2016
010.033-16.99756493,,,26/09/2016
010.033-16.99756494,,,26/09/2016
010.033-16.99756495,,,26/09/2016
010.033-16.99756496,,,26/09/2016
010.033-16.99756497,,,26/09/2016
010.033-16.99756498,,,26/09/2016
010.033-16.99756499,,,26/09/2016
010.033-16.99756500,,,26/09/2016
010.033-16.99756501,,,26/09/2016
010.033-16.99756502,,,26/09/2016
010.033-16.99756503,,,26/09/2016
010.033-16.99756504,,,26/09/2016
010.033-16.99756505,,,26/09/2016
010.033-16.99756506,,,26/09/2016
010.033-16.99756507,,,26/09/2016
010.033-16.99756508,,,26/09/2016
010.033-16.99756509,,,26/09/2016
010.033-16.99756510,,,26/09/2016
010.033-16.99756511,,,26/09/2016
010.033-16.99756512,,,26/09/2016
010.033-16.99756513,,,26/09/2016
010.033-16.99756514,,,26/09/2016
010.033-16.99756515,,,26/09/2016
010.033-16.99756516,,,26/09/2016
010.033-16.99756517,,,26/09/2016
010.033-16.99756518,,,26/09/2016
010.033-16.99756519,,,26/09/2016
010.033-16.99756520,,,26/09/2016
010.033-16.99756521,,,26/09/2016
010.033-16.99756522,,,26/09/2016
010.033-16.99756523,,,26/09/2016
010.033-16.99753675,,,26/09/2016
010.033-16.99753676,,,26/09/2016
010.033-16.99753677,,,26/09/2016
010.033-16.99753678,,,26/09/2016
010.033-16.99753679,,,26/09/2016
010.033-16.99753680,,,26/09/2016
010.033-16.99753681,,,26/09/2016
010.033-16.99753682,,,26/09/2016
010.033-16.99753683,,,26/09/2016
010.033-16.99753684,,,26/09/2016
010.033-16.99753685,,,26/09/2016
010.033-16.99753686,,,26/09/2016
010.033-16.99753687,,,26/09/2016
010.033-16.99753688,,,26/09/2016
010.033-16.99753689,,,26/09/2016
010.033-16.99753690,,,26/09/2016
010.033-16.99753691,,,26/09/2016
010.033-16.99753692,,,26/09/2016
010.033-16.99753693,,,26/09/2016
010.033-16.99753694,,,26/09/2016
010.033-16.99753695,,,26/09/2016
010.033-16.99753696,,,26/09/2016
010.033-16.99753697,,,26/09/2016
010.033-16.99753698,,,26/09/2016
010.033-16.99753699,,,26/09/2016
010.033-16.99753700,,,26/09/2016
010.033-16.99753701,,,26/09/2016
010.033-16.99753702,,,26/09/2016
010.033-16.99753703,,,26/09/2016
010.033-16.99753704,,,26/09/2016
010.033-16.99753705,,,26/09/2016
010.033-16.99753706,,,26/09/2016
010.033-16.99753707,,,26/09/2016
010.033-16.99753708,,,26/09/2016
010.033-16.99753709,,,26/09/2016
010.033-16.99753710,,,26/09/2016
010.033-16.99753711,,,26/09/2016
010.033-16.99753712,,,26/09/2016
010.033-16.99753713,,,26/09/2016
010.033-16.99753714,,,26/09/2016
010.033-16.99753715,,,26/09/2016
010.033-16.99753716,,,26/09/2016
010.033-16.99753717,,,26/09/2016
010.033-16.99753718,,,26/09/2016
010.033-16.99753719,,,26/09/2016
010.033-16.99753720,,,26/09/2016
010.033-16.99753721,,,26/09/2016
010.033-16.99753722,,,26/09/2016
010.033-16.99753723,,,26/09/2016
010.033-16.99753724,,,26/09/2016
010.033-16.99753725,,,26/09/2016
010.033-16.99753726,,,26/09/2016
010.033-16.99753727,,,26/09/2016
010.033-16.99753728,,,26/09/2016
010.033-16.99753729,,,26/09/2016
010.033-16.99753730,,,26/09/2016
010.033-16.99753731,,,26/09/2016
010.033-16.99753732,,,26/09/2016
010.033-16.99753733,,,26/09/2016
010.033-16.99753734,,,26/09/2016
010.033-16.99753735,,,26/09/2016
010.033-16.99753736,,,26/09/2016
010.033-16.99753737,,,26/09/2016
010.033-16.99753738,,,26/09/2016
010.033-16.99753739,,,26/09/2016
010.033-16.99753740,,,26/09/2016
010.033-16.99753741,,,26/09/2016
010.033-16.99753742,,,26/09/2016
010.033-16.99753743,,,26/09/2016
010.033-16.99753744,,,26/09/2016
010.033-16.99753745,,,26/09/2016
010.033-16.99753746,,,26/09/2016
010.033-16.99753747,,,26/09/2016
010.033-16.99753748,,,26/09/2016
010.033-16.99753749,,,26/09/2016
010.033-16.99753750,,,26/09/2016
010.033-16.99753751,,,26/09/2016
010.033-16.99753752,,,26/09/2016
010.033-16.99753753,,,26/09/2016
010.033-16.99753754,,,26/09/2016
010.033-16.99753755,,,26/09/2016
010.033-16.99753756,,,26/09/2016
010.033-16.99753757,,,26/09/2016
010.033-16.99753758,,,26/09/2016
010.033-16.99753759,,,26/09/2016
010.033-16.99753760,,,26/09/2016
010.033-16.99753761,,,26/09/2016
010.033-16.99753762,,,26/09/2016
010.033-16.99756524,,,26/09/2016
010.033-16.99756525,,,26/09/2016
010.033-16.99756526,,,26/09/2016
010.033-16.99756527,,,26/09/2016
010.033-16.99756528,,,26/09/2016
010.033-16.99756529,,,26/09/2016
010.033-16.99756530,,,26/09/2016
010.033-16.99756531,,,26/09/2016
010.033-16.99756532,,,26/09/2016
010.033-16.99756533,,,26/09/2016
010.033-16.99756534,,,26/09/2016
010.033-16.99756535,,,26/09/2016
010.033-16.99756536,,,26/09/2016
010.033-16.99756537,,,26/09/2016
010.033-16.99756538,,,26/09/2016
010.033-16.99756539,,,26/09/2016
010.033-16.99756540,,,26/09/2016
010.033-16.99756541,,,26/09/2016
010.033-16.99756542,,,26/09/2016
010.033-16.99756543,,,26/09/2016
010.033-16.99756544,,,26/09/2016
010.033-16.99756545,,,26/09/2016
010.033-16.99756546,,,26/09/2016
010.033-16.99756547,,,26/09/2016
010.033-16.99756548,,,26/09/2016
010.033-16.99756549,,,26/09/2016
010.033-16.99756550,,,26/09/2016
010.033-16.99756551,,,26/09/2016
010.033-16.99756552,,,26/09/2016
010.033-16.99756553,,,26/09/2016
010.033-16.99756554,,,26/09/2016
010.033-16.99756555,,,26/09/2016
010.033-16.99756556,,,26/09/2016
010.033-16.99756557,,,26/09/2016
010.033-16.99756558,,,26/09/2016
010.033-16.99756559,,,26/09/2016
010.033-16.99756560,,,26/09/2016
010.033-16.99756561,,,26/09/2016
010.033-16.99756562,,,26/09/2016
010.033-16.99756563,,,26/09/2016
010.033-16.99756564,,,26/09/2016
010.033-16.99756565,,,26/09/2016
010.033-16.99756566,,,26/09/2016
010.033-16.99756567,,,26/09/2016
010.033-16.99756568,,,26/09/2016
010.033-16.99756569,,,26/09/2016
010.033-16.99756570,,,26/09/2016
010.033-16.99756571,,,26/09/2016
010.033-16.99756572,,,26/09/2016
010.033-16.99756573,,,26/09/2016
010.033-16.99756574,,,26/09/2016
010.033-16.99756575,,,26/09/2016
010.033-16.99756576,,,26/09/2016
010.033-16.99756577,,,26/09/2016
010.033-16.99756578,,,26/09/2016
010.033-16.99756579,,,26/09/2016
010.033-16.99756580,,,26/09/2016
010.033-16.99756581,,,26/09/2016
010.033-16.99756582,,,26/09/2016
010.033-16.99756583,,,26/09/2016
010.033-16.99756584,,,26/09/2016
010.033-16.99756585,,,26/09/2016
010.033-16.99756586,,,26/09/2016
010.033-16.99756587,,,26/09/2016
010.033-16.99756588,,,26/09/2016
010.033-16.99756589,,,26/09/2016
010.033-16.99756590,,,26/09/2016
010.033-16.99756591,,,26/09/2016
010.033-16.99756592,,,26/09/2016
010.033-16.99756593,,,26/09/2016
010.033-16.99756594,,,26/09/2016
010.033-16.99756595,,,26/09/2016
010.033-16.99756596,,,26/09/2016
010.033-16.99756597,,,26/09/2016
010.033-16.99756598,,,26/09/2016
010.033-16.99756599,,,26/09/2016
010.033-16.99756600,,,26/09/2016
010.033-16.99756601,,,26/09/2016
010.033-16.99756602,,,26/09/2016
010.033-16.99756603,,,26/09/2016
010.033-16.99756604,,,26/09/2016
010.033-16.99756605,,,26/09/2016
010.033-16.99756606,,,26/09/2016
010.033-16.99756607,,,26/09/2016
010.033-16.99756608,,,26/09/2016
010.033-16.99756609,,,26/09/2016
010.033-16.99756610,,,26/09/2016
010.033-16.99756611,,,26/09/2016
010.033-16.99753763,,,26/09/2016
010.033-16.99753764,,,26/09/2016
010.033-16.99753765,,,26/09/2016
010.033-16.99753766,,,26/09/2016
010.033-16.99753767,,,26/09/2016
010.033-16.99753768,,,26/09/2016
010.033-16.99753769,,,26/09/2016
010.033-16.99753770,,,26/09/2016
010.033-16.99753771,,,26/09/2016
010.033-16.99753772,,,26/09/2016
010.033-16.99753773,,,26/09/2016
010.033-16.99753774,,,26/09/2016
010.033-16.99753775,,,26/09/2016
010.033-16.99753776,,,26/09/2016
010.033-16.99753777,,,26/09/2016
010.033-16.99753778,,,26/09/2016
010.033-16.99753779,,,26/09/2016
010.033-16.99753780,,,26/09/2016
010.033-16.99753781,,,26/09/2016
010.033-16.99753782,,,26/09/2016
010.033-16.99753783,,,26/09/2016
010.033-16.99753784,,,26/09/2016
010.033-16.99753785,,,26/09/2016
010.033-16.99753786,,,26/09/2016
010.033-16.99753787,,,26/09/2016
010.033-16.99753788,,,26/09/2016
010.033-16.99753789,,,26/09/2016
010.033-16.99753790,,,26/09/2016
010.033-16.99753791,,,26/09/2016
010.033-16.99753792,,,26/09/2016
010.033-16.99753793,,,26/09/2016
010.033-16.99753794,,,26/09/2016
010.033-16.99753795,,,26/09/2016
010.033-16.99753796,,,26/09/2016
010.033-16.99753797,,,26/09/2016
010.033-16.99753798,,,26/09/2016
010.033-16.99753799,,,26/09/2016
010.033-16.99753800,,,26/09/2016
010.033-16.99753801,,,26/09/2016
010.033-16.99753802,,,26/09/2016
010.033-16.99753803,,,26/09/2016
010.033-16.99753804,,,26/09/2016
010.033-16.99753805,,,26/09/2016
010.033-16.99753806,,,26/09/2016
010.033-16.99753807,,,26/09/2016
010.033-16.99753808,,,26/09/2016
010.033-16.99753809,,,26/09/2016
010.033-16.99753810,,,26/09/2016
010.033-16.99753811,,,26/09/2016
010.033-16.99753812,,,26/09/2016
010.033-16.99753813,,,26/09/2016
010.033-16.99753814,,,26/09/2016
010.033-16.99753815,,,26/09/2016
010.033-16.99753816,,,26/09/2016
010.033-16.99753817,,,26/09/2016
010.033-16.99753818,,,26/09/2016
010.033-16.99753819,,,26/09/2016
010.033-16.99753820,,,26/09/2016
010.033-16.99753821,,,26/09/2016
010.033-16.99753822,,,26/09/2016
010.033-16.99753823,,,26/09/2016
010.033-16.99753824,,,26/09/2016
010.033-16.99753825,,,26/09/2016
010.033-16.99753826,,,26/09/2016
010.033-16.99753827,,,26/09/2016
010.033-16.99753828,,,26/09/2016
010.033-16.99753829,,,26/09/2016
010.033-16.99753830,,,26/09/2016
010.033-16.99753831,,,26/09/2016
010.033-16.99753832,,,26/09/2016
010.033-16.99753833,,,26/09/2016
010.033-16.99753834,,,26/09/2016
010.033-16.99753835,,,26/09/2016
010.033-16.99753836,,,26/09/2016
010.033-16.99753837,,,26/09/2016
010.033-16.99753838,,,26/09/2016
010.033-16.99753839,,,26/09/2016
010.033-16.99753840,,,26/09/2016
010.033-16.99753841,,,26/09/2016
010.033-16.99753842,,,26/09/2016
010.033-16.99753843,,,26/09/2016
010.033-16.99753844,,,26/09/2016
010.033-16.99753845,,,26/09/2016
010.033-16.99753846,,,26/09/2016
010.033-16.99753847,,,26/09/2016
010.033-16.99753848,,,26/09/2016
010.033-16.99753849,,,26/09/2016
010.033-16.99753850,,,26/09/2016
010.033-16.99756612,,,26/09/2016
010.033-16.99756613,,,26/09/2016
010.033-16.99756614,,,26/09/2016
010.033-16.99756615,,,26/09/2016
010.033-16.99756616,,,26/09/2016
010.033-16.99756617,,,26/09/2016
010.033-16.99756618,,,26/09/2016
010.033-16.99756619,,,26/09/2016
010.033-16.99756620,,,26/09/2016
010.033-16.99756621,,,26/09/2016
010.033-16.99756622,,,26/09/2016
010.033-16.99756623,,,26/09/2016
010.033-16.99756624,,,26/09/2016
010.033-16.99756625,,,26/09/2016
010.033-16.99756626,,,26/09/2016
010.033-16.99756627,,,26/09/2016
010.033-16.99756628,,,26/09/2016
010.033-16.99756629,,,26/09/2016
010.033-16.99756630,,,26/09/2016
010.033-16.99756631,,,26/09/2016
010.033-16.99756632,,,26/09/2016
010.033-16.99756633,,,26/09/2016
010.033-16.99756634,,,26/09/2016
010.033-16.99756635,,,26/09/2016
010.033-16.99756636,,,26/09/2016
010.033-16.99756637,,,26/09/2016
010.033-16.99756638,,,26/09/2016
010.033-16.99756639,,,26/09/2016
010.033-16.99756640,,,26/09/2016
010.033-16.99756641,,,26/09/2016
010.033-16.99756642,,,26/09/2016
010.033-16.99756643,,,26/09/2016
010.033-16.99756644,,,26/09/2016
010.033-16.99756645,,,26/09/2016
010.033-16.99756646,,,26/09/2016
010.033-16.99756647,,,26/09/2016
010.033-16.99756648,,,26/09/2016
010.033-16.99756649,,,26/09/2016
010.033-16.99756650,,,26/09/2016
010.033-16.99756651,,,26/09/2016
010.033-16.99756652,,,26/09/2016
010.033-16.99756653,,,26/09/2016
010.033-16.99756654,,,26/09/2016
010.033-16.99756655,,,26/09/2016
010.033-16.99756656,,,26/09/2016
010.033-16.99756657,,,26/09/2016
010.033-16.99756658,,,26/09/2016
010.033-16.99756659,,,26/09/2016
010.033-16.99756660,,,26/09/2016
010.033-16.99756661,,,26/09/2016
010.033-16.99756662,,,26/09/2016
010.033-16.99756663,,,26/09/2016
010.033-16.99756664,,,26/09/2016
010.033-16.99756665,,,26/09/2016
010.033-16.99756666,,,26/09/2016
010.033-16.99756667,,,26/09/2016
010.033-16.99756668,,,26/09/2016
010.033-16.99756669,,,26/09/2016
010.033-16.99756670,,,26/09/2016
010.033-16.99756671,,,26/09/2016
010.033-16.99756672,,,26/09/2016
010.033-16.99756673,,,26/09/2016
010.033-16.99756674,,,26/09/2016
010.033-16.99756675,,,26/09/2016
010.033-16.99756676,,,26/09/2016
010.033-16.99756677,,,26/09/2016
010.033-16.99756678,,,26/09/2016
010.033-16.99756679,,,26/09/2016
010.033-16.99756680,,,26/09/2016
010.033-16.99756681,,,26/09/2016
010.033-16.99756682,,,26/09/2016
010.033-16.99756683,,,26/09/2016
010.033-16.99756684,,,26/09/2016
010.033-16.99756685,,,26/09/2016
010.033-16.99756686,,,26/09/2016
010.033-16.99756687,,,26/09/2016
010.033-16.99756688,,,26/09/2016
010.033-16.99756689,,,26/09/2016
010.033-16.99756690,,,26/09/2016
010.033-16.99756691,,,26/09/2016
010.033-16.99756692,,,26/09/2016
010.033-16.99756693,,,26/09/2016
010.033-16.99756694,,,26/09/2016
010.033-16.99756695,,,26/09/2016
010.033-16.99756696,,,26/09/2016
010.033-16.99756697,,,26/09/2016
010.033-16.99756698,,,26/09/2016
010.033-16.99756699,,,26/09/2016
010.033-16.99753851,,,26/09/2016
010.033-16.99753852,,,26/09/2016
010.033-16.99753853,,,26/09/2016
010.033-16.99753854,,,26/09/2016
010.033-16.99753855,,,26/09/2016
010.033-16.99753856,,,26/09/2016
010.033-16.99753857,,,26/09/2016
010.033-16.99753858,,,26/09/2016
010.033-16.99753859,,,26/09/2016
010.033-16.99753860,,,26/09/2016
010.033-16.99753861,,,26/09/2016
010.033-16.99753862,,,26/09/2016
010.033-16.99753863,,,26/09/2016
010.033-16.99753864,,,26/09/2016
010.033-16.99753865,,,26/09/2016
010.033-16.99753866,,,26/09/2016
010.033-16.99753867,,,26/09/2016
010.033-16.99753868,,,26/09/2016
010.033-16.99753869,,,26/09/2016
010.033-16.99753870,,,26/09/2016
010.033-16.99753871,,,26/09/2016
010.033-16.99753872,,,26/09/2016
010.033-16.99753873,,,26/09/2016
010.033-16.99753874,,,26/09/2016
010.033-16.99753875,,,26/09/2016
010.033-16.99753876,,,26/09/2016
010.033-16.99753877,,,26/09/2016
010.033-16.99753878,,,26/09/2016
010.033-16.99753879,,,26/09/2016
010.033-16.99753880,,,26/09/2016
010.033-16.99753881,,,26/09/2016
010.033-16.99753882,,,26/09/2016
010.033-16.99753883,,,26/09/2016
010.033-16.99753884,,,26/09/2016
010.033-16.99753885,,,26/09/2016
010.033-16.99753886,,,26/09/2016
010.033-16.99753887,,,26/09/2016
010.033-16.99753888,,,26/09/2016
010.033-16.99753889,,,26/09/2016
010.033-16.99753890,,,26/09/2016
010.033-16.99753891,,,26/09/2016
010.033-16.99753892,,,26/09/2016
010.033-16.99753893,,,26/09/2016
010.033-16.99753894,,,26/09/2016
010.033-16.99753895,,,26/09/2016
010.033-16.99753896,,,26/09/2016
010.033-16.99753897,,,26/09/2016
010.033-16.99753898,,,26/09/2016
010.033-16.99753899,,,26/09/2016
010.033-16.99753900,,,26/09/2016
010.033-16.99753901,,,26/09/2016
010.033-16.99753902,,,26/09/2016
010.033-16.99753903,,,26/09/2016
010.033-16.99753904,,,26/09/2016
010.033-16.99753905,,,26/09/2016
010.033-16.99753906,,,26/09/2016
010.033-16.99753907,,,26/09/2016
010.033-16.99753908,,,26/09/2016
010.033-16.99753909,,,26/09/2016
010.033-16.99753910,,,26/09/2016
010.033-16.99753911,,,26/09/2016
010.033-16.99753912,,,26/09/2016
010.033-16.99753913,,,26/09/2016
010.033-16.99753914,,,26/09/2016
010.033-16.99753915,,,26/09/2016
010.033-16.99753916,,,26/09/2016
010.033-16.99753917,,,26/09/2016
010.033-16.99753918,,,26/09/2016
010.033-16.99753919,,,26/09/2016
010.033-16.99753920,,,26/09/2016
010.033-16.99753921,,,26/09/2016
010.033-16.99753922,,,26/09/2016
010.033-16.99753923,,,26/09/2016
010.033-16.99753924,,,26/09/2016
010.033-16.99753925,,,26/09/2016
010.033-16.99753926,,,26/09/2016
010.033-16.99753927,,,26/09/2016
010.033-16.99753928,,,26/09/2016
010.033-16.99753929,,,26/09/2016
010.033-16.99753930,,,26/09/2016
010.033-16.99753931,,,26/09/2016
010.033-16.99753932,,,26/09/2016
010.033-16.99753933,,,26/09/2016
010.033-16.99753934,,,26/09/2016
010.033-16.99753935,,,26/09/2016
010.033-16.99753936,,,26/09/2016
010.033-16.99753937,,,26/09/2016
010.033-16.99753938,,,26/09/2016
010.033-16.99756700,,,26/09/2016
010.033-16.99756701,,,26/09/2016
010.033-16.99756702,,,26/09/2016
010.033-16.99756703,,,26/09/2016
010.033-16.99756704,,,26/09/2016
010.033-16.99756705,,,26/09/2016
010.033-16.99756706,,,26/09/2016
010.033-16.99756707,,,26/09/2016
010.033-16.99756708,,,26/09/2016
010.033-16.99756709,,,26/09/2016
010.033-16.99756710,,,26/09/2016
010.033-16.99756711,,,26/09/2016
010.033-16.99756712,,,26/09/2016
010.033-16.99756713,,,26/09/2016
010.033-16.99756714,,,26/09/2016
010.033-16.99756715,,,26/09/2016
010.033-16.99756716,,,26/09/2016
010.033-16.99756717,,,26/09/2016
010.033-16.99756718,,,26/09/2016
010.033-16.99756719,,,26/09/2016
010.033-16.99756720,,,26/09/2016
010.033-16.99756721,,,26/09/2016
010.033-16.99756722,,,26/09/2016
010.033-16.99756723,,,26/09/2016
010.033-16.99756724,,,26/09/2016
010.033-16.99756725,,,26/09/2016
010.033-16.99756726,,,26/09/2016
010.033-16.99756727,,,26/09/2016
010.033-16.99756728,,,26/09/2016
010.033-16.99756729,,,26/09/2016
010.033-16.99756730,,,26/09/2016
010.033-16.99756731,,,26/09/2016
010.033-16.99756732,,,26/09/2016
010.033-16.99756733,,,26/09/2016
010.033-16.99756734,,,26/09/2016
010.033-16.99756735,,,26/09/2016
010.033-16.99756736,,,26/09/2016
010.033-16.99756737,,,26/09/2016
010.033-16.99756738,,,26/09/2016
010.033-16.99756739,,,26/09/2016
010.033-16.99756740,,,26/09/2016
010.033-16.99756741,,,26/09/2016
010.033-16.99756742,,,26/09/2016
010.033-16.99756743,,,26/09/2016
010.033-16.99756744,,,26/09/2016
010.033-16.99756745,,,26/09/2016
010.033-16.99756746,,,26/09/2016
010.033-16.99756747,,,26/09/2016
010.033-16.99756748,,,26/09/2016
010.033-16.99756749,,,26/09/2016
010.033-16.99756750,,,26/09/2016
010.033-16.99756751,,,26/09/2016
010.033-16.99756752,,,26/09/2016
010.033-16.99756753,,,26/09/2016
010.033-16.99756754,,,26/09/2016
010.033-16.99756755,,,26/09/2016
010.033-16.99756756,,,26/09/2016
010.033-16.99756757,,,26/09/2016
010.033-16.99756758,,,26/09/2016
010.033-16.99756759,,,26/09/2016
010.033-16.99756760,,,26/09/2016
010.033-16.99756761,,,26/09/2016
010.033-16.99756762,,,26/09/2016
010.033-16.99756763,,,26/09/2016
010.033-16.99756764,,,26/09/2016
010.033-16.99756765,,,26/09/2016
010.033-16.99756766,,,26/09/2016
010.033-16.99756767,,,26/09/2016
010.033-16.99756768,,,26/09/2016
010.033-16.99756769,,,26/09/2016
010.033-16.99756770,,,26/09/2016
010.033-16.99756771,,,26/09/2016
010.033-16.99756772,,,26/09/2016
010.033-16.99756773,,,26/09/2016
010.033-16.99756774,,,26/09/2016
010.033-16.99756775,,,26/09/2016
010.033-16.99756776,,,26/09/2016
010.033-16.99756777,,,26/09/2016
010.033-16.99756778,,,26/09/2016
010.033-16.99756779,,,26/09/2016
010.033-16.99756780,,,26/09/2016
010.033-16.99756781,,,26/09/2016
010.033-16.99756782,,,26/09/2016
010.033-16.99756783,,,26/09/2016
010.033-16.99756784,,,26/09/2016
010.033-16.99756785,,,26/09/2016
010.033-16.99756786,,,26/09/2016
010.033-16.99756787,,,26/09/2016
010.033-16.99753939,,,26/09/2016
010.033-16.99753940,,,26/09/2016
010.033-16.99753941,,,26/09/2016
010.033-16.99753942,,,26/09/2016
010.033-16.99753943,,,26/09/2016
010.033-16.99753944,,,26/09/2016
010.033-16.99753945,,,26/09/2016
010.033-16.99753946,,,26/09/2016
010.033-16.99753947,,,26/09/2016
010.033-16.99753948,,,26/09/2016
010.033-16.99753949,,,26/09/2016
010.033-16.99753950,,,26/09/2016
010.033-16.99753951,,,26/09/2016
010.033-16.99753952,,,26/09/2016
010.033-16.99753953,,,26/09/2016
010.033-16.99753954,,,26/09/2016
010.033-16.99753955,,,26/09/2016
010.033-16.99753956,,,26/09/2016
010.033-16.99753957,,,26/09/2016
010.033-16.99753958,,,26/09/2016
010.033-16.99753959,,,26/09/2016
010.033-16.99753960,,,26/09/2016
010.033-16.99753961,,,26/09/2016
010.033-16.99753962,,,26/09/2016
010.033-16.99753963,,,26/09/2016
010.033-16.99753964,,,26/09/2016
010.033-16.99753965,,,26/09/2016
010.033-16.99753966,,,26/09/2016
010.033-16.99753967,,,26/09/2016
010.033-16.99753968,,,26/09/2016
010.033-16.99753969,,,26/09/2016
010.033-16.99753970,,,26/09/2016
010.033-16.99753971,,,26/09/2016
010.033-16.99753972,,,26/09/2016
010.033-16.99753973,,,26/09/2016
010.033-16.99753974,,,26/09/2016
010.033-16.99753975,,,26/09/2016
010.033-16.99753976,,,26/09/2016
010.033-16.99753977,,,26/09/2016
010.033-16.99753978,,,26/09/2016
010.033-16.99753979,,,26/09/2016
010.033-16.99753980,,,26/09/2016
010.033-16.99753981,,,26/09/2016
010.033-16.99753982,,,26/09/2016
010.033-16.99753983,,,26/09/2016
010.033-16.99753984,,,26/09/2016
010.033-16.99753985,,,26/09/2016
010.033-16.99753986,,,26/09/2016
010.033-16.99753987,,,26/09/2016
010.033-16.99753988,,,26/09/2016
010.033-16.99753989,,,26/09/2016
010.033-16.99753990,,,26/09/2016
010.033-16.99753991,,,26/09/2016
010.033-16.99753992,,,26/09/2016
010.033-16.99753993,,,26/09/2016
010.033-16.99753994,,,26/09/2016
010.033-16.99753995,,,26/09/2016
010.033-16.99753996,,,26/09/2016
010.033-16.99753997,,,26/09/2016
010.033-16.99753998,,,26/09/2016
010.033-16.99753999,,,26/09/2016
010.033-16.99754000,,,26/09/2016
010.033-16.99754001,,,26/09/2016
010.033-16.99754002,,,26/09/2016
010.033-16.99754003,,,26/09/2016
010.033-16.99754004,,,26/09/2016
010.033-16.99754005,,,26/09/2016
010.033-16.99754006,,,26/09/2016
010.033-16.99754007,,,26/09/2016
010.033-16.99754008,,,26/09/2016
010.033-16.99754009,,,26/09/2016
010.033-16.99754010,,,26/09/2016
010.033-16.99754011,,,26/09/2016
010.033-16.99754012,,,26/09/2016
010.033-16.99754013,,,26/09/2016
010.033-16.99754014,,,26/09/2016
010.033-16.99754015,,,26/09/2016
010.033-16.99754016,,,26/09/2016
010.033-16.99754017,,,26/09/2016
010.033-16.99754018,,,26/09/2016
010.033-16.99754019,,,26/09/2016
010.033-16.99754020,,,26/09/2016
010.033-16.99754021,,,26/09/2016
010.033-16.99754022,,,26/09/2016
010.033-16.99754023,,,26/09/2016
010.033-16.99754024,,,26/09/2016
010.033-16.99754025,,,26/09/2016
010.033-16.99754026,,,26/09/2016
010.033-16.99756788,,,26/09/2016
010.033-16.99756789,,,26/09/2016
010.033-16.99756790,,,26/09/2016
010.033-16.99756791,,,26/09/2016
010.033-16.99756792,,,26/09/2016
010.033-16.99756793,,,26/09/2016
010.033-16.99756794,,,26/09/2016
010.033-16.99756795,,,26/09/2016
010.033-16.99756796,,,26/09/2016
010.033-16.99756797,,,26/09/2016
010.033-16.99756798,,,26/09/2016
010.033-16.99756799,,,26/09/2016
010.033-16.99756800,,,26/09/2016
010.033-16.99756801,,,26/09/2016
010.033-16.99756802,,,26/09/2016
010.033-16.99756803,,,26/09/2016
010.033-16.99756804,,,26/09/2016
010.033-16.99756805,,,26/09/2016
010.033-16.99756806,,,26/09/2016
010.033-16.99756807,,,26/09/2016
010.033-16.99756808,,,26/09/2016
010.033-16.99756809,,,26/09/2016
010.033-16.99756810,,,26/09/2016
010.033-16.99756811,,,26/09/2016
010.033-16.99756812,,,26/09/2016
010.033-16.99756813,,,26/09/2016
010.033-16.99756814,,,26/09/2016
010.033-16.99756815,,,26/09/2016
010.033-16.99756816,,,26/09/2016
010.033-16.99756817,,,26/09/2016
010.033-16.99756818,,,26/09/2016
010.033-16.99756819,,,26/09/2016
010.033-16.99756820,,,26/09/2016
010.033-16.99756821,,,26/09/2016
010.033-16.99756822,,,26/09/2016
010.033-16.99756823,,,26/09/2016
010.033-16.99756824,,,26/09/2016
010.033-16.99756825,,,26/09/2016
010.033-16.99756826,,,26/09/2016
010.033-16.99756827,,,26/09/2016
010.033-16.99756828,,,26/09/2016
010.033-16.99756829,,,26/09/2016
010.033-16.99756830,,,26/09/2016
010.033-16.99756831,,,26/09/2016
010.033-16.99756832,,,26/09/2016
010.033-16.99756833,,,26/09/2016
010.033-16.99756834,,,26/09/2016
010.033-16.99756835,,,26/09/2016
010.033-16.99756836,,,26/09/2016
010.033-16.99756837,,,26/09/2016
010.033-16.99756838,,,26/09/2016
010.033-16.99756839,,,26/09/2016
010.033-16.99756840,,,26/09/2016
010.033-16.99756841,,,26/09/2016
010.033-16.99756842,,,26/09/2016
010.033-16.99756843,,,26/09/2016
010.033-16.99756844,,,26/09/2016
010.033-16.99756845,,,26/09/2016
010.033-16.99756846,,,26/09/2016
010.033-16.99756847,,,26/09/2016
010.033-16.99756848,,,26/09/2016
010.033-16.99756849,,,26/09/2016
010.033-16.99756850,,,26/09/2016
010.033-16.99756851,,,26/09/2016
010.033-16.99756852,,,26/09/2016
010.033-16.99756853,,,26/09/2016
010.033-16.99756854,,,26/09/2016
010.033-16.99756855,,,26/09/2016
010.033-16.99756856,,,26/09/2016
010.033-16.99756857,,,26/09/2016
010.033-16.99756858,,,26/09/2016
010.033-16.99756859,,,26/09/2016
010.033-16.99756860,,,26/09/2016
010.033-16.99756861,,,26/09/2016
010.033-16.99756862,,,26/09/2016
010.033-16.99756863,,,26/09/2016
010.033-16.99756864,,,26/09/2016
010.033-16.99756865,,,26/09/2016
010.033-16.99756866,,,26/09/2016
010.033-16.99756867,,,26/09/2016
010.033-16.99756868,,,26/09/2016
010.033-16.99756869,,,26/09/2016
010.033-16.99756870,,,26/09/2016
010.033-16.99756871,,,26/09/2016
010.033-16.99756872,,,26/09/2016
010.033-16.99756873,,,26/09/2016
010.033-16.99756874,,,26/09/2016
010.033-16.99756875,,,26/09/2016
010.033-16.99754027,,,26/09/2016
010.033-16.99754028,,,26/09/2016
010.033-16.99754029,,,26/09/2016
010.033-16.99754030,,,26/09/2016
010.033-16.99754031,,,26/09/2016
010.033-16.99754032,,,26/09/2016
010.033-16.99754033,,,26/09/2016
010.033-16.99754034,,,26/09/2016
010.033-16.99754035,,,26/09/2016
010.033-16.99754036,,,26/09/2016
010.033-16.99754037,,,26/09/2016
010.033-16.99754038,,,26/09/2016
010.033-16.99754039,,,26/09/2016
010.033-16.99754040,,,26/09/2016
010.033-16.99754041,,,26/09/2016
010.033-16.99754042,,,26/09/2016
010.033-16.99754043,,,26/09/2016
010.033-16.99754044,,,26/09/2016
010.033-16.99754045,,,26/09/2016
010.033-16.99754046,,,26/09/2016
010.033-16.99754047,,,26/09/2016
010.033-16.99754048,,,26/09/2016
010.033-16.99754049,,,26/09/2016
010.033-16.99754050,,,26/09/2016
010.033-16.99754051,,,26/09/2016
010.033-16.99754052,,,26/09/2016
010.033-16.99754053,,,26/09/2016
010.033-16.99754054,,,26/09/2016
010.033-16.99754055,,,26/09/2016
010.033-16.99754056,,,26/09/2016
010.033-16.99754057,,,26/09/2016
010.033-16.99754058,,,26/09/2016
010.033-16.99754059,,,26/09/2016
010.033-16.99754060,,,26/09/2016
010.033-16.99754061,,,26/09/2016
010.033-16.99754062,,,26/09/2016
010.033-16.99754063,,,26/09/2016
010.033-16.99754064,,,26/09/2016
010.033-16.99754065,,,26/09/2016
010.033-16.99754066,,,26/09/2016
010.033-16.99754067,,,26/09/2016
010.033-16.99754068,,,26/09/2016
010.033-16.99754069,,,26/09/2016
010.033-16.99754070,,,26/09/2016
010.033-16.99754071,,,26/09/2016
010.033-16.99754072,,,26/09/2016
010.033-16.99754073,,,26/09/2016
010.033-16.99754074,,,26/09/2016
010.033-16.99754075,,,26/09/2016
010.033-16.99754076,,,26/09/2016
010.033-16.99754077,,,26/09/2016
010.033-16.99754078,,,26/09/2016
010.033-16.99754079,,,26/09/2016
010.033-16.99754080,,,26/09/2016
010.033-16.99754081,,,26/09/2016
010.033-16.99754082,,,26/09/2016
010.033-16.99754083,,,26/09/2016
010.033-16.99754084,,,26/09/2016
010.033-16.99754085,,,26/09/2016
010.033-16.99754086,,,26/09/2016
010.033-16.99754087,,,26/09/2016
010.033-16.99754088,,,26/09/2016
010.033-16.99754089,,,26/09/2016
010.033-16.99754090,,,26/09/2016
010.033-16.99754091,,,26/09/2016
010.033-16.99754092,,,26/09/2016
010.033-16.99754093,,,26/09/2016
010.033-16.99754094,,,26/09/2016
010.033-16.99754095,,,26/09/2016
010.033-16.99754096,,,26/09/2016
010.033-16.99754097,,,26/09/2016
010.033-16.99754098,,,26/09/2016
010.033-16.99754099,,,26/09/2016
010.033-16.99754100,,,26/09/2016
010.033-16.99754101,,,26/09/2016
010.033-16.99754102,,,26/09/2016
010.033-16.99754103,,,26/09/2016
010.033-16.99754104,,,26/09/2016
010.033-16.99754105,,,26/09/2016
010.033-16.99754106,,,26/09/2016
010.033-16.99754107,,,26/09/2016
010.033-16.99754108,,,26/09/2016
010.033-16.99754109,,,26/09/2016
010.033-16.99754110,,,26/09/2016
010.033-16.99754111,,,26/09/2016
010.033-16.99754112,,,26/09/2016
010.033-16.99754113,,,26/09/2016
010.033-16.99754114,,,26/09/2016
010.033-16.99756876,,,26/09/2016
010.033-16.99756877,,,26/09/2016
010.033-16.99756878,,,26/09/2016
010.033-16.99756879,,,26/09/2016
010.033-16.99756880,,,26/09/2016
010.033-16.99756881,,,26/09/2016
010.033-16.99756882,,,26/09/2016
010.033-16.99756883,,,26/09/2016
010.033-16.99756884,,,26/09/2016
010.033-16.99756885,,,26/09/2016
010.033-16.99756886,,,26/09/2016
010.033-16.99756887,,,26/09/2016
010.033-16.99756888,,,26/09/2016
010.033-16.99756889,,,26/09/2016
010.033-16.99756890,,,26/09/2016
010.033-16.99756891,,,26/09/2016
010.033-16.99756892,,,26/09/2016
010.033-16.99756893,,,26/09/2016
010.033-16.99756894,,,26/09/2016
010.033-16.99756895,,,26/09/2016
010.033-16.99756896,,,26/09/2016
010.033-16.99756897,,,26/09/2016
010.033-16.99756898,,,26/09/2016
010.033-16.99756899,,,26/09/2016
010.033-16.99756900,,,26/09/2016
010.033-16.99756901,,,26/09/2016
010.033-16.99756902,,,26/09/2016
010.033-16.99756903,,,26/09/2016
010.033-16.99756904,,,26/09/2016
010.033-16.99756905,,,26/09/2016
010.033-16.99756906,,,26/09/2016
010.033-16.99756907,,,26/09/2016
010.033-16.99756908,,,26/09/2016
010.033-16.99756909,,,26/09/2016
010.033-16.99756910,,,26/09/2016
010.033-16.99756911,,,26/09/2016
010.033-16.99756912,,,26/09/2016
010.033-16.99756913,,,26/09/2016
010.033-16.99756914,,,26/09/2016
010.033-16.99756915,,,26/09/2016
010.033-16.99756916,,,26/09/2016
010.033-16.99756917,,,26/09/2016
010.033-16.99756918,,,26/09/2016
010.033-16.99756919,,,26/09/2016
010.033-16.99756920,,,26/09/2016
010.033-16.99756921,,,26/09/2016
010.033-16.99756922,,,26/09/2016
010.033-16.99756923,,,26/09/2016
010.033-16.99756924,,,26/09/2016
010.033-16.99756925,,,26/09/2016
010.033-16.99756926,,,26/09/2016
010.033-16.99756927,,,26/09/2016
010.033-16.99756928,,,26/09/2016
010.033-16.99756929,,,26/09/2016
010.033-16.99756930,,,26/09/2016
010.033-16.99756931,,,26/09/2016
010.033-16.99756932,,,26/09/2016
010.033-16.99756933,,,26/09/2016
010.033-16.99756934,,,26/09/2016
010.033-16.99756935,,,26/09/2016
010.033-16.99756936,,,26/09/2016
010.033-16.99756937,,,26/09/2016
010.033-16.99756938,,,26/09/2016
010.033-16.99756939,,,26/09/2016
010.033-16.99756940,,,26/09/2016
010.033-16.99756941,,,26/09/2016
010.033-16.99756942,,,26/09/2016
010.033-16.99756943,,,26/09/2016
010.033-16.99756944,,,26/09/2016
010.033-16.99756945,,,26/09/2016
010.033-16.99756946,,,26/09/2016
010.033-16.99756947,,,26/09/2016
010.033-16.99756948,,,26/09/2016
010.033-16.99756949,,,26/09/2016
010.033-16.99756950,,,26/09/2016
010.033-16.99756951,,,26/09/2016
010.033-16.99756952,,,26/09/2016
010.033-16.99756953,,,26/09/2016
010.033-16.99756954,,,26/09/2016
010.033-16.99756955,,,26/09/2016
010.033-16.99756956,,,26/09/2016
010.033-16.99756957,,,26/09/2016
010.033-16.99756958,,,26/09/2016
010.033-16.99756959,,,26/09/2016
010.033-16.99756960,,,26/09/2016
010.033-16.99756961,,,26/09/2016
010.033-16.99756962,,,26/09/2016
010.033-16.99756963,,,26/09/2016
010.033-16.99754115,,,26/09/2016
010.033-16.99754116,,,26/09/2016
010.033-16.99754117,,,26/09/2016
010.033-16.99754118,,,26/09/2016
010.033-16.99754119,,,26/09/2016
010.033-16.99754120,,,26/09/2016
010.033-16.99754121,,,26/09/2016
010.033-16.99754122,,,26/09/2016
010.033-16.99754123,,,26/09/2016
010.033-16.99754124,,,26/09/2016
010.033-16.99754125,,,26/09/2016
010.033-16.99754126,,,26/09/2016
010.033-16.99754127,,,26/09/2016
010.033-16.99754128,,,26/09/2016
010.033-16.99754129,,,26/09/2016
010.033-16.99754130,,,26/09/2016
010.033-16.99754131,,,26/09/2016
010.033-16.99754132,,,26/09/2016
010.033-16.99754133,,,26/09/2016
010.033-16.99754134,,,26/09/2016
010.033-16.99754135,,,26/09/2016
010.033-16.99754136,,,26/09/2016
010.033-16.99754137,,,26/09/2016
010.033-16.99754138,,,26/09/2016
010.033-16.99754139,,,26/09/2016
010.033-16.99754140,,,26/09/2016
010.033-16.99754141,,,26/09/2016
010.033-16.99754142,,,26/09/2016
010.033-16.99754143,,,26/09/2016
010.033-16.99754144,,,26/09/2016
010.033-16.99754145,,,26/09/2016
010.033-16.99754146,,,26/09/2016
010.033-16.99754147,,,26/09/2016
010.033-16.99754148,,,26/09/2016
010.033-16.99754149,,,26/09/2016
010.033-16.99754150,,,26/09/2016
010.033-16.99754151,,,26/09/2016
010.033-16.99754152,,,26/09/2016
010.033-16.99754153,,,26/09/2016
010.033-16.99754154,,,26/09/2016
010.033-16.99754155,,,26/09/2016
010.033-16.99754156,,,26/09/2016
010.033-16.99754157,,,26/09/2016
010.033-16.99754158,,,26/09/2016
010.033-16.99754159,,,26/09/2016
010.033-16.99754160,,,26/09/2016
010.033-16.99754161,,,26/09/2016
010.033-16.99754162,,,26/09/2016
010.033-16.99754163,,,26/09/2016
010.033-16.99754164,,,26/09/2016
010.033-16.99754165,,,26/09/2016
010.033-16.99754166,,,26/09/2016
010.033-16.99754167,,,26/09/2016
010.033-16.99754168,,,26/09/2016
010.033-16.99754169,,,26/09/2016
010.033-16.99754170,,,26/09/2016
010.033-16.99754171,,,26/09/2016
010.033-16.99754172,,,26/09/2016
010.033-16.99754173,,,26/09/2016
010.033-16.99754174,,,26/09/2016
010.033-16.99754175,,,26/09/2016
010.033-16.99754176,,,26/09/2016
010.033-16.99754177,,,26/09/2016
010.033-16.99754178,,,26/09/2016
010.033-16.99754179,,,26/09/2016
010.033-16.99754180,,,26/09/2016
010.033-16.99754181,,,26/09/2016
010.033-16.99754182,,,26/09/2016
010.033-16.99754183,,,26/09/2016
010.033-16.99754184,,,26/09/2016
010.033-16.99754185,,,26/09/2016
010.033-16.99754186,,,26/09/2016
010.033-16.99754187,,,26/09/2016
010.033-16.99754188,,,26/09/2016
010.033-16.99754189,,,26/09/2016
010.033-16.99754190,,,26/09/2016
010.033-16.99754191,,,26/09/2016
010.033-16.99754192,,,26/09/2016
010.033-16.99754193,,,26/09/2016
010.033-16.99754194,,,26/09/2016
010.033-16.99754195,,,26/09/2016
010.033-16.99754196,,,26/09/2016
010.033-16.99754197,,,26/09/2016
010.033-16.99754198,,,26/09/2016
010.033-16.99754199,,,26/09/2016
010.033-16.99754200,,,26/09/2016
010.033-16.99754201,,,26/09/2016
010.033-16.99754202,,,26/09/2016
010.033-16.99756964,,,26/09/2016
010.033-16.99756965,,,26/09/2016
010.033-16.99756966,,,26/09/2016
010.033-16.99756967,,,26/09/2016
010.033-16.99756968,,,26/09/2016
010.033-16.99756969,,,26/09/2016
010.033-16.99756970,,,26/09/2016
010.033-16.99756971,,,26/09/2016
010.033-16.99756972,,,26/09/2016
010.033-16.99756973,,,26/09/2016
010.033-16.99756974,,,26/09/2016
010.033-16.99756975,,,26/09/2016
010.033-16.99756976,,,26/09/2016
010.033-16.99756977,,,26/09/2016
010.033-16.99756978,,,26/09/2016
010.033-16.99756979,,,26/09/2016
010.033-16.99756980,,,26/09/2016
010.033-16.99756981,,,26/09/2016
010.033-16.99756982,,,26/09/2016
010.033-16.99756983,,,26/09/2016
010.033-16.99756984,,,26/09/2016
010.033-16.99756985,,,26/09/2016
010.033-16.99756986,,,26/09/2016
010.033-16.99756987,,,26/09/2016
010.033-16.99756988,,,26/09/2016
010.033-16.99756989,,,26/09/2016
010.033-16.99756990,,,26/09/2016
010.033-16.99756991,,,26/09/2016
010.033-16.99756992,,,26/09/2016
010.033-16.99756993,,,26/09/2016
010.033-16.99756994,,,26/09/2016
010.033-16.99756995,,,26/09/2016
010.033-16.99756996,,,26/09/2016
010.033-16.99756997,,,26/09/2016
010.033-16.99756998,,,26/09/2016
010.033-16.99756999,,,26/09/2016
010.033-16.99757000,,,26/09/2016
010.033-16.99757001,,,26/09/2016
010.033-16.99757002,,,26/09/2016
010.033-16.99757003,,,26/09/2016
010.033-16.99757004,,,26/09/2016
010.033-16.99757005,,,26/09/2016
010.033-16.99757006,,,26/09/2016
010.033-16.99757007,,,26/09/2016
010.033-16.99757008,,,26/09/2016
010.033-16.99757009,,,26/09/2016
010.033-16.99757010,,,26/09/2016
010.033-16.99757011,,,26/09/2016
010.033-16.99757012,,,26/09/2016
010.033-16.99757013,,,26/09/2016
010.033-16.99757014,,,26/09/2016
010.033-16.99757015,,,26/09/2016
010.033-16.99757016,,,26/09/2016
010.033-16.99757017,,,26/09/2016
010.033-16.99757018,,,26/09/2016
010.033-16.99757019,,,26/09/2016
010.033-16.99757020,,,26/09/2016
010.033-16.99757021,,,26/09/2016
010.033-16.99757022,,,26/09/2016
010.033-16.99757023,,,26/09/2016
010.033-16.99757024,,,26/09/2016
010.033-16.99757025,,,26/09/2016
010.033-16.99757026,,,26/09/2016
010.033-16.99757027,,,26/09/2016
010.033-16.99757028,,,26/09/2016
010.033-16.99757029,,,26/09/2016
010.033-16.99757030,,,26/09/2016
010.033-16.99757031,,,26/09/2016
010.033-16.99757032,,,26/09/2016
010.033-16.99757033,,,26/09/2016
010.033-16.99757034,,,26/09/2016
010.033-16.99757035,,,26/09/2016
010.033-16.99757036,,,26/09/2016
010.033-16.99757037,,,26/09/2016
010.033-16.99757038,,,26/09/2016
010.033-16.99757039,,,26/09/2016
010.033-16.99757040,,,26/09/2016
010.033-16.99757041,,,26/09/2016
010.033-16.99757042,,,26/09/2016
010.033-16.99757043,,,26/09/2016
010.033-16.99757044,,,26/09/2016
010.033-16.99757045,,,26/09/2016
010.033-16.99757046,,,26/09/2016
010.033-16.99757047,,,26/09/2016
010.033-16.99757048,,,26/09/2016
010.033-16.99757049,,,26/09/2016
010.033-16.99757050,,,26/09/2016
010.033-16.99757051,,,26/09/2016
010.033-16.99754203,,,26/09/2016
010.033-16.99754204,,,26/09/2016
010.033-16.99754205,,,26/09/2016
010.033-16.99754206,,,26/09/2016
010.033-16.99754207,,,26/09/2016
010.033-16.99754208,,,26/09/2016
010.033-16.99754209,,,26/09/2016
010.033-16.99754210,,,26/09/2016
010.033-16.99754211,,,26/09/2016
010.033-16.99754212,,,26/09/2016
010.033-16.99754213,,,26/09/2016
010.033-16.99754214,,,26/09/2016
010.033-16.99754215,,,26/09/2016
010.033-16.99754216,,,26/09/2016
010.033-16.99754217,,,26/09/2016
010.033-16.99754218,,,26/09/2016
010.033-16.99754219,,,26/09/2016
010.033-16.99754220,,,26/09/2016
010.033-16.99754221,,,26/09/2016
010.033-16.99754222,,,26/09/2016
010.033-16.99754223,,,26/09/2016
010.033-16.99754224,,,26/09/2016
010.033-16.99754225,,,26/09/2016
010.033-16.99754226,,,26/09/2016
010.033-16.99754227,,,26/09/2016
010.033-16.99754228,,,26/09/2016
010.033-16.99754229,,,26/09/2016
010.033-16.99754230,,,26/09/2016
010.033-16.99754231,,,26/09/2016
010.033-16.99754232,,,26/09/2016
010.033-16.99754233,,,26/09/2016
010.033-16.99754234,,,26/09/2016
010.033-16.99754235,,,26/09/2016
010.033-16.99754236,,,26/09/2016
010.033-16.99754237,,,26/09/2016
010.033-16.99754238,,,26/09/2016
010.033-16.99754239,,,26/09/2016
010.033-16.99754240,,,26/09/2016
010.033-16.99754241,,,26/09/2016
010.033-16.99754242,,,26/09/2016
010.033-16.99754243,,,26/09/2016
010.033-16.99754244,,,26/09/2016
010.033-16.99754245,,,26/09/2016
010.033-16.99754246,,,26/09/2016
010.033-16.99754247,,,26/09/2016
010.033-16.99754248,,,26/09/2016
010.033-16.99754249,,,26/09/2016
010.033-16.99754250,,,26/09/2016
010.033-16.99754251,,,26/09/2016
010.033-16.99754252,,,26/09/2016
010.033-16.99754253,,,26/09/2016
010.033-16.99754254,,,26/09/2016
010.033-16.99754255,,,26/09/2016
010.033-16.99754256,,,26/09/2016
010.033-16.99754257,,,26/09/2016
010.033-16.99754258,,,26/09/2016
010.033-16.99754259,,,26/09/2016
010.033-16.99754260,,,26/09/2016
010.033-16.99754261,,,26/09/2016
010.033-16.99754262,,,26/09/2016
010.033-16.99754263,,,26/09/2016
010.033-16.99754264,,,26/09/2016
010.033-16.99754265,,,26/09/2016
010.033-16.99754266,,,26/09/2016
010.033-16.99754267,,,26/09/2016
010.033-16.99754268,,,26/09/2016
010.033-16.99754269,,,26/09/2016
010.033-16.99754270,,,26/09/2016
010.033-16.99754271,,,26/09/2016
010.033-16.99754272,,,26/09/2016
010.033-16.99754273,,,26/09/2016
010.033-16.99754274,,,26/09/2016
010.033-16.99754275,,,26/09/2016
010.033-16.99754276,,,26/09/2016
010.033-16.99754277,,,26/09/2016
010.033-16.99754278,,,26/09/2016
010.033-16.99754279,,,26/09/2016
010.033-16.99754280,,,26/09/2016
010.033-16.99754281,,,26/09/2016
010.033-16.99754282,,,26/09/2016
010.033-16.99754283,,,26/09/2016
010.033-16.99754284,,,26/09/2016
010.033-16.99754285,,,26/09/2016
010.033-16.99754286,,,26/09/2016
010.033-16.99754287,,,26/09/2016
010.033-16.99754288,,,26/09/2016
010.033-16.99754289,,,26/09/2016
010.033-16.99754290,,,26/09/2016
010.033-16.99757052,,,26/09/2016
010.033-16.99757053,,,26/09/2016
010.033-16.99757054,,,26/09/2016
010.033-16.99757055,,,26/09/2016
010.033-16.99757056,,,26/09/2016
010.033-16.99757057,,,26/09/2016
010.033-16.99757058,,,26/09/2016
010.033-16.99757059,,,26/09/2016
010.033-16.99757060,,,26/09/2016
010.033-16.99757061,,,26/09/2016
010.033-16.99757062,,,26/09/2016
010.033-16.99757063,,,26/09/2016
010.033-16.99757064,,,26/09/2016
010.033-16.99757065,,,26/09/2016
010.033-16.99757066,,,26/09/2016
010.033-16.99757067,,,26/09/2016
010.033-16.99757068,,,26/09/2016
010.033-16.99757069,,,26/09/2016
010.033-16.99757070,,,26/09/2016
010.033-16.99757071,,,26/09/2016
010.033-16.99757072,,,26/09/2016
010.033-16.99757073,,,26/09/2016
010.033-16.99757074,,,26/09/2016
010.033-16.99757075,,,26/09/2016
010.033-16.99757076,,,26/09/2016
010.033-16.99757077,,,26/09/2016
010.033-16.99757078,,,26/09/2016
010.033-16.99757079,,,26/09/2016
010.033-16.99757080,,,26/09/2016
010.033-16.99757081,,,26/09/2016
010.033-16.99757082,,,26/09/2016
010.033-16.99757083,,,26/09/2016
010.033-16.99757084,,,26/09/2016
010.033-16.99757085,,,26/09/2016
010.033-16.99757086,,,26/09/2016
010.033-16.99757087,,,26/09/2016
010.033-16.99757088,,,26/09/2016
010.033-16.99757089,,,26/09/2016
010.033-16.99757090,,,26/09/2016
010.033-16.99757091,,,26/09/2016
010.033-16.99757092,,,26/09/2016
010.033-16.99757093,,,26/09/2016
010.033-16.99757094,,,26/09/2016
010.033-16.99757095,,,26/09/2016
010.033-16.99757096,,,26/09/2016
010.033-16.99757097,,,26/09/2016
010.033-16.99757098,,,26/09/2016
010.033-16.99757099,,,26/09/2016
010.033-16.99757100,,,26/09/2016
010.033-16.99757101,,,26/09/2016
010.033-16.99757102,,,26/09/2016
010.033-16.99757103,,,26/09/2016
010.033-16.99757104,,,26/09/2016
010.033-16.99757105,,,26/09/2016
010.033-16.99757106,,,26/09/2016
010.033-16.99757107,,,26/09/2016
010.033-16.99757108,,,26/09/2016
010.033-16.99757109,,,26/09/2016
010.033-16.99757110,,,26/09/2016
010.033-16.99757111,,,26/09/2016
010.033-16.99757112,,,26/09/2016
010.033-16.99757113,,,26/09/2016
010.033-16.99757114,,,26/09/2016
010.033-16.99757115,,,26/09/2016
010.033-16.99757116,,,26/09/2016
010.033-16.99757117,,,26/09/2016
010.033-16.99757118,,,26/09/2016
010.033-16.99757119,,,26/09/2016
010.033-16.99757120,,,26/09/2016
010.033-16.99757121,,,26/09/2016
010.033-16.99757122,,,26/09/2016
010.033-16.99757123,,,26/09/2016
010.033-16.99757124,,,26/09/2016
010.033-16.99757125,,,26/09/2016
010.033-16.99757126,,,26/09/2016
010.033-16.99757127,,,26/09/2016
010.033-16.99757128,,,26/09/2016
010.033-16.99757129,,,26/09/2016
010.033-16.99757130,,,26/09/2016
010.033-16.99757131,,,26/09/2016
010.033-16.99757132,,,26/09/2016
010.033-16.99757133,,,26/09/2016
010.033-16.99757134,,,26/09/2016
010.033-16.99757135,,,26/09/2016
010.033-16.99757136,,,26/09/2016
010.033-16.99757137,,,26/09/2016
010.033-16.99757138,,,26/09/2016
010.033-16.99757139,,,26/09/2016
010.033-16.99754291,,,26/09/2016
010.033-16.99754292,,,26/09/2016
010.033-16.99754293,,,26/09/2016
010.033-16.99754294,,,26/09/2016
010.033-16.99754295,,,26/09/2016
010.033-16.99754296,,,26/09/2016
010.033-16.99754297,,,26/09/2016
010.033-16.99754298,,,26/09/2016
010.033-16.99754299,,,26/09/2016
010.033-16.99754300,,,26/09/2016
010.033-16.99754301,,,26/09/2016
010.033-16.99754302,,,26/09/2016
010.033-16.99754303,,,26/09/2016
010.033-16.99754304,,,26/09/2016
010.033-16.99754305,,,26/09/2016
010.033-16.99754306,,,26/09/2016
010.033-16.99754307,,,26/09/2016
010.033-16.99754308,,,26/09/2016
010.033-16.99754309,,,26/09/2016
010.033-16.99754310,,,26/09/2016
010.033-16.99754311,,,26/09/2016
010.033-16.99754312,,,26/09/2016
010.033-16.99754313,,,26/09/2016
010.033-16.99754314,,,26/09/2016
010.033-16.99754315,,,26/09/2016
010.033-16.99754316,,,26/09/2016
010.033-16.99754317,,,26/09/2016
010.033-16.99754318,,,26/09/2016
010.033-16.99754319,,,26/09/2016
010.033-16.99754320,,,26/09/2016
010.033-16.99754321,,,26/09/2016
010.033-16.99754322,,,26/09/2016
010.033-16.99754323,,,26/09/2016
010.033-16.99754324,,,26/09/2016
010.033-16.99754325,,,26/09/2016
010.033-16.99754326,,,26/09/2016
010.033-16.99754327,,,26/09/2016
010.033-16.99754328,,,26/09/2016
010.033-16.99754329,,,26/09/2016
010.033-16.99754330,,,26/09/2016
010.033-16.99754331,,,26/09/2016
010.033-16.99754332,,,26/09/2016
010.033-16.99754333,,,26/09/2016
010.033-16.99754334,,,26/09/2016
010.033-16.99754335,,,26/09/2016
010.033-16.99754336,,,26/09/2016
010.033-16.99754337,,,26/09/2016
010.033-16.99754338,,,26/09/2016
010.033-16.99754339,,,26/09/2016
010.033-16.99754340,,,26/09/2016
010.033-16.99754341,,,26/09/2016
010.033-16.99754342,,,26/09/2016
010.033-16.99754343,,,26/09/2016
010.033-16.99754344,,,26/09/2016
010.033-16.99754345,,,26/09/2016
010.033-16.99754346,,,26/09/2016
010.033-16.99754347,,,26/09/2016
010.033-16.99754348,,,26/09/2016
010.033-16.99754349,,,26/09/2016
010.033-16.99754350,,,26/09/2016
010.033-16.99754351,,,26/09/2016
010.033-16.99754352,,,26/09/2016
010.033-16.99754353,,,26/09/2016
010.033-16.99754354,,,26/09/2016
010.033-16.99754355,,,26/09/2016
010.033-16.99754356,,,26/09/2016
010.033-16.99754357,,,26/09/2016
010.033-16.99754358,,,26/09/2016
010.033-16.99754359,,,26/09/2016
010.033-16.99754360,,,26/09/2016
010.033-16.99754361,,,26/09/2016
010.033-16.99754362,,,26/09/2016
010.033-16.99754363,,,26/09/2016
010.033-16.99754364,,,26/09/2016
010.033-16.99754365,,,26/09/2016
010.033-16.99754366,,,26/09/2016
010.033-16.99754367,,,26/09/2016
010.033-16.99754368,,,26/09/2016
010.033-16.99754369,,,26/09/2016
010.033-16.99754370,,,26/09/2016
010.033-16.99754371,,,26/09/2016
010.033-16.99754372,,,26/09/2016
010.033-16.99754373,,,26/09/2016
010.033-16.99754374,,,26/09/2016
010.033-16.99754375,,,26/09/2016
010.033-16.99754376,,,26/09/2016
010.033-16.99754377,,,26/09/2016
010.033-16.99754378,,,26/09/2016
010.033-16.99757140,,,26/09/2016
010.033-16.99757141,,,26/09/2016
010.033-16.99757142,,,26/09/2016
010.033-16.99757143,,,26/09/2016
010.033-16.99757144,,,26/09/2016
010.033-16.99757145,,,26/09/2016
010.033-16.99757146,,,26/09/2016
010.033-16.99757147,,,26/09/2016
010.033-16.99757148,,,26/09/2016
010.033-16.99757149,,,26/09/2016
010.033-16.99757150,,,26/09/2016
010.033-16.99757151,,,26/09/2016
010.033-16.99757152,,,26/09/2016
010.033-16.99757153,,,26/09/2016
010.033-16.99757154,,,26/09/2016
010.033-16.99757155,,,26/09/2016
010.033-16.99757156,,,26/09/2016
010.033-16.99757157,,,26/09/2016
010.033-16.99757158,,,26/09/2016
010.033-16.99757159,,,26/09/2016
010.033-16.99757160,,,26/09/2016
010.033-16.99757161,,,26/09/2016
010.033-16.99757162,,,26/09/2016
010.033-16.99757163,,,26/09/2016
010.033-16.99757164,,,26/09/2016
010.033-16.99757165,,,26/09/2016
010.033-16.99757166,,,26/09/2016
010.033-16.99757167,,,26/09/2016
010.033-16.99757168,,,26/09/2016
010.033-16.99757169,,,26/09/2016
010.033-16.99757170,,,26/09/2016
010.033-16.99757171,,,26/09/2016
010.033-16.99757172,,,26/09/2016
010.033-16.99757173,,,26/09/2016
010.033-16.99757174,,,26/09/2016
010.033-16.99757175,,,26/09/2016
010.033-16.99757176,,,26/09/2016
010.033-16.99757177,,,26/09/2016
010.033-16.99757178,,,26/09/2016
010.033-16.99757179,,,26/09/2016
010.033-16.99757180,,,26/09/2016
010.033-16.99757181,,,26/09/2016
010.033-16.99757182,,,26/09/2016
010.033-16.99757183,,,26/09/2016
010.033-16.99757184,,,26/09/2016
010.033-16.99757185,,,26/09/2016
010.033-16.99757186,,,26/09/2016
010.033-16.99757187,,,26/09/2016
010.033-16.99757188,,,26/09/2016
010.033-16.99757189,,,26/09/2016
010.033-16.99757190,,,26/09/2016
010.033-16.99757191,,,26/09/2016
010.033-16.99757192,,,26/09/2016
010.033-16.99757193,,,26/09/2016
010.033-16.99757194,,,26/09/2016
010.033-16.99757195,,,26/09/2016
010.033-16.99757196,,,26/09/2016
010.033-16.99757197,,,26/09/2016
010.033-16.99757198,,,26/09/2016
010.033-16.99757199,,,26/09/2016
010.033-16.99757200,,,26/09/2016
010.033-16.99757201,,,26/09/2016
010.033-16.99757202,,,26/09/2016
010.033-16.99757203,,,26/09/2016
010.033-16.99757204,,,26/09/2016
010.033-16.99757205,,,26/09/2016
010.033-16.99757206,,,26/09/2016
010.033-16.99757207,,,26/09/2016
010.033-16.99757208,,,26/09/2016
010.033-16.99757209,,,26/09/2016
010.033-16.99757210,,,26/09/2016
010.033-16.99757211,,,26/09/2016
010.033-16.99757212,,,26/09/2016
010.033-16.99757213,,,26/09/2016
010.033-16.99757214,,,26/09/2016
010.033-16.99757215,,,26/09/2016
010.033-16.99757216,,,26/09/2016
010.033-16.99757217,,,26/09/2016
010.033-16.99757218,,,26/09/2016
010.033-16.99757219,,,26/09/2016
010.033-16.99757220,,,26/09/2016
010.033-16.99757221,,,26/09/2016
010.033-16.99757222,,,26/09/2016
010.033-16.99757223,,,26/09/2016
010.033-16.99757224,,,26/09/2016
010.033-16.99757225,,,26/09/2016
010.033-16.99757226,,,26/09/2016
010.033-16.99757227,,,26/09/2016
010.033-16.99754379,,,26/09/2016
010.033-16.99754380,,,26/09/2016
010.033-16.99754381,,,26/09/2016
010.033-16.99754382,,,26/09/2016
010.033-16.99754383,,,26/09/2016
010.033-16.99754384,,,26/09/2016
010.033-16.99754385,,,26/09/2016
010.033-16.99754386,,,26/09/2016
010.033-16.99754387,,,26/09/2016
010.033-16.99754388,,,26/09/2016
010.033-16.99754389,,,26/09/2016
010.033-16.99754390,,,26/09/2016
010.033-16.99754391,,,26/09/2016
010.033-16.99754392,,,26/09/2016
010.033-16.99754393,,,26/09/2016
010.033-16.99754394,,,26/09/2016
010.033-16.99754395,,,26/09/2016
010.033-16.99754396,,,26/09/2016
010.033-16.99754397,,,26/09/2016
010.033-16.99754398,,,26/09/2016
010.033-16.99754399,,,26/09/2016
010.033-16.99754400,,,26/09/2016
010.033-16.99754401,,,26/09/2016
010.033-16.99754402,,,26/09/2016
010.033-16.99754403,,,26/09/2016
010.033-16.99754404,,,26/09/2016
010.033-16.99754405,,,26/09/2016
010.033-16.99754406,,,26/09/2016
010.033-16.99754407,,,26/09/2016
010.033-16.99754408,,,26/09/2016
010.033-16.99754409,,,26/09/2016
010.033-16.99754410,,,26/09/2016
010.033-16.99754411,,,26/09/2016
010.033-16.99754412,,,26/09/2016
010.033-16.99754413,,,26/09/2016
010.033-16.99754414,,,26/09/2016
010.033-16.99754415,,,26/09/2016
010.033-16.99754416,,,26/09/2016
010.033-16.99754417,,,26/09/2016
010.033-16.99754418,,,26/09/2016
010.033-16.99754419,,,26/09/2016
010.033-16.99754420,,,26/09/2016
010.033-16.99754421,,,26/09/2016
010.033-16.99754422,,,26/09/2016
010.033-16.99754423,,,26/09/2016
010.033-16.99754424,,,26/09/2016
010.033-16.99754425,,,26/09/2016
010.033-16.99754426,,,26/09/2016
010.033-16.99754427,,,26/09/2016
010.033-16.99754428,,,26/09/2016
010.033-16.99754429,,,26/09/2016
010.033-16.99754430,,,26/09/2016
010.033-16.99754431,,,26/09/2016
010.033-16.99754432,,,26/09/2016
010.033-16.99754433,,,26/09/2016
010.033-16.99754434,,,26/09/2016
010.033-16.99754435,,,26/09/2016
010.033-16.99754436,,,26/09/2016
010.033-16.99754437,,,26/09/2016
010.033-16.99754438,,,26/09/2016
010.033-16.99754439,,,26/09/2016
010.033-16.99754440,,,26/09/2016
010.033-16.99754441,,,26/09/2016
010.033-16.99754442,,,26/09/2016
010.033-16.99754443,,,26/09/2016
010.033-16.99754444,,,26/09/2016
010.033-16.99754445,,,26/09/2016
010.033-16.99754446,,,26/09/2016
010.033-16.99754447,,,26/09/2016
010.033-16.99754448,,,26/09/2016
010.033-16.99754449,,,26/09/2016
010.033-16.99754450,,,26/09/2016
010.033-16.99754451,,,26/09/2016
010.033-16.99754452,,,26/09/2016
010.033-16.99754453,,,26/09/2016
010.033-16.99754454,,,26/09/2016
010.033-16.99754455,,,26/09/2016
010.033-16.99754456,,,26/09/2016
010.033-16.99754457,,,26/09/2016
010.033-16.99754458,,,26/09/2016
010.033-16.99754459,,,26/09/2016
010.033-16.99754460,,,26/09/2016
010.033-16.99754461,,,26/09/2016
010.033-16.99754462,,,26/09/2016
010.033-16.99754463,,,26/09/2016
010.033-16.99754464,,,26/09/2016
010.033-16.99754465,,,26/09/2016
010.033-16.99754466,,,26/09/2016
010.033-16.99757228,,,26/09/2016
010.033-16.99757229,,,26/09/2016
010.033-16.99757230,,,26/09/2016
010.033-16.99757231,,,26/09/2016
010.033-16.99757232,,,26/09/2016
010.033-16.99757233,,,26/09/2016
010.033-16.99757234,,,26/09/2016
010.033-16.99757235,,,26/09/2016
010.033-16.99757236,,,26/09/2016
010.033-16.99757237,,,26/09/2016
010.033-16.99757238,,,26/09/2016
010.033-16.99757239,,,26/09/2016
010.033-16.99757240,,,26/09/2016
010.033-16.99757241,,,26/09/2016
010.033-16.99757242,,,26/09/2016
010.033-16.99757243,,,26/09/2016
010.033-16.99757244,,,26/09/2016
010.033-16.99757245,,,26/09/2016
010.033-16.99757246,,,26/09/2016
010.033-16.99757247,,,26/09/2016
010.033-16.99757248,,,26/09/2016
010.033-16.99757249,,,26/09/2016
010.033-16.99757250,,,26/09/2016
010.033-16.99757251,,,26/09/2016
010.033-16.99757252,,,26/09/2016
010.033-16.99757253,,,26/09/2016
010.033-16.99757254,,,26/09/2016
010.033-16.99757255,,,26/09/2016
010.033-16.99757256,,,26/09/2016
010.033-16.99757257,,,26/09/2016
010.033-16.99757258,,,26/09/2016
010.033-16.99757259,,,26/09/2016
010.033-16.99757260,,,26/09/2016
010.033-16.99757261,,,26/09/2016
010.033-16.99757262,,,26/09/2016
010.033-16.99757263,,,26/09/2016
010.033-16.99757264,,,26/09/2016
010.033-16.99757265,,,26/09/2016
010.033-16.99757266,,,26/09/2016
010.033-16.99757267,,,26/09/2016
010.033-16.99757268,,,26/09/2016
010.033-16.99757269,,,26/09/2016
010.033-16.99757270,,,26/09/2016
010.033-16.99757271,,,26/09/2016
010.033-16.99757272,,,26/09/2016
010.033-16.99757273,,,26/09/2016
010.033-16.99757274,,,26/09/2016
010.033-16.99757275,,,26/09/2016
010.033-16.99757276,,,26/09/2016
010.033-16.99757277,,,26/09/2016
010.033-16.99757278,,,26/09/2016
010.033-16.99757279,,,26/09/2016
010.033-16.99757280,,,26/09/2016
010.033-16.99757281,,,26/09/2016
010.033-16.99757282,,,26/09/2016
010.033-16.99757283,,,26/09/2016
010.033-16.99757284,,,26/09/2016
010.033-16.99757285,,,26/09/2016
010.033-16.99757286,,,26/09/2016
010.033-16.99757287,,,26/09/2016
010.033-16.99757288,,,26/09/2016
010.033-16.99757289,,,26/09/2016
010.033-16.99757290,,,26/09/2016
010.033-16.99757291,,,26/09/2016
010.033-16.99757292,,,26/09/2016
010.033-16.99757293,,,26/09/2016
010.033-16.99757294,,,26/09/2016
010.033-16.99757295,,,26/09/2016
010.033-16.99757296,,,26/09/2016
010.033-16.99757297,,,26/09/2016
010.033-16.99757298,,,26/09/2016
010.033-16.99757299,,,26/09/2016
010.033-16.99757300,,,26/09/2016
010.033-16.99757301,,,26/09/2016
010.033-16.99757302,,,26/09/2016
010.033-16.99757303,,,26/09/2016
010.033-16.99757304,,,26/09/2016
010.033-16.99757305,,,26/09/2016
010.033-16.99757306,,,26/09/2016
010.033-16.99757307,,,26/09/2016
010.033-16.99757308,,,26/09/2016
010.033-16.99757309,,,26/09/2016
010.033-16.99757310,,,26/09/2016
010.033-16.99757311,,,26/09/2016
010.033-16.99757312,,,26/09/2016
010.033-16.99757313,,,26/09/2016
010.033-16.99757314,,,26/09/2016
010.033-16.99757315,,,26/09/2016
010.033-16.99754467,,,26/09/2016
010.033-16.99754468,,,26/09/2016
010.033-16.99754469,,,26/09/2016
010.033-16.99754470,,,26/09/2016
010.033-16.99754471,,,26/09/2016
010.033-16.99754472,,,26/09/2016
010.033-16.99754473,,,26/09/2016
010.033-16.99754474,,,26/09/2016
010.033-16.99754475,,,26/09/2016
010.033-16.99754476,,,26/09/2016
010.033-16.99754477,,,26/09/2016
010.033-16.99754478,,,26/09/2016
010.033-16.99754479,,,26/09/2016
010.033-16.99754480,,,26/09/2016
010.033-16.99754481,,,26/09/2016
010.033-16.99754482,,,26/09/2016
010.033-16.99754483,,,26/09/2016
010.033-16.99754484,,,26/09/2016
010.033-16.99754485,,,26/09/2016
010.033-16.99754486,,,26/09/2016
010.033-16.99754487,,,26/09/2016
010.033-16.99754488,,,26/09/2016
010.033-16.99754489,,,26/09/2016
010.033-16.99754490,,,26/09/2016
010.033-16.99754491,,,26/09/2016
010.033-16.99754492,,,26/09/2016
010.033-16.99754493,,,26/09/2016
010.033-16.99754494,,,26/09/2016
010.033-16.99754495,,,26/09/2016
010.033-16.99754496,,,26/09/2016
010.033-16.99754497,,,26/09/2016
010.033-16.99754498,,,26/09/2016
010.033-16.99754499,,,26/09/2016
010.033-16.99754500,,,26/09/2016
010.033-16.99754501,,,26/09/2016
010.033-16.99754502,,,26/09/2016
010.033-16.99754503,,,26/09/2016
010.033-16.99754504,,,26/09/2016
010.033-16.99754505,,,26/09/2016
010.033-16.99754506,,,26/09/2016
010.033-16.99754507,,,26/09/2016
010.033-16.99754508,,,26/09/2016
010.033-16.99754509,,,26/09/2016
010.033-16.99754510,,,26/09/2016
010.033-16.99754511,,,26/09/2016
010.033-16.99754512,,,26/09/2016
010.033-16.99754513,,,26/09/2016
010.033-16.99754514,,,26/09/2016
010.033-16.99754515,,,26/09/2016
010.033-16.99754516,,,26/09/2016
010.033-16.99754517,,,26/09/2016
010.033-16.99754518,,,26/09/2016
010.033-16.99754519,,,26/09/2016
010.033-16.99754520,,,26/09/2016
010.033-16.99754521,,,26/09/2016
010.033-16.99754522,,,26/09/2016
010.033-16.99754523,,,26/09/2016
010.033-16.99754524,,,26/09/2016
010.033-16.99754525,,,26/09/2016
010.033-16.99754526,,,26/09/2016
010.033-16.99754527,,,26/09/2016
010.033-16.99754528,,,26/09/2016
010.033-16.99754529,,,26/09/2016
010.033-16.99754530,,,26/09/2016
010.033-16.99754531,,,26/09/2016
010.033-16.99754532,,,26/09/2016
010.033-16.99754533,,,26/09/2016
010.033-16.99754534,,,26/09/2016
010.033-16.99754535,,,26/09/2016
010.033-16.99754536,,,26/09/2016
010.033-16.99754537,,,26/09/2016
010.033-16.99754538,,,26/09/2016
010.033-16.99754539,,,26/09/2016
010.033-16.99754540,,,26/09/2016
010.033-16.99754541,,,26/09/2016
010.033-16.99754542,,,26/09/2016
010.033-16.99754543,,,26/09/2016
010.033-16.99754544,,,26/09/2016
010.033-16.99754545,,,26/09/2016
010.033-16.99754546,,,26/09/2016
010.033-16.99754547,,,26/09/2016
010.033-16.99754548,,,26/09/2016
010.033-16.99754549,,,26/09/2016
010.033-16.99754550,,,26/09/2016
010.033-16.99754551,,,26/09/2016
010.033-16.99754552,,,26/09/2016
010.033-16.99754553,,,26/09/2016
010.033-16.99754554,,,26/09/2016
010.033-16.99757316,,,26/09/2016
010.033-16.99757317,,,26/09/2016
010.033-16.99757318,,,26/09/2016
010.033-16.99757319,,,26/09/2016
010.033-16.99757320,,,26/09/2016
010.033-16.99757321,,,26/09/2016
010.033-16.99757322,,,26/09/2016
010.033-16.99757323,,,26/09/2016
010.033-16.99757324,,,26/09/2016
010.033-16.99757325,,,26/09/2016
010.033-16.99757326,,,26/09/2016
010.033-16.99757327,,,26/09/2016
010.033-16.99757328,,,26/09/2016
010.033-16.99757329,,,26/09/2016
010.033-16.99757330,,,26/09/2016
010.033-16.99757331,,,26/09/2016
010.033-16.99757332,,,26/09/2016
010.033-16.99757333,,,26/09/2016
010.033-16.99757334,,,26/09/2016
010.033-16.99757335,,,26/09/2016
010.033-16.99757336,,,26/09/2016
010.033-16.99757337,,,26/09/2016
010.033-16.99757338,,,26/09/2016
010.033-16.99757339,,,26/09/2016
010.033-16.99757340,,,26/09/2016
010.033-16.99757341,,,26/09/2016
010.033-16.99757342,,,26/09/2016
010.033-16.99757343,,,26/09/2016
010.033-16.99757344,,,26/09/2016
010.033-16.99757345,,,26/09/2016
010.033-16.99757346,,,26/09/2016
010.033-16.99757347,,,26/09/2016
010.033-16.99757348,,,26/09/2016
010.033-16.99757349,,,26/09/2016
010.033-16.99757350,,,26/09/2016
010.033-16.99757351,,,26/09/2016
010.033-16.99757352,,,26/09/2016
010.033-16.99757353,,,26/09/2016
010.033-16.99757354,,,26/09/2016
010.033-16.99757355,,,26/09/2016
010.033-16.99757356,,,26/09/2016
010.033-16.99757357,,,26/09/2016
010.033-16.99757358,,,26/09/2016
010.033-16.99757359,,,26/09/2016
010.033-16.99757360,,,26/09/2016
010.033-16.99757361,,,26/09/2016
010.033-16.99757362,,,26/09/2016
010.033-16.99757363,,,26/09/2016
010.033-16.99757364,,,26/09/2016
010.033-16.99757365,,,26/09/2016
010.033-16.99757366,,,26/09/2016
010.033-16.99757367,,,26/09/2016
010.033-16.99757368,,,26/09/2016
010.033-16.99757369,,,26/09/2016
010.033-16.99757370,,,26/09/2016
010.033-16.99757371,,,26/09/2016
010.033-16.99757372,,,26/09/2016
010.033-16.99757373,,,26/09/2016
010.033-16.99757374,,,26/09/2016
010.033-16.99757375,,,26/09/2016
010.033-16.99757376,,,26/09/2016
010.033-16.99757377,,,26/09/2016
010.033-16.99757378,,,26/09/2016
010.033-16.99757379,,,26/09/2016
010.033-16.99757380,,,26/09/2016
010.033-16.99757381,,,26/09/2016
010.033-16.99757382,,,26/09/2016
010.033-16.99757383,,,26/09/2016
010.033-16.99757384,,,26/09/2016
010.033-16.99757385,,,26/09/2016
010.033-16.99757386,,,26/09/2016
010.033-16.99757387,,,26/09/2016
010.033-16.99757388,,,26/09/2016
010.033-16.99757389,,,26/09/2016
010.033-16.99757390,,,26/09/2016
010.033-16.99757391,,,26/09/2016
010.033-16.99757392,,,26/09/2016
010.033-16.99757393,,,26/09/2016
010.033-16.99757394,,,26/09/2016
010.033-16.99757395,,,26/09/2016
010.033-16.99757396,,,26/09/2016
010.033-16.99757397,,,26/09/2016
010.033-16.99757398,,,26/09/2016
010.033-16.99757399,,,26/09/2016
010.033-16.99757400,,,26/09/2016
010.033-16.99757401,,,26/09/2016
010.033-16.99757402,,,26/09/2016
010.033-16.99757403,,,26/09/2016
010.033-16.99757404,,,26/09/2016
010.033-16.99757405,,,26/09/2016
010.033-16.99757406,,,26/09/2016
010.033-16.99757407,,,26/09/2016
010.033-16.99757408,,,26/09/2016
010.033-16.99757409,,,26/09/2016
010.033-16.99757410,,,26/09/2016
010.033-16.99757411,,,26/09/2016
010.033-16.99757412,,,26/09/2016
010.033-16.99757413,,,26/09/2016
010.033-16.99757414,,,26/09/2016
010.033-16.99757415,,,26/09/2016
010.033-16.99757416,,,26/09/2016
010.033-16.99757417,,,26/09/2016
010.033-16.99757418,,,26/09/2016
010.033-16.99757419,,,26/09/2016
010.033-16.99757420,,,26/09/2016
010.033-16.99757421,,,26/09/2016
010.033-16.99757422,,,26/09/2016
010.033-16.99757423,,,26/09/2016
010.033-16.99757424,,,26/09/2016
010.033-16.99757425,,,26/09/2016
010.033-16.99757426,,,26/09/2016
010.033-16.99757427,,,26/09/2016
010.033-16.99757428,,,26/09/2016
010.033-16.99757429,,,26/09/2016
010.033-16.99757430,,,26/09/2016
010.033-16.99757431,,,26/09/2016
010.033-16.99757432,,,26/09/2016
010.033-16.99757433,,,26/09/2016
010.033-16.99757434,,,26/09/2016
010.033-16.99757435,,,26/09/2016
010.033-16.99757436,,,26/09/2016
010.033-16.99757437,,,26/09/2016
010.033-16.99757438,,,26/09/2016
010.033-16.99757439,,,26/09/2016
010.033-16.99757440,,,26/09/2016
010.033-16.99757441,,,26/09/2016
010.033-16.99757442,,,26/09/2016
010.033-16.99757443,,,26/09/2016
010.033-16.99757444,,,26/09/2016
010.033-16.99757445,,,26/09/2016
010.033-16.99757446,,,26/09/2016
010.033-16.99757447,,,26/09/2016
010.033-16.99757448,,,26/09/2016
010.033-16.99757449,,,26/09/2016
010.033-16.99757450,,,26/09/2016
010.033-16.99757451,,,26/09/2016
010.033-16.99757452,,,26/09/2016
010.033-16.99757453,,,26/09/2016
010.033-16.99757454,,,26/09/2016
010.033-16.99757455,,,26/09/2016
010.033-16.99757456,,,26/09/2016
010.033-16.99757457,,,26/09/2016
010.033-16.99757458,,,26/09/2016
010.033-16.99757459,,,26/09/2016
010.033-16.99757460,,,26/09/2016
010.033-16.99757461,,,26/09/2016
010.033-16.99757462,,,26/09/2016
010.033-16.99757463,,,26/09/2016
010.033-16.99757464,,,26/09/2016
010.033-16.99757465,,,26/09/2016
010.033-16.99757466,,,26/09/2016
010.033-16.99757467,,,26/09/2016
010.033-16.99757468,,,26/09/2016
010.033-16.99757469,,,26/09/2016
010.033-16.99757470,,,26/09/2016
010.033-16.99757471,,,26/09/2016
010.033-16.99757472,,,26/09/2016
010.033-16.99757473,,,26/09/2016
010.033-16.99757474,,,26/09/2016
010.033-16.99757475,,,26/09/2016
010.033-16.99757476,,,26/09/2016
010.033-16.99757477,,,26/09/2016
010.033-16.99757478,,,26/09/2016
010.033-16.99757479,,,26/09/2016
010.033-16.99757480,,,26/09/2016
010.033-16.99757481,,,26/09/2016
010.033-16.99757482,,,26/09/2016
010.033-16.99757483,,,26/09/2016
010.033-16.99757484,,,26/09/2016
010.033-16.99757485,,,26/09/2016
010.033-16.99757486,,,26/09/2016
010.033-16.99757487,,,26/09/2016
010.033-16.99757488,,,26/09/2016
010.033-16.99757489,,,26/09/2016
010.033-16.99757490,,,26/09/2016
010.033-16.99757491,,,26/09/2016
010.033-16.99763190,,,26/09/2016
010.033-16.99763191,,,26/09/2016
010.033-16.99763192,,,26/09/2016
010.033-16.99763193,,,26/09/2016
010.033-16.99763194,,,26/09/2016
010.033-16.99763195,,,26/09/2016
010.033-16.99763196,,,26/09/2016
010.033-16.99763197,,,26/09/2016
010.033-16.99763198,,,26/09/2016
010.033-16.99763199,,,26/09/2016
010.033-16.99763200,,,26/09/2016
010.033-16.99763201,,,26/09/2016
010.033-16.99763202,,,26/09/2016
010.033-16.99763203,,,26/09/2016
010.033-16.99763204,,,26/09/2016
010.033-16.99763205,,,26/09/2016
010.033-16.99763206,,,26/09/2016
010.033-16.99763207,,,26/09/2016
010.033-16.99763208,,,26/09/2016
010.033-16.99763209,,,26/09/2016
010.033-16.99763210,,,26/09/2016
010.033-16.99763211,,,26/09/2016
010.033-16.99763212,,,26/09/2016
010.033-16.99763213,,,26/09/2016
010.033-16.99763214,,,26/09/2016
010.033-16.99763215,,,26/09/2016
010.033-16.99763216,,,26/09/2016
010.033-16.99763217,,,26/09/2016
010.033-16.99763218,,,26/09/2016
010.033-16.99763219,,,26/09/2016
010.033-16.99763220,,,26/09/2016
010.033-16.99763221,,,26/09/2016
010.033-16.99763222,,,26/09/2016
010.033-16.99763223,,,26/09/2016
010.033-16.99763224,,,26/09/2016
010.033-16.99763225,,,26/09/2016
010.033-16.99763226,,,26/09/2016
010.033-16.99763227,,,26/09/2016
010.033-16.99763228,,,26/09/2016
010.033-16.99763229,,,26/09/2016
010.033-16.99763230,,,26/09/2016
010.033-16.99763231,,,26/09/2016
010.033-16.99763232,,,26/09/2016
010.033-16.99763233,,,26/09/2016
010.033-16.99763234,,,26/09/2016
010.033-16.99763235,,,26/09/2016
010.033-16.99763236,,,26/09/2016
010.033-16.99763237,,,26/09/2016
010.033-16.99763238,,,26/09/2016
010.033-16.99763239,,,26/09/2016
010.033-16.99763240,,,26/09/2016
010.033-16.99763241,,,26/09/2016
010.033-16.99763242,,,26/09/2016
010.033-16.99763243,,,26/09/2016
010.033-16.99763244,,,26/09/2016
010.033-16.99763245,,,26/09/2016
010.033-16.99763246,,,26/09/2016
010.033-16.99763247,,,26/09/2016
010.033-16.99763248,,,26/09/2016
010.033-16.99763249,,,26/09/2016
010.033-16.99763250,,,26/09/2016
010.033-16.99763251,,,26/09/2016
010.033-16.99763252,,,26/09/2016
010.033-16.99763253,,,26/09/2016
010.033-16.99763254,,,26/09/2016
010.033-16.99763255,,,26/09/2016
010.033-16.99763256,,,26/09/2016
010.033-16.99763257,,,26/09/2016
010.033-16.99763258,,,26/09/2016
010.033-16.99763259,,,26/09/2016
010.033-16.99763260,,,26/09/2016
010.033-16.99763261,,,26/09/2016
010.033-16.99763262,,,26/09/2016
010.033-16.99763263,,,26/09/2016
010.033-16.99763264,,,26/09/2016
010.033-16.99763265,,,26/09/2016
010.033-16.99763266,,,26/09/2016
010.033-16.99763267,,,26/09/2016
010.033-16.99763268,,,26/09/2016
010.033-16.99763269,,,26/09/2016
010.033-16.99763270,,,26/09/2016
010.033-16.99763271,,,26/09/2016
010.033-16.99763272,,,26/09/2016
010.033-16.99763273,,,26/09/2016
010.033-16.99763274,,,26/09/2016
010.033-16.99763275,,,26/09/2016
010.033-16.99763276,,,26/09/2016
010.033-16.99763277,,,26/09/2016
010.033-16.99757492,,,26/09/2016
010.033-16.99757493,,,26/09/2016
010.033-16.99757494,,,26/09/2016
010.033-16.99757495,,,26/09/2016
010.033-16.99757496,,,26/09/2016
010.033-16.99757497,,,26/09/2016
010.033-16.99757498,,,26/09/2016
010.033-16.99757499,,,26/09/2016
010.033-16.99757500,,,26/09/2016
010.033-16.99757501,,,26/09/2016
010.033-16.99757502,,,26/09/2016
010.033-16.99757503,,,26/09/2016
010.033-16.99757504,,,26/09/2016
010.033-16.99757505,,,26/09/2016
010.033-16.99757506,,,26/09/2016
010.033-16.99757507,,,26/09/2016
010.033-16.99757508,,,26/09/2016
010.033-16.99757509,,,26/09/2016
010.033-16.99757510,,,26/09/2016
010.033-16.99757511,,,26/09/2016
010.033-16.99757512,,,26/09/2016
010.033-16.99757513,,,26/09/2016
010.033-16.99757514,,,26/09/2016
010.033-16.99757515,,,26/09/2016
010.033-16.99757516,,,26/09/2016
010.033-16.99757517,,,26/09/2016
010.033-16.99757518,,,26/09/2016
010.033-16.99757519,,,26/09/2016
010.033-16.99757520,,,26/09/2016
010.033-16.99757521,,,26/09/2016
010.033-16.99757522,,,26/09/2016
010.033-16.99757523,,,26/09/2016
010.033-16.99757524,,,26/09/2016
010.033-16.99757525,,,26/09/2016
010.033-16.99757526,,,26/09/2016
010.033-16.99757527,,,26/09/2016
010.033-16.99757528,,,26/09/2016
010.033-16.99757529,,,26/09/2016
010.033-16.99757530,,,26/09/2016
010.033-16.99757531,,,26/09/2016
010.033-16.99757532,,,26/09/2016
010.033-16.99757533,,,26/09/2016
010.033-16.99757534,,,26/09/2016
010.033-16.99757535,,,26/09/2016
010.033-16.99757536,,,26/09/2016
010.033-16.99757537,,,26/09/2016
010.033-16.99757538,,,26/09/2016
010.033-16.99757539,,,26/09/2016
010.033-16.99757540,,,26/09/2016
010.033-16.99757541,,,26/09/2016
010.033-16.99757542,,,26/09/2016
010.033-16.99757543,,,26/09/2016
010.033-16.99757544,,,26/09/2016
010.033-16.99757545,,,26/09/2016
010.033-16.99757546,,,26/09/2016
010.033-16.99757547,,,26/09/2016
010.033-16.99757548,,,26/09/2016
010.033-16.99757549,,,26/09/2016
010.033-16.99757550,,,26/09/2016
010.033-16.99757551,,,26/09/2016
010.033-16.99757552,,,26/09/2016
010.033-16.99757553,,,26/09/2016
010.033-16.99757554,,,26/09/2016
010.033-16.99757555,,,26/09/2016
010.033-16.99757556,,,26/09/2016
010.033-16.99757557,,,26/09/2016
010.033-16.99757558,,,26/09/2016
010.033-16.99757559,,,26/09/2016
010.033-16.99757560,,,26/09/2016
010.033-16.99757561,,,26/09/2016
010.033-16.99757562,,,26/09/2016
010.033-16.99757563,,,26/09/2016
010.033-16.99757564,,,26/09/2016
010.033-16.99757565,,,26/09/2016
010.033-16.99757566,,,26/09/2016
010.033-16.99757567,,,26/09/2016
010.033-16.99757568,,,26/09/2016
010.033-16.99757569,,,26/09/2016
010.033-16.99757570,,,26/09/2016
010.033-16.99757571,,,26/09/2016
010.033-16.99757572,,,26/09/2016
010.033-16.99757573,,,26/09/2016
010.033-16.99757574,,,26/09/2016
010.033-16.99757575,,,26/09/2016
010.033-16.99757576,,,26/09/2016
010.033-16.99757577,,,26/09/2016
010.033-16.99757578,,,26/09/2016
010.033-16.99757579,,,26/09/2016
010.033-16.99763278,,,26/09/2016
010.033-16.99763279,,,26/09/2016
010.033-16.99763280,,,26/09/2016
010.033-16.99763281,,,26/09/2016
010.033-16.99763282,,,26/09/2016
010.033-16.99763283,,,26/09/2016
010.033-16.99763284,,,26/09/2016
010.033-16.99763285,,,26/09/2016
010.033-16.99763286,,,26/09/2016
010.033-16.99763287,,,26/09/2016
010.033-16.99763288,,,26/09/2016
010.033-16.99763289,,,26/09/2016
010.033-16.99763290,,,26/09/2016
010.033-16.99763291,,,26/09/2016
010.033-16.99763292,,,26/09/2016
010.033-16.99763293,,,26/09/2016
010.033-16.99763294,,,26/09/2016
010.033-16.99763295,,,26/09/2016
010.033-16.99763296,,,26/09/2016
010.033-16.99763297,,,26/09/2016
010.033-16.99763298,,,26/09/2016
010.033-16.99763299,,,26/09/2016
010.033-16.99763300,,,26/09/2016
010.033-16.99763301,,,26/09/2016
010.033-16.99763302,,,26/09/2016
010.033-16.99763303,,,26/09/2016
010.033-16.99763304,,,26/09/2016
010.033-16.99763305,,,26/09/2016
010.033-16.99763306,,,26/09/2016
010.033-16.99763307,,,26/09/2016
010.033-16.99763308,,,26/09/2016
010.033-16.99763309,,,26/09/2016
010.033-16.99763310,,,26/09/2016
010.033-16.99763311,,,26/09/2016
010.033-16.99763312,,,26/09/2016
010.033-16.99763313,,,26/09/2016
010.033-16.99763314,,,26/09/2016
010.033-16.99763315,,,26/09/2016
010.033-16.99763316,,,26/09/2016
010.033-16.99763317,,,26/09/2016
010.033-16.99763318,,,26/09/2016
010.033-16.99763319,,,26/09/2016
010.033-16.99763320,,,26/09/2016
010.033-16.99763321,,,26/09/2016
010.033-16.99763322,,,26/09/2016
010.033-16.99763323,,,26/09/2016
010.033-16.99763324,,,26/09/2016
010.033-16.99763325,,,26/09/2016
010.033-16.99763326,,,26/09/2016
010.033-16.99763327,,,26/09/2016
010.033-16.99763328,,,26/09/2016
010.033-16.99763329,,,26/09/2016
010.033-16.99763330,,,26/09/2016
010.033-16.99763331,,,26/09/2016
010.033-16.99763332,,,26/09/2016
010.033-16.99763333,,,26/09/2016
010.033-16.99763334,,,26/09/2016
010.033-16.99763335,,,26/09/2016
010.033-16.99763336,,,26/09/2016
010.033-16.99763337,,,26/09/2016
010.033-16.99763338,,,26/09/2016
010.033-16.99763339,,,26/09/2016
010.033-16.99763340,,,26/09/2016
010.033-16.99763341,,,26/09/2016
010.033-16.99763342,,,26/09/2016
010.033-16.99763343,,,26/09/2016
010.033-16.99763344,,,26/09/2016
010.033-16.99763345,,,26/09/2016
010.033-16.99763346,,,26/09/2016
010.033-16.99763347,,,26/09/2016
010.033-16.99763348,,,26/09/2016
010.033-16.99763349,,,26/09/2016
010.033-16.99763350,,,26/09/2016
010.033-16.99763351,,,26/09/2016
010.033-16.99763352,,,26/09/2016
010.033-16.99763353,,,26/09/2016
010.033-16.99763354,,,26/09/2016
010.033-16.99763355,,,26/09/2016
010.033-16.99763356,,,26/09/2016
010.033-16.99763357,,,26/09/2016
010.033-16.99763358,,,26/09/2016
010.033-16.99763359,,,26/09/2016
010.033-16.99763360,,,26/09/2016
010.033-16.99763361,,,26/09/2016
010.033-16.99763362,,,26/09/2016
010.033-16.99763363,,,26/09/2016
010.033-16.99763364,,,26/09/2016
010.033-16.99763365,,,26/09/2016
010.033-16.99758108,,,26/09/2016
010.033-16.99758109,,,26/09/2016
010.033-16.99758110,,,26/09/2016
010.033-16.99758111,,,26/09/2016
010.033-16.99758112,,,26/09/2016
010.033-16.99758113,,,26/09/2016
010.033-16.99758114,,,26/09/2016
010.033-16.99758115,,,26/09/2016
010.033-16.99758116,,,26/09/2016
010.033-16.99758117,,,26/09/2016
010.033-16.99758118,,,26/09/2016
010.033-16.99758119,,,26/09/2016
010.033-16.99758120,,,26/09/2016
010.033-16.99758121,,,26/09/2016
010.033-16.99758122,,,26/09/2016
010.033-16.99758123,,,26/09/2016
010.033-16.99758124,,,26/09/2016
010.033-16.99758125,,,26/09/2016
010.033-16.99758126,,,26/09/2016
010.033-16.99758127,,,26/09/2016
010.033-16.99758128,,,26/09/2016
010.033-16.99758129,,,26/09/2016
010.033-16.99758130,,,26/09/2016
010.033-16.99758131,,,26/09/2016
010.033-16.99758132,,,26/09/2016
010.033-16.99758133,,,26/09/2016
010.033-16.99758134,,,26/09/2016
010.033-16.99758135,,,26/09/2016
010.033-16.99758136,,,26/09/2016
010.033-16.99758137,,,26/09/2016
010.033-16.99758138,,,26/09/2016
010.033-16.99758139,,,26/09/2016
010.033-16.99758140,,,26/09/2016
010.033-16.99758141,,,26/09/2016
010.033-16.99758142,,,26/09/2016
010.033-16.99758143,,,26/09/2016
010.033-16.99758144,,,26/09/2016
010.033-16.99758145,,,26/09/2016
010.033-16.99758146,,,26/09/2016
010.033-16.99758147,,,26/09/2016
010.033-16.99758148,,,26/09/2016
010.033-16.99758149,,,26/09/2016
010.033-16.99758150,,,26/09/2016
010.033-16.99758151,,,26/09/2016
010.033-16.99758152,,,26/09/2016
010.033-16.99758153,,,26/09/2016
010.033-16.99758154,,,26/09/2016
010.033-16.99758155,,,26/09/2016
010.033-16.99758156,,,26/09/2016
010.033-16.99758157,,,26/09/2016
010.033-16.99758158,,,26/09/2016
010.033-16.99758159,,,26/09/2016
010.033-16.99758160,,,26/09/2016
010.033-16.99758161,,,26/09/2016
010.033-16.99758162,,,26/09/2016
010.033-16.99758163,,,26/09/2016
010.033-16.99758164,,,26/09/2016
010.033-16.99758165,,,26/09/2016
010.033-16.99758166,,,26/09/2016
010.033-16.99758167,,,26/09/2016
010.033-16.99758168,,,26/09/2016
010.033-16.99758169,,,26/09/2016
010.033-16.99758170,,,26/09/2016
010.033-16.99758171,,,26/09/2016
010.033-16.99758172,,,26/09/2016
010.033-16.99758173,,,26/09/2016
010.033-16.99758174,,,26/09/2016
010.033-16.99758175,,,26/09/2016
010.033-16.99758176,,,26/09/2016
010.033-16.99758177,,,26/09/2016
010.033-16.99758178,,,26/09/2016
010.033-16.99758179,,,26/09/2016
010.033-16.99758180,,,26/09/2016
010.033-16.99758181,,,26/09/2016
010.033-16.99758182,,,26/09/2016
010.033-16.99758183,,,26/09/2016
010.033-16.99758184,,,26/09/2016
010.033-16.99758185,,,26/09/2016
010.033-16.99758186,,,26/09/2016
010.033-16.99758187,,,26/09/2016
010.033-16.99758188,,,26/09/2016
010.033-16.99758189,,,26/09/2016
010.033-16.99758190,,,26/09/2016
010.033-16.99758191,,,26/09/2016
010.033-16.99758192,,,26/09/2016
010.033-16.99758193,,,26/09/2016
010.033-16.99758194,,,26/09/2016
010.033-16.99758195,,,26/09/2016
010.033-16.99749913,,,26/09/2016
010.033-16.99749914,,,26/09/2016
010.033-16.99749915,,,26/09/2016
010.033-16.99749916,,,26/09/2016
010.033-16.99749917,,,26/09/2016
010.033-16.99749918,,,26/09/2016
010.033-16.99749919,,,26/09/2016
010.033-16.99749920,,,26/09/2016
010.033-16.99749921,,,26/09/2016
010.033-16.99749922,,,26/09/2016
010.033-16.99749923,,,26/09/2016
010.033-16.99749924,,,26/09/2016
010.033-16.99749925,,,26/09/2016
010.033-16.99749926,,,26/09/2016
010.033-16.99749927,,,26/09/2016
010.033-16.99749928,,,26/09/2016
010.033-16.99749929,,,26/09/2016
010.033-16.99749930,,,26/09/2016
010.033-16.99749931,,,26/09/2016
010.033-16.99749932,,,26/09/2016
010.033-16.99749933,,,26/09/2016
010.033-16.99749934,,,26/09/2016
010.033-16.99749935,,,26/09/2016
010.033-16.99749936,,,26/09/2016
010.033-16.99749937,,,26/09/2016
010.033-16.99749938,,,26/09/2016
010.033-16.99749939,,,26/09/2016
010.033-16.99749940,,,26/09/2016
010.033-16.99749941,,,26/09/2016
010.033-16.99749942,,,26/09/2016
010.033-16.99749943,,,26/09/2016
010.033-16.99749944,,,26/09/2016
010.033-16.99749945,,,26/09/2016
010.033-16.99749946,,,26/09/2016
010.033-16.99749947,,,26/09/2016
010.033-16.99749948,,,26/09/2016
010.033-16.99749949,,,26/09/2016
010.033-16.99749950,,,26/09/2016
010.033-16.99749951,,,26/09/2016
010.033-16.99749952,,,26/09/2016
010.033-16.99749953,,,26/09/2016
010.033-16.99749954,,,26/09/2016
010.033-16.99749955,,,26/09/2016
010.033-16.99749956,,,26/09/2016
010.033-16.99749957,,,26/09/2016
010.033-16.99749958,,,26/09/2016
010.033-16.99749959,,,26/09/2016
010.033-16.99749960,,,26/09/2016
010.033-16.99749961,,,26/09/2016
010.033-16.99749962,,,26/09/2016
010.033-16.99749963,,,26/09/2016
010.033-16.99749964,,,26/09/2016
010.033-16.99749965,,,26/09/2016
010.033-16.99749966,,,26/09/2016
010.033-16.99749967,,,26/09/2016
010.033-16.99749968,,,26/09/2016
010.033-16.99749969,,,26/09/2016
010.033-16.99749970,,,26/09/2016
010.033-16.99749971,,,26/09/2016
010.033-16.99749972,,,26/09/2016
010.033-16.99749973,,,26/09/2016
010.033-16.99749974,,,26/09/2016
010.033-16.99749975,,,26/09/2016
010.033-16.99749976,,,26/09/2016
010.033-16.99749977,,,26/09/2016
010.033-16.99749978,,,26/09/2016
010.033-16.99749979,,,26/09/2016
010.033-16.99749980,,,26/09/2016
010.033-16.99749981,,,26/09/2016
010.033-16.99749982,,,26/09/2016
010.033-16.99749983,,,26/09/2016
010.033-16.99749984,,,26/09/2016
010.033-16.99749985,,,26/09/2016
010.033-16.99749986,,,26/09/2016
010.033-16.99749987,,,26/09/2016
010.033-16.99749988,,,26/09/2016
010.033-16.99749989,,,26/09/2016
010.033-16.99749990,,,26/09/2016
010.033-16.99749991,,,26/09/2016
010.033-16.99749992,,,26/09/2016
010.033-16.99749993,,,26/09/2016
010.033-16.99749994,,,26/09/2016
010.033-16.99749995,,,26/09/2016
010.033-16.99749996,,,26/09/2016
010.033-16.99749997,,,26/09/2016
010.033-16.99749998,,,26/09/2016
010.033-16.99749999,,,26/09/2016
010.033-16.99750000,,,26/09/2016
010.033-16.99759813,,,26/09/2016
010.033-16.99759814,,,26/09/2016
010.033-16.99759815,,,26/09/2016
010.033-16.99759816,,,26/09/2016
010.033-16.99759817,,,26/09/2016
010.033-16.99759818,,,26/09/2016
010.033-16.99759819,,,26/09/2016
010.033-16.99759820,,,26/09/2016
010.033-16.99759821,,,26/09/2016
010.033-16.99759822,,,26/09/2016
010.033-16.99759823,,,26/09/2016
010.033-16.99759824,,,26/09/2016
010.033-16.99759825,,,26/09/2016
010.033-16.99759826,,,26/09/2016
010.033-16.99759827,,,26/09/2016
010.033-16.99759828,,,26/09/2016
010.033-16.99759829,,,26/09/2016
010.033-16.99759830,,,26/09/2016
010.033-16.99759831,,,26/09/2016
010.033-16.99759832,,,26/09/2016
010.033-16.99759833,,,26/09/2016
010.033-16.99759834,,,26/09/2016
010.033-16.99759835,,,26/09/2016
010.033-16.99759836,,,26/09/2016
010.033-16.99759837,,,26/09/2016
010.033-16.99759838,,,26/09/2016
010.033-16.99759839,,,26/09/2016
010.033-16.99759840,,,26/09/2016
010.033-16.99759841,,,26/09/2016
010.033-16.99759842,,,26/09/2016
010.033-16.99759843,,,26/09/2016
010.033-16.99759844,,,26/09/2016
010.033-16.99759845,,,26/09/2016
010.033-16.99759846,,,26/09/2016
010.033-16.99759847,,,26/09/2016
010.033-16.99759848,,,26/09/2016
010.033-16.99759849,,,26/09/2016
010.033-16.99759850,,,26/09/2016
010.033-16.99759851,,,26/09/2016
010.033-16.99759852,,,26/09/2016
010.033-16.99759853,,,26/09/2016
010.033-16.99759854,,,26/09/2016
010.033-16.99759855,,,26/09/2016
010.033-16.99759856,,,26/09/2016
010.033-16.99759857,,,26/09/2016
010.033-16.99759858,,,26/09/2016
010.033-16.99759859,,,26/09/2016
010.033-16.99759860,,,26/09/2016
010.033-16.99759861,,,26/09/2016
010.033-16.99759862,,,26/09/2016
010.033-16.99759863,,,26/09/2016
010.033-16.99759864,,,26/09/2016
010.033-16.99759865,,,26/09/2016
010.033-16.99759866,,,26/09/2016
010.033-16.99759867,,,26/09/2016
010.033-16.99759868,,,26/09/2016
010.033-16.99759869,,,26/09/2016
010.033-16.99759870,,,26/09/2016
010.033-16.99759871,,,26/09/2016
010.033-16.99759872,,,26/09/2016
010.033-16.99759873,,,26/09/2016
010.033-16.99759874,,,26/09/2016
010.033-16.99759875,,,26/09/2016
010.033-16.99759876,,,26/09/2016
010.033-16.99759877,,,26/09/2016
010.033-16.99759878,,,26/09/2016
010.033-16.99759879,,,26/09/2016
010.033-16.99759880,,,26/09/2016
010.033-16.99759881,,,26/09/2016
010.033-16.99759882,,,26/09/2016
010.033-16.99759883,,,26/09/2016
010.033-16.99759884,,,26/09/2016
010.033-16.99759885,,,26/09/2016
010.033-16.99759886,,,26/09/2016
010.033-16.99759887,,,26/09/2016
010.033-16.99759888,,,26/09/2016
010.033-16.99759889,,,26/09/2016
010.033-16.99759890,,,26/09/2016
010.033-16.99759891,,,26/09/2016
010.033-16.99759892,,,26/09/2016
010.033-16.99759893,,,26/09/2016
010.033-16.99759894,,,26/09/2016
010.033-16.99759895,,,26/09/2016
010.033-16.99759896,,,26/09/2016
010.033-16.99759897,,,26/09/2016
010.033-16.99759898,,,26/09/2016
010.033-16.99759899,,,26/09/2016
010.033-16.99759900,,,26/09/2016
010.033-16.99746272,,,26/09/2016
010.033-16.99746273,,,26/09/2016
010.033-16.99746274,,,26/09/2016
010.033-16.99746275,,,26/09/2016
010.033-16.99746276,,,26/09/2016
010.033-16.99746277,,,26/09/2016
010.033-16.99746278,,,26/09/2016
010.033-16.99746279,,,26/09/2016
010.033-16.99746280,,,26/09/2016
010.033-16.99746281,,,26/09/2016
010.033-16.99746282,,,26/09/2016
010.033-16.99746283,,,26/09/2016
010.033-16.99746284,,,26/09/2016
010.033-16.99746285,,,26/09/2016
010.033-16.99746286,,,26/09/2016
010.033-16.99746287,,,26/09/2016
010.033-16.99746288,,,26/09/2016
010.033-16.99746289,,,26/09/2016
010.033-16.99746290,,,26/09/2016
010.033-16.99746291,,,26/09/2016
010.033-16.99746292,,,26/09/2016
010.033-16.99746293,,,26/09/2016
010.033-16.99746294,,,26/09/2016
010.033-16.99746295,,,26/09/2016
010.033-16.99746296,,,26/09/2016
010.033-16.99746297,,,26/09/2016
010.033-16.99746298,,,26/09/2016
010.033-16.99746299,,,26/09/2016
010.033-16.99746300,,,26/09/2016
010.033-16.99746301,,,26/09/2016
010.033-16.99746302,,,26/09/2016
010.033-16.99746303,,,26/09/2016
010.033-16.99746304,,,26/09/2016
010.033-16.99746305,,,26/09/2016
010.033-16.99746306,,,26/09/2016
010.033-16.99746307,,,26/09/2016
010.033-16.99746308,,,26/09/2016
010.033-16.99746309,,,26/09/2016
010.033-16.99746310,,,26/09/2016
010.033-16.99746311,,,26/09/2016
010.033-16.99746312,,,26/09/2016
010.033-16.99746313,,,26/09/2016
010.033-16.99746314,,,26/09/2016
010.033-16.99746315,,,26/09/2016
010.033-16.99746316,,,26/09/2016
010.033-16.99746317,,,26/09/2016
010.033-16.99746318,,,26/09/2016
010.033-16.99746319,,,26/09/2016
010.033-16.99746320,,,26/09/2016
010.033-16.99746321,,,26/09/2016
010.033-16.99746322,,,26/09/2016
010.033-16.99746323,,,26/09/2016
010.033-16.99746324,,,26/09/2016
010.033-16.99746325,,,26/09/2016
010.033-16.99746326,,,26/09/2016
010.033-16.99746327,,,26/09/2016
010.033-16.99746328,,,26/09/2016
010.033-16.99746329,,,26/09/2016
010.033-16.99746330,,,26/09/2016
010.033-16.99746331,,,26/09/2016
010.033-16.99746332,,,26/09/2016
010.033-16.99746333,,,26/09/2016
010.033-16.99746334,,,26/09/2016
010.033-16.99746335,,,26/09/2016
010.033-16.99746336,,,26/09/2016
010.033-16.99746337,,,26/09/2016
010.033-16.99746338,,,26/09/2016
010.033-16.99746339,,,26/09/2016
010.033-16.99746340,,,26/09/2016
010.033-16.99746341,,,26/09/2016
010.033-16.99746342,,,26/09/2016
010.033-16.99746343,,,26/09/2016
010.033-16.99746344,,,26/09/2016
010.033-16.99746345,,,26/09/2016
010.033-16.99746346,,,26/09/2016
010.033-16.99746347,,,26/09/2016
010.033-16.99746348,,,26/09/2016
010.033-16.99746349,,,26/09/2016
010.033-16.99746350,,,26/09/2016
010.033-16.99746351,,,26/09/2016
010.033-16.99746352,,,26/09/2016
010.033-16.99746353,,,26/09/2016
010.033-16.99746354,,,26/09/2016
010.033-16.99746355,,,26/09/2016
010.033-16.99746356,,,26/09/2016
010.033-16.99746357,,,26/09/2016
010.033-16.99746358,,,26/09/2016
010.033-16.99746359,,,26/09/2016
010.033-16.99751266,,,26/09/2016
010.033-16.99751267,,,26/09/2016
010.033-16.99751268,,,26/09/2016
010.033-16.99751269,,,26/09/2016
010.033-16.99751270,,,26/09/2016
010.033-16.99751271,,,26/09/2016
010.033-16.99751272,,,26/09/2016
010.033-16.99751273,,,26/09/2016
010.033-16.99751274,,,26/09/2016
010.033-16.99751275,,,26/09/2016
010.033-16.99751276,,,26/09/2016
010.033-16.99751277,,,26/09/2016
010.033-16.99751278,,,26/09/2016
010.033-16.99751279,,,26/09/2016
010.033-16.99751280,,,26/09/2016
010.033-16.99751281,,,26/09/2016
010.033-16.99751282,,,26/09/2016
010.033-16.99751283,,,26/09/2016
010.033-16.99751284,,,26/09/2016
010.033-16.99751285,,,26/09/2016
010.033-16.99751286,,,26/09/2016
010.033-16.99751287,,,26/09/2016
010.033-16.99751288,,,26/09/2016
010.033-16.99751289,,,26/09/2016
010.033-16.99751290,,,26/09/2016
010.033-16.99751291,,,26/09/2016
010.033-16.99751292,,,26/09/2016
010.033-16.99751293,,,26/09/2016
010.033-16.99751294,,,26/09/2016
010.033-16.99751295,,,26/09/2016
010.033-16.99751296,,,26/09/2016
010.033-16.99751297,,,26/09/2016
010.033-16.99751298,,,26/09/2016
010.033-16.99751299,,,26/09/2016
010.033-16.99751300,,,26/09/2016
010.033-16.99751301,,,26/09/2016
010.033-16.99751302,,,26/09/2016
010.033-16.99751303,,,26/09/2016
010.033-16.99751304,,,26/09/2016
010.033-16.99751305,,,26/09/2016
010.033-16.99751306,,,26/09/2016
010.033-16.99751307,,,26/09/2016
010.033-16.99751308,,,26/09/2016
010.033-16.99751309,,,26/09/2016
010.033-16.99751310,,,26/09/2016
010.033-16.99751311,,,26/09/2016
010.033-16.99751312,,,26/09/2016
010.033-16.99751313,,,26/09/2016
010.033-16.99751314,,,26/09/2016
010.033-16.99751315,,,26/09/2016
010.033-16.99751316,,,26/09/2016
010.033-16.99751317,,,26/09/2016
010.033-16.99751318,,,26/09/2016
010.033-16.99751319,,,26/09/2016
010.033-16.99751320,,,26/09/2016
010.033-16.99751321,,,26/09/2016
010.033-16.99751322,,,26/09/2016
010.033-16.99751323,,,26/09/2016
010.033-16.99751324,,,26/09/2016
010.033-16.99751325,,,26/09/2016
010.033-16.99751326,,,26/09/2016
010.033-16.99751327,,,26/09/2016
010.033-16.99751328,,,26/09/2016
010.033-16.99751329,,,26/09/2016
010.033-16.99751330,,,26/09/2016
010.033-16.99751331,,,26/09/2016
010.033-16.99751332,,,26/09/2016
010.033-16.99751333,,,26/09/2016
010.033-16.99751334,,,26/09/2016
010.033-16.99751335,,,26/09/2016
010.033-16.99751336,,,26/09/2016
010.033-16.99751337,,,26/09/2016
010.033-16.99751338,,,26/09/2016
010.033-16.99751339,,,26/09/2016
010.033-16.99751340,,,26/09/2016
010.033-16.99751341,,,26/09/2016
010.033-16.99751342,,,26/09/2016
010.033-16.99751343,,,26/09/2016
010.033-16.99751344,,,26/09/2016
010.033-16.99751345,,,26/09/2016
010.033-16.99751346,,,26/09/2016
010.033-16.99751347,,,26/09/2016
010.033-16.99751348,,,26/09/2016
010.033-16.99751349,,,26/09/2016
010.033-16.99751350,,,26/09/2016
010.033-16.99751351,,,26/09/2016
010.033-16.99751352,,,26/09/2016
010.033-16.99751353,,,26/09/2016
010.033-16.99747977,,,26/09/2016
010.033-16.99747978,,,26/09/2016
010.033-16.99747979,,,26/09/2016
010.033-16.99747980,,,26/09/2016
010.033-16.99747981,,,26/09/2016
010.033-16.99747982,,,26/09/2016
010.033-16.99747983,,,26/09/2016
010.033-16.99747984,,,26/09/2016
010.033-16.99747985,,,26/09/2016
010.033-16.99747986,,,26/09/2016
010.033-16.99747987,,,26/09/2016
010.033-16.99747988,,,26/09/2016
010.033-16.99747989,,,26/09/2016
010.033-16.99747990,,,26/09/2016
010.033-16.99747991,,,26/09/2016
010.033-16.99747992,,,26/09/2016
010.033-16.99747993,,,26/09/2016
010.033-16.99747994,,,26/09/2016
010.033-16.99747995,,,26/09/2016
010.033-16.99747996,,,26/09/2016
010.033-16.99747997,,,26/09/2016
010.033-16.99747998,,,26/09/2016
010.033-16.99747999,,,26/09/2016
010.033-16.99748000,,,26/09/2016
010.033-16.99748001,,,26/09/2016
010.033-16.99748002,,,26/09/2016
010.033-16.99748003,,,26/09/2016
010.033-16.99748004,,,26/09/2016
010.033-16.99748005,,,26/09/2016
010.033-16.99748006,,,26/09/2016
010.033-16.99748007,,,26/09/2016
010.033-16.99748008,,,26/09/2016
010.033-16.99748009,,,26/09/2016
010.033-16.99748010,,,26/09/2016
010.033-16.99748011,,,26/09/2016
010.033-16.99748012,,,26/09/2016
010.033-16.99748013,,,26/09/2016
010.033-16.99748014,,,26/09/2016
010.033-16.99748015,,,26/09/2016
010.033-16.99748016,,,26/09/2016
010.033-16.99748017,,,26/09/2016
010.033-16.99748018,,,26/09/2016
010.033-16.99748019,,,26/09/2016
010.033-16.99748020,,,26/09/2016
010.033-16.99748021,,,26/09/2016
010.033-16.99748022,,,26/09/2016
010.033-16.99748023,,,26/09/2016
010.033-16.99748024,,,26/09/2016
010.033-16.99748025,,,26/09/2016
010.033-16.99748026,,,26/09/2016
010.033-16.99748027,,,26/09/2016
010.033-16.99748028,,,26/09/2016
010.033-16.99748029,,,26/09/2016
010.033-16.99748030,,,26/09/2016
010.033-16.99748031,,,26/09/2016
010.033-16.99748032,,,26/09/2016
010.033-16.99748033,,,26/09/2016
010.033-16.99748034,,,26/09/2016
010.033-16.99748035,,,26/09/2016
010.033-16.99748036,,,26/09/2016
010.033-16.99748037,,,26/09/2016
010.033-16.99748038,,,26/09/2016
010.033-16.99748039,,,26/09/2016
010.033-16.99748040,,,26/09/2016
010.033-16.99748041,,,26/09/2016
010.033-16.99748042,,,26/09/2016
010.033-16.99748043,,,26/09/2016
010.033-16.99748044,,,26/09/2016
010.033-16.99748045,,,26/09/2016
010.033-16.99748046,,,26/09/2016
010.033-16.99748047,,,26/09/2016
010.033-16.99748048,,,26/09/2016
010.033-16.99748049,,,26/09/2016
010.033-16.99748050,,,26/09/2016
010.033-16.99748051,,,26/09/2016
010.033-16.99748052,,,26/09/2016
010.033-16.99748053,,,26/09/2016
010.033-16.99748054,,,26/09/2016
010.033-16.99748055,,,26/09/2016
010.033-16.99748056,,,26/09/2016
010.033-16.99748057,,,26/09/2016
010.033-16.99748058,,,26/09/2016
010.033-16.99748059,,,26/09/2016
010.033-16.99748060,,,26/09/2016
010.033-16.99748061,,,26/09/2016
010.033-16.99748062,,,26/09/2016
010.033-16.99748063,,,26/09/2016
010.033-16.99748064,,,26/09/2016
010.033-16.99761538,,,26/09/2016
010.033-16.99761539,,,26/09/2016
010.033-16.99761540,,,26/09/2016
010.033-16.99761541,,,26/09/2016
010.033-16.99761542,,,26/09/2016
010.033-16.99761543,,,26/09/2016
010.033-16.99761544,,,26/09/2016
010.033-16.99761545,,,26/09/2016
010.033-16.99761546,,,26/09/2016
010.033-16.99761547,,,26/09/2016
010.033-16.99761548,,,26/09/2016
010.033-16.99761549,,,26/09/2016
010.033-16.99761550,,,26/09/2016
010.033-16.99761551,,,26/09/2016
010.033-16.99761552,,,26/09/2016
010.033-16.99761553,,,26/09/2016
010.033-16.99761554,,,26/09/2016
010.033-16.99761555,,,26/09/2016
010.033-16.99761556,,,26/09/2016
010.033-16.99761557,,,26/09/2016
010.033-16.99761558,,,26/09/2016
010.033-16.99761559,,,26/09/2016
010.033-16.99761560,,,26/09/2016
010.033-16.99761561,,,26/09/2016
010.033-16.99761562,,,26/09/2016
010.033-16.99761563,,,26/09/2016
010.033-16.99761564,,,26/09/2016
010.033-16.99761565,,,26/09/2016
010.033-16.99761566,,,26/09/2016
010.033-16.99761567,,,26/09/2016
010.033-16.99761568,,,26/09/2016
010.033-16.99761569,,,26/09/2016
010.033-16.99761570,,,26/09/2016
010.033-16.99761571,,,26/09/2016
010.033-16.99761572,,,26/09/2016
010.033-16.99761573,,,26/09/2016
010.033-16.99761574,,,26/09/2016
010.033-16.99761575,,,26/09/2016
010.033-16.99761576,,,26/09/2016
010.033-16.99761577,,,26/09/2016
010.033-16.99761578,,,26/09/2016
010.033-16.99761579,,,26/09/2016
010.033-16.99761580,,,26/09/2016
010.033-16.99761581,,,26/09/2016
010.033-16.99761582,,,26/09/2016
010.033-16.99761583,,,26/09/2016
010.033-16.99761584,,,26/09/2016
010.033-16.99761585,,,26/09/2016
010.033-16.99761586,,,26/09/2016
010.033-16.99761587,,,26/09/2016
010.033-16.99761588,,,26/09/2016
010.033-16.99761589,,,26/09/2016
010.033-16.99761590,,,26/09/2016
010.033-16.99761591,,,26/09/2016
010.033-16.99761592,,,26/09/2016
010.033-16.99761593,,,26/09/2016
010.033-16.99761594,,,26/09/2016
010.033-16.99761595,,,26/09/2016
010.033-16.99761596,,,26/09/2016
010.033-16.99761597,,,26/09/2016
010.033-16.99761598,,,26/09/2016
010.033-16.99761599,,,26/09/2016
010.033-16.99761600,,,26/09/2016
010.033-16.99761601,,,26/09/2016
010.033-16.99761602,,,26/09/2016
010.033-16.99761603,,,26/09/2016
010.033-16.99761604,,,26/09/2016
010.033-16.99761605,,,26/09/2016
010.033-16.99761606,,,26/09/2016
010.033-16.99761607,,,26/09/2016
010.033-16.99761608,,,26/09/2016
010.033-16.99761609,,,26/09/2016
010.033-16.99761610,,,26/09/2016
010.033-16.99761611,,,26/09/2016
010.033-16.99761612,,,26/09/2016
010.033-16.99761613,,,26/09/2016
010.033-16.99761614,,,26/09/2016
010.033-16.99761615,,,26/09/2016
010.033-16.99761616,,,26/09/2016
010.033-16.99761617,,,26/09/2016
010.033-16.99761618,,,26/09/2016
010.033-16.99761619,,,26/09/2016
010.033-16.99761620,,,26/09/2016
010.033-16.99761621,,,26/09/2016
010.033-16.99761622,,,26/09/2016
010.033-16.99761623,,,26/09/2016
010.033-16.99761624,,,26/09/2016
010.033-16.99761625,,,26/09/2016
010.033-16.99744424,,,26/09/2016
010.033-16.99744425,,,26/09/2016
010.033-16.99744426,,,26/09/2016
010.033-16.99744427,,,26/09/2016
010.033-16.99744428,,,26/09/2016
010.033-16.99744429,,,26/09/2016
010.033-16.99744430,,,26/09/2016
010.033-16.99744431,,,26/09/2016
010.033-16.99744432,,,26/09/2016
010.033-16.99744433,,,26/09/2016
010.033-16.99744434,,,26/09/2016
010.033-16.99744435,,,26/09/2016
010.033-16.99744436,,,26/09/2016
010.033-16.99744437,,,26/09/2016
010.033-16.99744438,,,26/09/2016
010.033-16.99744439,,,26/09/2016
010.033-16.99744440,,,26/09/2016
010.033-16.99744441,,,26/09/2016
010.033-16.99744442,,,26/09/2016
010.033-16.99744443,,,26/09/2016
010.033-16.99744444,,,26/09/2016
010.033-16.99744445,,,26/09/2016
010.033-16.99744446,,,26/09/2016
010.033-16.99744447,,,26/09/2016
010.033-16.99744448,,,26/09/2016
010.033-16.99744449,,,26/09/2016
010.033-16.99744450,,,26/09/2016
010.033-16.99744451,,,26/09/2016
010.033-16.99744452,,,26/09/2016
010.033-16.99744453,,,26/09/2016
010.033-16.99744454,,,26/09/2016
010.033-16.99744455,,,26/09/2016
010.033-16.99744456,,,26/09/2016
010.033-16.99744457,,,26/09/2016
010.033-16.99744458,,,26/09/2016
010.033-16.99744459,,,26/09/2016
010.033-16.99744460,,,26/09/2016
010.033-16.99744461,,,26/09/2016
010.033-16.99744462,,,26/09/2016
010.033-16.99744463,,,26/09/2016
010.033-16.99744464,,,26/09/2016
010.033-16.99744465,,,26/09/2016
010.033-16.99744466,,,26/09/2016
010.033-16.99744467,,,26/09/2016
010.033-16.99744468,,,26/09/2016
010.033-16.99744469,,,26/09/2016
010.033-16.99744470,,,26/09/2016
010.033-16.99744471,,,26/09/2016
010.033-16.99744472,,,26/09/2016
010.033-16.99744473,,,26/09/2016
010.033-16.99744474,,,26/09/2016
010.033-16.99744475,,,26/09/2016
010.033-16.99744476,,,26/09/2016
010.033-16.99744477,,,26/09/2016
010.033-16.99744478,,,26/09/2016
010.033-16.99744479,,,26/09/2016
010.033-16.99744480,,,26/09/2016
010.033-16.99744481,,,26/09/2016
010.033-16.99744482,,,26/09/2016
010.033-16.99744483,,,26/09/2016
010.033-16.99744484,,,26/09/2016
010.033-16.99744485,,,26/09/2016
010.033-16.99744486,,,26/09/2016
010.033-16.99744487,,,26/09/2016
010.033-16.99744488,,,26/09/2016
010.033-16.99744489,,,26/09/2016
010.033-16.99744490,,,26/09/2016
010.033-16.99744491,,,26/09/2016
010.033-16.99744492,,,26/09/2016
010.033-16.99744493,,,26/09/2016
010.033-16.99744494,,,26/09/2016
010.033-16.99744495,,,26/09/2016
010.033-16.99744496,,,26/09/2016
010.033-16.99744497,,,26/09/2016
010.033-16.99744498,,,26/09/2016
010.033-16.99744499,,,26/09/2016
010.033-16.99744500,,,26/09/2016
010.033-16.99744501,,,26/09/2016
010.033-16.99744502,,,26/09/2016
010.033-16.99744503,,,26/09/2016
010.033-16.99744504,,,26/09/2016
010.033-16.99744505,,,26/09/2016
010.033-16.99744506,,,26/09/2016
010.033-16.99744507,,,26/09/2016
010.033-16.99744508,,,26/09/2016
010.033-16.99744509,,,26/09/2016
010.033-16.99744510,,,26/09/2016
010.033-16.99744511,,,26/09/2016
010.033-16.99757580,,,26/09/2016
010.033-16.99757581,,,26/09/2016
010.033-16.99757582,,,26/09/2016
010.033-16.99757583,,,26/09/2016
010.033-16.99757584,,,26/09/2016
010.033-16.99757585,,,26/09/2016
010.033-16.99757586,,,26/09/2016
010.033-16.99757587,,,26/09/2016
010.033-16.99757588,,,26/09/2016
010.033-16.99757589,,,26/09/2016
010.033-16.99757590,,,26/09/2016
010.033-16.99757591,,,26/09/2016
010.033-16.99757592,,,26/09/2016
010.033-16.99757593,,,26/09/2016
010.033-16.99757594,,,26/09/2016
010.033-16.99757595,,,26/09/2016
010.033-16.99757596,,,26/09/2016
010.033-16.99757597,,,26/09/2016
010.033-16.99757598,,,26/09/2016
010.033-16.99757599,,,26/09/2016
010.033-16.99757600,,,26/09/2016
010.033-16.99757601,,,26/09/2016
010.033-16.99757602,,,26/09/2016
010.033-16.99757603,,,26/09/2016
010.033-16.99757604,,,26/09/2016
010.033-16.99757605,,,26/09/2016
010.033-16.99757606,,,26/09/2016
010.033-16.99757607,,,26/09/2016
010.033-16.99757608,,,26/09/2016
010.033-16.99757609,,,26/09/2016
010.033-16.99757610,,,26/09/2016
010.033-16.99757611,,,26/09/2016
010.033-16.99757612,,,26/09/2016
010.033-16.99757613,,,26/09/2016
010.033-16.99757614,,,26/09/2016
010.033-16.99757615,,,26/09/2016
010.033-16.99757616,,,26/09/2016
010.033-16.99757617,,,26/09/2016
010.033-16.99757618,,,26/09/2016
010.033-16.99757619,,,26/09/2016
010.033-16.99757620,,,26/09/2016
010.033-16.99757621,,,26/09/2016
010.033-16.99757622,,,26/09/2016
010.033-16.99757623,,,26/09/2016
010.033-16.99757624,,,26/09/2016
010.033-16.99757625,,,26/09/2016
010.033-16.99757626,,,26/09/2016
010.033-16.99757627,,,26/09/2016
010.033-16.99757628,,,26/09/2016
010.033-16.99757629,,,26/09/2016
010.033-16.99757630,,,26/09/2016
010.033-16.99757631,,,26/09/2016
010.033-16.99757632,,,26/09/2016
010.033-16.99757633,,,26/09/2016
010.033-16.99757634,,,26/09/2016
010.033-16.99757635,,,26/09/2016
010.033-16.99757636,,,26/09/2016
010.033-16.99757637,,,26/09/2016
010.033-16.99757638,,,26/09/2016
010.033-16.99757639,,,26/09/2016
010.033-16.99757640,,,26/09/2016
010.033-16.99757641,,,26/09/2016
010.033-16.99757642,,,26/09/2016
010.033-16.99757643,,,26/09/2016
010.033-16.99757644,,,26/09/2016
010.033-16.99757645,,,26/09/2016
010.033-16.99757646,,,26/09/2016
010.033-16.99757647,,,26/09/2016
010.033-16.99757648,,,26/09/2016
010.033-16.99757649,,,26/09/2016
010.033-16.99757650,,,26/09/2016
010.033-16.99757651,,,26/09/2016
010.033-16.99757652,,,26/09/2016
010.033-16.99757653,,,26/09/2016
010.033-16.99757654,,,26/09/2016
010.033-16.99757655,,,26/09/2016
010.033-16.99757656,,,26/09/2016
010.033-16.99757657,,,26/09/2016
010.033-16.99757658,,,26/09/2016
010.033-16.99757659,,,26/09/2016
010.033-16.99757660,,,26/09/2016
010.033-16.99757661,,,26/09/2016
010.033-16.99757662,,,26/09/2016
010.033-16.99757663,,,26/09/2016
010.033-16.99757664,,,26/09/2016
010.033-16.99757665,,,26/09/2016
010.033-16.99757666,,,26/09/2016
010.033-16.99757667,,,26/09/2016
010.033-16.99763366,,,26/09/2016
010.033-16.99763367,,,26/09/2016
010.033-16.99763368,,,26/09/2016
010.033-16.99763369,,,26/09/2016
010.033-16.99763370,,,26/09/2016
010.033-16.99763371,,,26/09/2016
010.033-16.99763372,,,26/09/2016
010.033-16.99763373,,,26/09/2016
010.033-16.99763374,,,26/09/2016
010.033-16.99763375,,,26/09/2016
010.033-16.99763376,,,26/09/2016
010.033-16.99763377,,,26/09/2016
010.033-16.99763378,,,26/09/2016
010.033-16.99763379,,,26/09/2016
010.033-16.99763380,,,26/09/2016
010.033-16.99763381,,,26/09/2016
010.033-16.99763382,,,26/09/2016
010.033-16.99763383,,,26/09/2016
010.033-16.99763384,,,26/09/2016
010.033-16.99763385,,,26/09/2016
010.033-16.99763386,,,26/09/2016
010.033-16.99763387,,,26/09/2016
010.033-16.99763388,,,26/09/2016
010.033-16.99763389,,,26/09/2016
010.033-16.99763390,,,26/09/2016
010.033-16.99763391,,,26/09/2016
010.033-16.99763392,,,26/09/2016
010.033-16.99763393,,,26/09/2016
010.033-16.99763394,,,26/09/2016
010.033-16.99763395,,,26/09/2016
010.033-16.99763396,,,26/09/2016
010.033-16.99763397,,,26/09/2016
010.033-16.99763398,,,26/09/2016
010.033-16.99763399,,,26/09/2016
010.033-16.99763400,,,26/09/2016
010.033-16.99763401,,,26/09/2016
010.033-16.99763402,,,26/09/2016
010.033-16.99763403,,,26/09/2016
010.033-16.99763404,,,26/09/2016
010.033-16.99763405,,,26/09/2016
010.033-16.99763406,,,26/09/2016
010.033-16.99763407,,,26/09/2016
010.033-16.99763408,,,26/09/2016
010.033-16.99763409,,,26/09/2016
010.033-16.99763410,,,26/09/2016
010.033-16.99763411,,,26/09/2016
010.033-16.99763412,,,26/09/2016
010.033-16.99763413,,,26/09/2016
010.033-16.99763414,,,26/09/2016
010.033-16.99763415,,,26/09/2016
010.033-16.99763416,,,26/09/2016
010.033-16.99763417,,,26/09/2016
010.033-16.99763418,,,26/09/2016
010.033-16.99763419,,,26/09/2016
010.033-16.99763420,,,26/09/2016
010.033-16.99763421,,,26/09/2016
010.033-16.99763422,,,26/09/2016
010.033-16.99763423,,,26/09/2016
010.033-16.99763424,,,26/09/2016
010.033-16.99763425,,,26/09/2016
010.033-16.99763426,,,26/09/2016
010.033-16.99763427,,,26/09/2016
010.033-16.99763428,,,26/09/2016
010.033-16.99763429,,,26/09/2016
010.033-16.99763430,,,26/09/2016
010.033-16.99763431,,,26/09/2016
010.033-16.99763432,,,26/09/2016
010.033-16.99763433,,,26/09/2016
010.033-16.99763434,,,26/09/2016
010.033-16.99763435,,,26/09/2016
010.033-16.99763436,,,26/09/2016
010.033-16.99763437,,,26/09/2016
010.033-16.99763438,,,26/09/2016
010.033-16.99763439,,,26/09/2016
010.033-16.99763440,,,26/09/2016
010.033-16.99763441,,,26/09/2016
010.033-16.99763442,,,26/09/2016
010.033-16.99763443,,,26/09/2016
010.033-16.99763444,,,26/09/2016
010.033-16.99763445,,,26/09/2016
010.033-16.99763446,,,26/09/2016
010.033-16.99763447,,,26/09/2016
010.033-16.99763448,,,26/09/2016
010.033-16.99763449,,,26/09/2016
010.033-16.99763450,,,26/09/2016
010.033-16.99763451,,,26/09/2016
010.033-16.99763452,,,26/09/2016
010.033-16.99763453,,,26/09/2016
010.033-16.99758196,,,26/09/2016
010.033-16.99758197,,,26/09/2016
010.033-16.99758198,,,26/09/2016
010.033-16.99758199,,,26/09/2016
010.033-16.99758200,,,26/09/2016
010.033-16.99758201,,,26/09/2016
010.033-16.99758202,,,26/09/2016
010.033-16.99758203,,,26/09/2016
010.033-16.99758204,,,26/09/2016
010.033-16.99758205,,,26/09/2016
010.033-16.99758206,,,26/09/2016
010.033-16.99758207,,,26/09/2016
010.033-16.99758208,,,26/09/2016
010.033-16.99758209,,,26/09/2016
010.033-16.99758210,,,26/09/2016
010.033-16.99758211,,,26/09/2016
010.033-16.99758212,,,26/09/2016
010.033-16.99758213,,,26/09/2016
010.033-16.99758214,,,26/09/2016
010.033-16.99758215,,,26/09/2016
010.033-16.99758216,,,26/09/2016
010.033-16.99758217,,,26/09/2016
010.033-16.99758218,,,26/09/2016
010.033-16.99758219,,,26/09/2016
010.033-16.99758220,,,26/09/2016
010.033-16.99758221,,,26/09/2016
010.033-16.99758222,,,26/09/2016
010.033-16.99758223,,,26/09/2016
010.033-16.99758224,,,26/09/2016
010.033-16.99758225,,,26/09/2016
010.033-16.99758226,,,26/09/2016
010.033-16.99758227,,,26/09/2016
010.033-16.99758228,,,26/09/2016
010.033-16.99758229,,,26/09/2016
010.033-16.99758230,,,26/09/2016
010.033-16.99758231,,,26/09/2016
010.033-16.99758232,,,26/09/2016
010.033-16.99758233,,,26/09/2016
010.033-16.99758234,,,26/09/2016
010.033-16.99758235,,,26/09/2016
010.033-16.99758236,,,26/09/2016
010.033-16.99758237,,,26/09/2016
010.033-16.99758238,,,26/09/2016
010.033-16.99758239,,,26/09/2016
010.033-16.99758240,,,26/09/2016
010.033-16.99758241,,,26/09/2016
010.033-16.99758242,,,26/09/2016
010.033-16.99758243,,,26/09/2016
010.033-16.99758244,,,26/09/2016
010.033-16.99758245,,,26/09/2016
010.033-16.99758246,,,26/09/2016
010.033-16.99758247,,,26/09/2016
010.033-16.99758248,,,26/09/2016
010.033-16.99758249,,,26/09/2016
010.033-16.99758250,,,26/09/2016
010.033-16.99758251,,,26/09/2016
010.033-16.99758252,,,26/09/2016
010.033-16.99758253,,,26/09/2016
010.033-16.99758254,,,26/09/2016
010.033-16.99758255,,,26/09/2016
010.033-16.99758256,,,26/09/2016
010.033-16.99758257,,,26/09/2016
010.033-16.99758258,,,26/09/2016
010.033-16.99758259,,,26/09/2016
010.033-16.99758260,,,26/09/2016
010.033-16.99758261,,,26/09/2016
010.033-16.99758262,,,26/09/2016
010.033-16.99758263,,,26/09/2016
010.033-16.99758264,,,26/09/2016
010.033-16.99758265,,,26/09/2016
010.033-16.99758266,,,26/09/2016
010.033-16.99758267,,,26/09/2016
010.033-16.99758268,,,26/09/2016
010.033-16.99758269,,,26/09/2016
010.033-16.99758270,,,26/09/2016
010.033-16.99758271,,,26/09/2016
010.033-16.99758272,,,26/09/2016
010.033-16.99758273,,,26/09/2016
010.033-16.99758274,,,26/09/2016
010.033-16.99758275,,,26/09/2016
010.033-16.99758276,,,26/09/2016
010.033-16.99758277,,,26/09/2016
010.033-16.99758278,,,26/09/2016
010.033-16.99758279,,,26/09/2016
010.033-16.99758280,,,26/09/2016
010.033-16.99758281,,,26/09/2016
010.033-16.99758282,,,26/09/2016
010.033-16.99758283,,,26/09/2016
010.033-16.99750001,,,26/09/2016
010.033-16.99750002,,,26/09/2016
010.033-16.99750003,,,26/09/2016
010.033-16.99750004,,,26/09/2016
010.033-16.99750005,,,26/09/2016
010.033-16.99750006,,,26/09/2016
010.033-16.99750007,,,26/09/2016
010.033-16.99750008,,,26/09/2016
010.033-16.99750009,,,26/09/2016
010.033-16.99750010,,,26/09/2016
010.033-16.99750011,,,26/09/2016
010.033-16.99750012,,,26/09/2016
010.033-16.99750013,,,26/09/2016
010.033-16.99750014,,,26/09/2016
010.033-16.99750015,,,26/09/2016
010.033-16.99750016,,,26/09/2016
010.033-16.99750017,,,26/09/2016
010.033-16.99750018,,,26/09/2016
010.033-16.99750019,,,26/09/2016
010.033-16.99750020,,,26/09/2016
010.033-16.99750021,,,26/09/2016
010.033-16.99750022,,,26/09/2016
010.033-16.99750023,,,26/09/2016
010.033-16.99750024,,,26/09/2016
010.033-16.99750025,,,26/09/2016
010.033-16.99750026,,,26/09/2016
010.033-16.99750027,,,26/09/2016
010.033-16.99750028,,,26/09/2016
010.033-16.99750029,,,26/09/2016
010.033-16.99750030,,,26/09/2016
010.033-16.99750031,,,26/09/2016
010.033-16.99750032,,,26/09/2016
010.033-16.99750033,,,26/09/2016
010.033-16.99750034,,,26/09/2016
010.033-16.99750035,,,26/09/2016
010.033-16.99750036,,,26/09/2016
010.033-16.99750037,,,26/09/2016
010.033-16.99750038,,,26/09/2016
010.033-16.99750039,,,26/09/2016
010.033-16.99750040,,,26/09/2016
010.033-16.99750041,,,26/09/2016
010.033-16.99750042,,,26/09/2016
010.033-16.99750043,,,26/09/2016
010.033-16.99750044,,,26/09/2016
010.033-16.99750045,,,26/09/2016
010.033-16.99750046,,,26/09/2016
010.033-16.99750047,,,26/09/2016
010.033-16.99750048,,,26/09/2016
010.033-16.99750049,,,26/09/2016
010.033-16.99750050,,,26/09/2016
010.033-16.99750051,,,26/09/2016
010.033-16.99750052,,,26/09/2016
010.033-16.99750053,,,26/09/2016
010.033-16.99750054,,,26/09/2016
010.033-16.99750055,,,26/09/2016
010.033-16.99750056,,,26/09/2016
010.033-16.99750057,,,26/09/2016
010.033-16.99750058,,,26/09/2016
010.033-16.99750059,,,26/09/2016
010.033-16.99750060,,,26/09/2016
010.033-16.99750061,,,26/09/2016
010.033-16.99750062,,,26/09/2016
010.033-16.99750063,,,26/09/2016
010.033-16.99750064,,,26/09/2016
010.033-16.99750065,,,26/09/2016
010.033-16.99750066,,,26/09/2016
010.033-16.99750067,,,26/09/2016
010.033-16.99750068,,,26/09/2016
010.033-16.99750069,,,26/09/2016
010.033-16.99750070,,,26/09/2016
010.033-16.99750071,,,26/09/2016
010.033-16.99750072,,,26/09/2016
010.033-16.99750073,,,26/09/2016
010.033-16.99750074,,,26/09/2016
010.033-16.99750075,,,26/09/2016
010.033-16.99750076,,,26/09/2016
010.033-16.99750077,,,26/09/2016
010.033-16.99750078,,,26/09/2016
010.033-16.99750079,,,26/09/2016
010.033-16.99750080,,,26/09/2016
010.033-16.99750081,,,26/09/2016
010.033-16.99750082,,,26/09/2016
010.033-16.99750083,,,26/09/2016
010.033-16.99750084,,,26/09/2016
010.033-16.99750085,,,26/09/2016
010.033-16.99750086,,,26/09/2016
010.033-16.99750087,,,26/09/2016
010.033-16.99750088,,,26/09/2016
010.033-16.99759901,,,26/09/2016
010.033-16.99759902,,,26/09/2016
010.033-16.99759903,,,26/09/2016
010.033-16.99759904,,,26/09/2016
010.033-16.99759905,,,26/09/2016
010.033-16.99759906,,,26/09/2016
010.033-16.99759907,,,26/09/2016
010.033-16.99759908,,,26/09/2016
010.033-16.99759909,,,26/09/2016
010.033-16.99759910,,,26/09/2016
010.033-16.99759911,,,26/09/2016
010.033-16.99759912,,,26/09/2016
010.033-16.99759913,,,26/09/2016
010.033-16.99759914,,,26/09/2016
010.033-16.99759915,,,26/09/2016
010.033-16.99759916,,,26/09/2016
010.033-16.99759917,,,26/09/2016
010.033-16.99759918,,,26/09/2016
010.033-16.99759919,,,26/09/2016
010.033-16.99759920,,,26/09/2016
010.033-16.99759921,,,26/09/2016
010.033-16.99759922,,,26/09/2016
010.033-16.99759923,,,26/09/2016
010.033-16.99759924,,,26/09/2016
010.033-16.99759925,,,26/09/2016
010.033-16.99759926,,,26/09/2016
010.033-16.99759927,,,26/09/2016
010.033-16.99759928,,,26/09/2016
010.033-16.99759929,,,26/09/2016
010.033-16.99759930,,,26/09/2016
010.033-16.99759931,,,26/09/2016
010.033-16.99759932,,,26/09/2016
010.033-16.99759933,,,26/09/2016
010.033-16.99759934,,,26/09/2016
010.033-16.99759935,,,26/09/2016
010.033-16.99759936,,,26/09/2016
010.033-16.99759937,,,26/09/2016
010.033-16.99759938,,,26/09/2016
010.033-16.99759939,,,26/09/2016
010.033-16.99759940,,,26/09/2016
010.033-16.99759941,,,26/09/2016
010.033-16.99759942,,,26/09/2016
010.033-16.99759943,,,26/09/2016
010.033-16.99759944,,,26/09/2016
010.033-16.99759945,,,26/09/2016
010.033-16.99759946,,,26/09/2016
010.033-16.99759947,,,26/09/2016
010.033-16.99759948,,,26/09/2016
010.033-16.99759949,,,26/09/2016
010.033-16.99759950,,,26/09/2016
010.033-16.99759951,,,26/09/2016
010.033-16.99759952,,,26/09/2016
010.033-16.99759953,,,26/09/2016
010.033-16.99759954,,,26/09/2016
010.033-16.99759955,,,26/09/2016
010.033-16.99759956,,,26/09/2016
010.033-16.99759957,,,26/09/2016
010.033-16.99759958,,,26/09/2016
010.033-16.99759959,,,26/09/2016
010.033-16.99759960,,,26/09/2016
010.033-16.99759961,,,26/09/2016
010.033-16.99759962,,,26/09/2016
010.033-16.99759963,,,26/09/2016
010.033-16.99759964,,,26/09/2016
010.033-16.99759965,,,26/09/2016
010.033-16.99759966,,,26/09/2016
010.033-16.99759967,,,26/09/2016
010.033-16.99759968,,,26/09/2016
010.033-16.99759969,,,26/09/2016
010.033-16.99759970,,,26/09/2016
010.033-16.99759971,,,26/09/2016
010.033-16.99759972,,,26/09/2016
010.033-16.99759973,,,26/09/2016
010.033-16.99759974,,,26/09/2016
010.033-16.99759975,,,26/09/2016
010.033-16.99759976,,,26/09/2016
010.033-16.99759977,,,26/09/2016
010.033-16.99759978,,,26/09/2016
010.033-16.99759979,,,26/09/2016
010.033-16.99759980,,,26/09/2016
010.033-16.99759981,,,26/09/2016
010.033-16.99759982,,,26/09/2016
010.033-16.99759983,,,26/09/2016
010.033-16.99759984,,,26/09/2016
010.033-16.99759985,,,26/09/2016
010.033-16.99759986,,,26/09/2016
010.033-16.99759987,,,26/09/2016
010.033-16.99759988,,,26/09/2016
010.033-16.99743599,,,26/09/2016
010.033-16.99743600,,,26/09/2016
010.033-16.99743601,,,26/09/2016
010.033-16.99743602,,,26/09/2016
010.033-16.99743603,,,26/09/2016
010.033-16.99743604,,,26/09/2016
010.033-16.99743605,,,26/09/2016
010.033-16.99743606,,,26/09/2016
010.033-16.99743607,,,26/09/2016
010.033-16.99743608,,,26/09/2016
010.033-16.99743609,,,26/09/2016
010.033-16.99743610,,,26/09/2016
010.033-16.99743611,,,26/09/2016
010.033-16.99743612,,,26/09/2016
010.033-16.99743613,,,26/09/2016
010.033-16.99743614,,,26/09/2016
010.033-16.99743615,,,26/09/2016
010.033-16.99743616,,,26/09/2016
010.033-16.99743617,,,26/09/2016
010.033-16.99743618,,,26/09/2016
010.033-16.99743619,,,26/09/2016
010.033-16.99743620,,,26/09/2016
010.033-16.99743621,,,26/09/2016
010.033-16.99743622,,,26/09/2016
010.033-16.99743623,,,26/09/2016
010.033-16.99743624,,,26/09/2016
010.033-16.99743625,,,26/09/2016
010.033-16.99743626,,,26/09/2016
010.033-16.99743627,,,26/09/2016
010.033-16.99743628,,,26/09/2016
010.033-16.99743629,,,26/09/2016
010.033-16.99743630,,,26/09/2016
010.033-16.99743631,,,26/09/2016
010.033-16.99743632,,,26/09/2016
010.033-16.99743633,,,26/09/2016
010.033-16.99743634,,,26/09/2016
010.033-16.99743635,,,26/09/2016
010.033-16.99743636,,,26/09/2016
010.033-16.99743637,,,26/09/2016
010.033-16.99743638,,,26/09/2016
010.033-16.99743639,,,26/09/2016
010.033-16.99743640,,,26/09/2016
010.033-16.99743641,,,26/09/2016
010.033-16.99743642,,,26/09/2016
010.033-16.99743643,,,26/09/2016
010.033-16.99743644,,,26/09/2016
010.033-16.99743645,,,26/09/2016
010.033-16.99743646,,,26/09/2016
010.033-16.99743647,,,26/09/2016
010.033-16.99743648,,,26/09/2016
010.033-16.99743649,,,26/09/2016
010.033-16.99743650,,,26/09/2016
010.033-16.99743651,,,26/09/2016
010.033-16.99743652,,,26/09/2016
010.033-16.99743653,,,26/09/2016
010.033-16.99743654,,,26/09/2016
010.033-16.99743655,,,26/09/2016
010.033-16.99743656,,,26/09/2016
010.033-16.99743657,,,26/09/2016
010.033-16.99743658,,,26/09/2016
010.033-16.99743659,,,26/09/2016
010.033-16.99743660,,,26/09/2016
010.033-16.99743661,,,26/09/2016
010.033-16.99743662,,,26/09/2016
010.033-16.99743663,,,26/09/2016
010.033-16.99743664,,,26/09/2016
010.033-16.99743665,,,26/09/2016
010.033-16.99743666,,,26/09/2016
010.033-16.99743667,,,26/09/2016
010.033-16.99743668,,,26/09/2016
010.033-16.99743669,,,26/09/2016
010.033-16.99743670,,,26/09/2016
010.033-16.99743671,,,26/09/2016
010.033-16.99743672,,,26/09/2016
010.033-16.99743673,,,26/09/2016
010.033-16.99743674,,,26/09/2016
010.033-16.99743675,,,26/09/2016
010.033-16.99743676,,,26/09/2016
010.033-16.99743677,,,26/09/2016
010.033-16.99743678,,,26/09/2016
010.033-16.99743679,,,26/09/2016
010.033-16.99743680,,,26/09/2016
010.033-16.99743681,,,26/09/2016
010.033-16.99743682,,,26/09/2016
010.033-16.99743683,,,26/09/2016
010.033-16.99743684,,,26/09/2016
010.033-16.99743685,,,26/09/2016
010.033-16.99743686,,,26/09/2016
010.033-16.99751354,,,26/09/2016
010.033-16.99751355,,,26/09/2016
010.033-16.99751356,,,26/09/2016
010.033-16.99751357,,,26/09/2016
010.033-16.99751358,,,26/09/2016
010.033-16.99751359,,,26/09/2016
010.033-16.99751360,,,26/09/2016
010.033-16.99751361,,,26/09/2016
010.033-16.99751362,,,26/09/2016
010.033-16.99751363,,,26/09/2016
010.033-16.99751364,,,26/09/2016
010.033-16.99751365,,,26/09/2016
010.033-16.99751366,,,26/09/2016
010.033-16.99751367,,,26/09/2016
010.033-16.99751368,,,26/09/2016
010.033-16.99751369,,,26/09/2016
010.033-16.99751370,,,26/09/2016
010.033-16.99751371,,,26/09/2016
010.033-16.99751372,,,26/09/2016
010.033-16.99751373,,,26/09/2016
010.033-16.99751374,,,26/09/2016
010.033-16.99751375,,,26/09/2016
010.033-16.99751376,,,26/09/2016
010.033-16.99751377,,,26/09/2016
010.033-16.99751378,,,26/09/2016
010.033-16.99751379,,,26/09/2016
010.033-16.99751380,,,26/09/2016
010.033-16.99751381,,,26/09/2016
010.033-16.99751382,,,26/09/2016
010.033-16.99751383,,,26/09/2016
010.033-16.99751384,,,26/09/2016
010.033-16.99751385,,,26/09/2016
010.033-16.99751386,,,26/09/2016
010.033-16.99751387,,,26/09/2016
010.033-16.99751388,,,26/09/2016
010.033-16.99751389,,,26/09/2016
010.033-16.99751390,,,26/09/2016
010.033-16.99751391,,,26/09/2016
010.033-16.99751392,,,26/09/2016
010.033-16.99751393,,,26/09/2016
010.033-16.99751394,,,26/09/2016
010.033-16.99751395,,,26/09/2016
010.033-16.99751396,,,26/09/2016
010.033-16.99751397,,,26/09/2016
010.033-16.99751398,,,26/09/2016
010.033-16.99751399,,,26/09/2016
010.033-16.99751400,,,26/09/2016
010.033-16.99751401,,,26/09/2016
010.033-16.99751402,,,26/09/2016
010.033-16.99751403,,,26/09/2016
010.033-16.99751404,,,26/09/2016
010.033-16.99751405,,,26/09/2016
010.033-16.99751406,,,26/09/2016
010.033-16.99751407,,,26/09/2016
010.033-16.99751408,,,26/09/2016
010.033-16.99751409,,,26/09/2016
010.033-16.99751410,,,26/09/2016
010.033-16.99751411,,,26/09/2016
010.033-16.99751412,,,26/09/2016
010.033-16.99751413,,,26/09/2016
010.033-16.99751414,,,26/09/2016
010.033-16.99751415,,,26/09/2016
010.033-16.99751416,,,26/09/2016
010.033-16.99751417,,,26/09/2016
010.033-16.99751418,,,26/09/2016
010.033-16.99751419,,,26/09/2016
010.033-16.99751420,,,26/09/2016
010.033-16.99751421,,,26/09/2016
010.033-16.99751422,,,26/09/2016
010.033-16.99751423,,,26/09/2016
010.033-16.99751424,,,26/09/2016
010.033-16.99751425,,,26/09/2016
010.033-16.99751426,,,26/09/2016
010.033-16.99751427,,,26/09/2016
010.033-16.99751428,,,26/09/2016
010.033-16.99751429,,,26/09/2016
010.033-16.99751430,,,26/09/2016
010.033-16.99751431,,,26/09/2016
010.033-16.99751432,,,26/09/2016
010.033-16.99751433,,,26/09/2016
010.033-16.99751434,,,26/09/2016
010.033-16.99751435,,,26/09/2016
010.033-16.99751436,,,26/09/2016
010.033-16.99751437,,,26/09/2016
010.033-16.99751438,,,26/09/2016
010.033-16.99751439,,,26/09/2016
010.033-16.99751440,,,26/09/2016
010.033-16.99751441,,,26/09/2016
010.033-16.99746360,,,26/09/2016
010.033-16.99746361,,,26/09/2016
010.033-16.99746362,,,26/09/2016
010.033-16.99746363,,,26/09/2016
010.033-16.99746364,,,26/09/2016
010.033-16.99746365,,,26/09/2016
010.033-16.99746366,,,26/09/2016
010.033-16.99746367,,,26/09/2016
010.033-16.99746368,,,26/09/2016
010.033-16.99746369,,,26/09/2016
010.033-16.99746370,,,26/09/2016
010.033-16.99746371,,,26/09/2016
010.033-16.99746372,,,26/09/2016
010.033-16.99746373,,,26/09/2016
010.033-16.99746374,,,26/09/2016
010.033-16.99746375,,,26/09/2016
010.033-16.99746376,,,26/09/2016
010.033-16.99746377,,,26/09/2016
010.033-16.99746378,,,26/09/2016
010.033-16.99746379,,,26/09/2016
010.033-16.99746380,,,26/09/2016
010.033-16.99746381,,,26/09/2016
010.033-16.99746382,,,26/09/2016
010.033-16.99746383,,,26/09/2016
010.033-16.99746384,,,26/09/2016
010.033-16.99746385,,,26/09/2016
010.033-16.99746386,,,26/09/2016
010.033-16.99746387,,,26/09/2016
010.033-16.99746388,,,26/09/2016
010.033-16.99746389,,,26/09/2016
010.033-16.99746390,,,26/09/2016
010.033-16.99746391,,,26/09/2016
010.033-16.99746392,,,26/09/2016
010.033-16.99746393,,,26/09/2016
010.033-16.99746394,,,26/09/2016
010.033-16.99746395,,,26/09/2016
010.033-16.99746396,,,26/09/2016
010.033-16.99746397,,,26/09/2016
010.033-16.99746398,,,26/09/2016
010.033-16.99746399,,,26/09/2016
010.033-16.99746400,,,26/09/2016
010.033-16.99746401,,,26/09/2016
010.033-16.99746402,,,26/09/2016
010.033-16.99746403,,,26/09/2016
010.033-16.99746404,,,26/09/2016
010.033-16.99746405,,,26/09/2016
010.033-16.99746406,,,26/09/2016
010.033-16.99746407,,,26/09/2016
010.033-16.99746408,,,26/09/2016
010.033-16.99746409,,,26/09/2016
010.033-16.99746410,,,26/09/2016
010.033-16.99746411,,,26/09/2016
010.033-16.99746412,,,26/09/2016
010.033-16.99746413,,,26/09/2016
010.033-16.99746414,,,26/09/2016
010.033-16.99746415,,,26/09/2016
010.033-16.99746416,,,26/09/2016
010.033-16.99746417,,,26/09/2016
010.033-16.99746418,,,26/09/2016
010.033-16.99746419,,,26/09/2016
010.033-16.99746420,,,26/09/2016
010.033-16.99746421,,,26/09/2016
010.033-16.99746422,,,26/09/2016
010.033-16.99746423,,,26/09/2016
010.033-16.99746424,,,26/09/2016
010.033-16.99746425,,,26/09/2016
010.033-16.99746426,,,26/09/2016
010.033-16.99746427,,,26/09/2016
010.033-16.99746428,,,26/09/2016
010.033-16.99746429,,,26/09/2016
010.033-16.99746430,,,26/09/2016
010.033-16.99746431,,,26/09/2016
010.033-16.99746432,,,26/09/2016
010.033-16.99746433,,,26/09/2016
010.033-16.99746434,,,26/09/2016
010.033-16.99746435,,,26/09/2016
010.033-16.99746436,,,26/09/2016
010.033-16.99746437,,,26/09/2016
010.033-16.99746438,,,26/09/2016
010.033-16.99746439,,,26/09/2016
010.033-16.99746440,,,26/09/2016
010.033-16.99746441,,,26/09/2016
010.033-16.99746442,,,26/09/2016
010.033-16.99746443,,,26/09/2016
010.033-16.99746444,,,26/09/2016
010.033-16.99746445,,,26/09/2016
010.033-16.99746446,,,26/09/2016
010.033-16.99746447,,,26/09/2016
010.033-16.99748065,,,26/09/2016
010.033-16.99748066,,,26/09/2016
010.033-16.99748067,,,26/09/2016
010.033-16.99748068,,,26/09/2016
010.033-16.99748069,,,26/09/2016
010.033-16.99748070,,,26/09/2016
010.033-16.99748071,,,26/09/2016
010.033-16.99748072,,,26/09/2016
010.033-16.99748073,,,26/09/2016
010.033-16.99748074,,,26/09/2016
010.033-16.99748075,,,26/09/2016
010.033-16.99748076,,,26/09/2016
010.033-16.99748077,,,26/09/2016
010.033-16.99748078,,,26/09/2016
010.033-16.99748079,,,26/09/2016
010.033-16.99748080,,,26/09/2016
010.033-16.99748081,,,26/09/2016
010.033-16.99748082,,,26/09/2016
010.033-16.99748083,,,26/09/2016
010.033-16.99748084,,,26/09/2016
010.033-16.99748085,,,26/09/2016
010.033-16.99748086,,,26/09/2016
010.033-16.99748087,,,26/09/2016
010.033-16.99748088,,,26/09/2016
010.033-16.99748089,,,26/09/2016
010.033-16.99748090,,,26/09/2016
010.033-16.99748091,,,26/09/2016
010.033-16.99748092,,,26/09/2016
010.033-16.99748093,,,26/09/2016
010.033-16.99748094,,,26/09/2016
010.033-16.99748095,,,26/09/2016
010.033-16.99748096,,,26/09/2016
010.033-16.99748097,,,26/09/2016
010.033-16.99748098,,,26/09/2016
010.033-16.99748099,,,26/09/2016
010.033-16.99748100,,,26/09/2016
010.033-16.99748101,,,26/09/2016
010.033-16.99748102,,,26/09/2016
010.033-16.99748103,,,26/09/2016
010.033-16.99748104,,,26/09/2016
010.033-16.99748105,,,26/09/2016
010.033-16.99748106,,,26/09/2016
010.033-16.99748107,,,26/09/2016
010.033-16.99748108,,,26/09/2016
010.033-16.99748109,,,26/09/2016
010.033-16.99748110,,,26/09/2016
010.033-16.99748111,,,26/09/2016
010.033-16.99748112,,,26/09/2016
010.033-16.99748113,,,26/09/2016
010.033-16.99748114,,,26/09/2016
010.033-16.99748115,,,26/09/2016
010.033-16.99748116,,,26/09/2016
010.033-16.99748117,,,26/09/2016
010.033-16.99748118,,,26/09/2016
010.033-16.99748119,,,26/09/2016
010.033-16.99748120,,,26/09/2016
010.033-16.99748121,,,26/09/2016
010.033-16.99748122,,,26/09/2016
010.033-16.99748123,,,26/09/2016
010.033-16.99748124,,,26/09/2016
010.033-16.99748125,,,26/09/2016
010.033-16.99748126,,,26/09/2016
010.033-16.99748127,,,26/09/2016
010.033-16.99748128,,,26/09/2016
010.033-16.99748129,,,26/09/2016
010.033-16.99748130,,,26/09/2016
010.033-16.99748131,,,26/09/2016
010.033-16.99748132,,,26/09/2016
010.033-16.99748133,,,26/09/2016
010.033-16.99748134,,,26/09/2016
010.033-16.99748135,,,26/09/2016
010.033-16.99748136,,,26/09/2016
010.033-16.99748137,,,26/09/2016
010.033-16.99748138,,,26/09/2016
010.033-16.99748139,,,26/09/2016
010.033-16.99748140,,,26/09/2016
010.033-16.99748141,,,26/09/2016
010.033-16.99748142,,,26/09/2016
010.033-16.99748143,,,26/09/2016
010.033-16.99748144,,,26/09/2016
010.033-16.99748145,,,26/09/2016
010.033-16.99748146,,,26/09/2016
010.033-16.99748147,,,26/09/2016
010.033-16.99748148,,,26/09/2016
010.033-16.99748149,,,26/09/2016
010.033-16.99748150,,,26/09/2016
010.033-16.99748151,,,26/09/2016
010.033-16.99748152,,,26/09/2016
010.033-16.99744512,,,26/09/2016
010.033-16.99744513,,,26/09/2016
010.033-16.99744514,,,26/09/2016
010.033-16.99744515,,,26/09/2016
010.033-16.99744516,,,26/09/2016
010.033-16.99744517,,,26/09/2016
010.033-16.99744518,,,26/09/2016
010.033-16.99744519,,,26/09/2016
010.033-16.99744520,,,26/09/2016
010.033-16.99744521,,,26/09/2016
010.033-16.99744522,,,26/09/2016
010.033-16.99744523,,,26/09/2016
010.033-16.99744524,,,26/09/2016
010.033-16.99744525,,,26/09/2016
010.033-16.99744526,,,26/09/2016
010.033-16.99744527,,,26/09/2016
010.033-16.99744528,,,26/09/2016
010.033-16.99744529,,,26/09/2016
010.033-16.99744530,,,26/09/2016
010.033-16.99744531,,,26/09/2016
010.033-16.99744532,,,26/09/2016
010.033-16.99744533,,,26/09/2016
010.033-16.99744534,,,26/09/2016
010.033-16.99744535,,,26/09/2016
010.033-16.99744536,,,26/09/2016
010.033-16.99744537,,,26/09/2016
010.033-16.99744538,,,26/09/2016
010.033-16.99744539,,,26/09/2016
010.033-16.99744540,,,26/09/2016
010.033-16.99744541,,,26/09/2016
010.033-16.99744542,,,26/09/2016
010.033-16.99744543,,,26/09/2016
010.033-16.99744544,,,26/09/2016
010.033-16.99744545,,,26/09/2016
010.033-16.99744546,,,26/09/2016
010.033-16.99744547,,,26/09/2016
010.033-16.99744548,,,26/09/2016
010.033-16.99744549,,,26/09/2016
010.033-16.99744550,,,26/09/2016
010.033-16.99744551,,,26/09/2016
010.033-16.99744552,,,26/09/2016
010.033-16.99744553,,,26/09/2016
010.033-16.99744554,,,26/09/2016
010.033-16.99744555,,,26/09/2016
010.033-16.99744556,,,26/09/2016
010.033-16.99744557,,,26/09/2016
010.033-16.99744558,,,26/09/2016
010.033-16.99744559,,,26/09/2016
010.033-16.99744560,,,26/09/2016
010.033-16.99744561,,,26/09/2016
010.033-16.99744562,,,26/09/2016
010.033-16.99744563,,,26/09/2016
010.033-16.99744564,,,26/09/2016
010.033-16.99744565,,,26/09/2016
010.033-16.99744566,,,26/09/2016
010.033-16.99744567,,,26/09/2016
010.033-16.99744568,,,26/09/2016
010.033-16.99744569,,,26/09/2016
010.033-16.99744570,,,26/09/2016
010.033-16.99744571,,,26/09/2016
010.033-16.99744572,,,26/09/2016
010.033-16.99744573,,,26/09/2016
010.033-16.99744574,,,26/09/2016
010.033-16.99744575,,,26/09/2016
010.033-16.99744576,,,26/09/2016
010.033-16.99744577,,,26/09/2016
010.033-16.99744578,,,26/09/2016
010.033-16.99744579,,,26/09/2016
010.033-16.99744580,,,26/09/2016
010.033-16.99744581,,,26/09/2016
010.033-16.99744582,,,26/09/2016
010.033-16.99744583,,,26/09/2016
010.033-16.99744584,,,26/09/2016
010.033-16.99744585,,,26/09/2016
010.033-16.99744586,,,26/09/2016
010.033-16.99744587,,,26/09/2016
010.033-16.99744588,,,26/09/2016
010.033-16.99744589,,,26/09/2016
010.033-16.99744590,,,26/09/2016
010.033-16.99744591,,,26/09/2016
010.033-16.99744592,,,26/09/2016
010.033-16.99744593,,,26/09/2016
010.033-16.99744594,,,26/09/2016
010.033-16.99744595,,,26/09/2016
010.033-16.99744596,,,26/09/2016
010.033-16.99744597,,,26/09/2016
010.033-16.99744598,,,26/09/2016
010.033-16.99744599,,,26/09/2016
010.033-16.99761626,,,26/09/2016
010.033-16.99761627,,,26/09/2016
010.033-16.99761628,,,26/09/2016
010.033-16.99761629,,,26/09/2016
010.033-16.99761630,,,26/09/2016
010.033-16.99761631,,,26/09/2016
010.033-16.99761632,,,26/09/2016
010.033-16.99761633,,,26/09/2016
010.033-16.99761634,,,26/09/2016
010.033-16.99761635,,,26/09/2016
010.033-16.99761636,,,26/09/2016
010.033-16.99761637,,,26/09/2016
010.033-16.99761638,,,26/09/2016
010.033-16.99761639,,,26/09/2016
010.033-16.99761640,,,26/09/2016
010.033-16.99761641,,,26/09/2016
010.033-16.99761642,,,26/09/2016
010.033-16.99761643,,,26/09/2016
010.033-16.99761644,,,26/09/2016
010.033-16.99761645,,,26/09/2016
010.033-16.99761646,,,26/09/2016
010.033-16.99761647,,,26/09/2016
010.033-16.99761648,,,26/09/2016
010.033-16.99761649,,,26/09/2016
010.033-16.99761650,,,26/09/2016
010.033-16.99761651,,,26/09/2016
010.033-16.99761652,,,26/09/2016
010.033-16.99761653,,,26/09/2016
010.033-16.99761654,,,26/09/2016
010.033-16.99761655,,,26/09/2016
010.033-16.99761656,,,26/09/2016
010.033-16.99761657,,,26/09/2016
010.033-16.99761658,,,26/09/2016
010.033-16.99761659,,,26/09/2016
010.033-16.99761660,,,26/09/2016
010.033-16.99761661,,,26/09/2016
010.033-16.99761662,,,26/09/2016
010.033-16.99761663,,,26/09/2016
010.033-16.99761664,,,26/09/2016
010.033-16.99761665,,,26/09/2016
010.033-16.99761666,,,26/09/2016
010.033-16.99761667,,,26/09/2016
010.033-16.99761668,,,26/09/2016
010.033-16.99761669,,,26/09/2016
010.033-16.99761670,,,26/09/2016
010.033-16.99761671,,,26/09/2016
010.033-16.99761672,,,26/09/2016
010.033-16.99761673,,,26/09/2016
010.033-16.99761674,,,26/09/2016
010.033-16.99761675,,,26/09/2016
010.033-16.99761676,,,26/09/2016
010.033-16.99761677,,,26/09/2016
010.033-16.99761678,,,26/09/2016
010.033-16.99761679,,,26/09/2016
010.033-16.99761680,,,26/09/2016
010.033-16.99761681,,,26/09/2016
010.033-16.99761682,,,26/09/2016
010.033-16.99761683,,,26/09/2016
010.033-16.99761684,,,26/09/2016
010.033-16.99761685,,,26/09/2016
010.033-16.99761686,,,26/09/2016
010.033-16.99761687,,,26/09/2016
010.033-16.99761688,,,26/09/2016
010.033-16.99761689,,,26/09/2016
010.033-16.99761690,,,26/09/2016
010.033-16.99761691,,,26/09/2016
010.033-16.99761692,,,26/09/2016
010.033-16.99761693,,,26/09/2016
010.033-16.99761694,,,26/09/2016
010.033-16.99761695,,,26/09/2016
010.033-16.99761696,,,26/09/2016
010.033-16.99761697,,,26/09/2016
010.033-16.99761698,,,26/09/2016
010.033-16.99761699,,,26/09/2016
010.033-16.99761700,,,26/09/2016
010.033-16.99761701,,,26/09/2016
010.033-16.99761702,,,26/09/2016
010.033-16.99761703,,,26/09/2016
010.033-16.99761704,,,26/09/2016
010.033-16.99761705,,,26/09/2016
010.033-16.99761706,,,26/09/2016
010.033-16.99761707,,,26/09/2016
010.033-16.99761708,,,26/09/2016
010.033-16.99761709,,,26/09/2016
010.033-16.99761710,,,26/09/2016
010.033-16.99761711,,,26/09/2016
010.033-16.99761712,,,26/09/2016
010.033-16.99761713,,,26/09/2016
010.033-16.99763454,,,26/09/2016
010.033-16.99763455,,,26/09/2016
010.033-16.99763456,,,26/09/2016
010.033-16.99763457,,,26/09/2016
010.033-16.99763458,,,26/09/2016
010.033-16.99763459,,,26/09/2016
010.033-16.99763460,,,26/09/2016
010.033-16.99763461,,,26/09/2016
010.033-16.99763462,,,26/09/2016
010.033-16.99763463,,,26/09/2016
010.033-16.99763464,,,26/09/2016
010.033-16.99763465,,,26/09/2016
010.033-16.99763466,,,26/09/2016
010.033-16.99763467,,,26/09/2016
010.033-16.99763468,,,26/09/2016
010.033-16.99763469,,,26/09/2016
010.033-16.99763470,,,26/09/2016
010.033-16.99763471,,,26/09/2016
010.033-16.99763472,,,26/09/2016
010.033-16.99763473,,,26/09/2016
010.033-16.99763474,,,26/09/2016
010.033-16.99763475,,,26/09/2016
010.033-16.99763476,,,26/09/2016
010.033-16.99763477,,,26/09/2016
010.033-16.99763478,,,26/09/2016
010.033-16.99763479,,,26/09/2016
010.033-16.99763480,,,26/09/2016
010.033-16.99763481,,,26/09/2016
010.033-16.99763482,,,26/09/2016
010.033-16.99763483,,,26/09/2016
010.033-16.99763484,,,26/09/2016
010.033-16.99763485,,,26/09/2016
010.033-16.99763486,,,26/09/2016
010.033-16.99763487,,,26/09/2016
010.033-16.99763488,,,26/09/2016
010.033-16.99763489,,,26/09/2016
010.033-16.99763490,,,26/09/2016
010.033-16.99763491,,,26/09/2016
010.033-16.99763492,,,26/09/2016
010.033-16.99763493,,,26/09/2016
010.033-16.99763494,,,26/09/2016
010.033-16.99763495,,,26/09/2016
010.033-16.99763496,,,26/09/2016
010.033-16.99763497,,,26/09/2016
010.033-16.99763498,,,26/09/2016
010.033-16.99763499,,,26/09/2016
010.033-16.99763500,,,26/09/2016
010.033-16.99763501,,,26/09/2016
010.033-16.99763502,,,26/09/2016
010.033-16.99763503,,,26/09/2016
010.033-16.99763504,,,26/09/2016
010.033-16.99763505,,,26/09/2016
010.033-16.99763506,,,26/09/2016
010.033-16.99763507,,,26/09/2016
010.033-16.99763508,,,26/09/2016
010.033-16.99763509,,,26/09/2016
010.033-16.99763510,,,26/09/2016
010.033-16.99763511,,,26/09/2016
010.033-16.99763512,,,26/09/2016
010.033-16.99763513,,,26/09/2016
010.033-16.99763514,,,26/09/2016
010.033-16.99763515,,,26/09/2016
010.033-16.99763516,,,26/09/2016
010.033-16.99763517,,,26/09/2016
010.033-16.99763518,,,26/09/2016
010.033-16.99763519,,,26/09/2016
010.033-16.99763520,,,26/09/2016
010.033-16.99763521,,,26/09/2016
010.033-16.99763522,,,26/09/2016
010.033-16.99763523,,,26/09/2016
010.033-16.99763524,,,26/09/2016
010.033-16.99763525,,,26/09/2016
010.033-16.99763526,,,26/09/2016
010.033-16.99763527,,,26/09/2016
010.033-16.99763528,,,26/09/2016
010.033-16.99763529,,,26/09/2016
010.033-16.99763530,,,26/09/2016
010.033-16.99763531,,,26/09/2016
010.033-16.99763532,,,26/09/2016
010.033-16.99763533,,,26/09/2016
010.033-16.99763534,,,26/09/2016
010.033-16.99763535,,,26/09/2016
010.033-16.99763536,,,26/09/2016
010.033-16.99763537,,,26/09/2016
010.033-16.99763538,,,26/09/2016
010.033-16.99763539,,,26/09/2016
010.033-16.99763540,,,26/09/2016
010.033-16.99763541,,,26/09/2016
010.033-16.99757668,,,26/09/2016
010.033-16.99757669,,,26/09/2016
010.033-16.99757670,,,26/09/2016
010.033-16.99757671,,,26/09/2016
010.033-16.99757672,,,26/09/2016
010.033-16.99757673,,,26/09/2016
010.033-16.99757674,,,26/09/2016
010.033-16.99757675,,,26/09/2016
010.033-16.99757676,,,26/09/2016
010.033-16.99757677,,,26/09/2016
010.033-16.99757678,,,26/09/2016
010.033-16.99757679,,,26/09/2016
010.033-16.99757680,,,26/09/2016
010.033-16.99757681,,,26/09/2016
010.033-16.99757682,,,26/09/2016
010.033-16.99757683,,,26/09/2016
010.033-16.99757684,,,26/09/2016
010.033-16.99757685,,,26/09/2016
010.033-16.99757686,,,26/09/2016
010.033-16.99757687,,,26/09/2016
010.033-16.99757688,,,26/09/2016
010.033-16.99757689,,,26/09/2016
010.033-16.99757690,,,26/09/2016
010.033-16.99757691,,,26/09/2016
010.033-16.99757692,,,26/09/2016
010.033-16.99757693,,,26/09/2016
010.033-16.99757694,,,26/09/2016
010.033-16.99757695,,,26/09/2016
010.033-16.99757696,,,26/09/2016
010.033-16.99757697,,,26/09/2016
010.033-16.99757698,,,26/09/2016
010.033-16.99757699,,,26/09/2016
010.033-16.99757700,,,26/09/2016
010.033-16.99757701,,,26/09/2016
010.033-16.99757702,,,26/09/2016
010.033-16.99757703,,,26/09/2016
010.033-16.99757704,,,26/09/2016
010.033-16.99757705,,,26/09/2016
010.033-16.99757706,,,26/09/2016
010.033-16.99757707,,,26/09/2016
010.033-16.99757708,,,26/09/2016
010.033-16.99757709,,,26/09/2016
010.033-16.99757710,,,26/09/2016
010.033-16.99757711,,,26/09/2016
010.033-16.99757712,,,26/09/2016
010.033-16.99757713,,,26/09/2016
010.033-16.99757714,,,26/09/2016
010.033-16.99757715,,,26/09/2016
010.033-16.99757716,,,26/09/2016
010.033-16.99757717,,,26/09/2016
010.033-16.99757718,,,26/09/2016
010.033-16.99757719,,,26/09/2016
010.033-16.99757720,,,26/09/2016
010.033-16.99757721,,,26/09/2016
010.033-16.99757722,,,26/09/2016
010.033-16.99757723,,,26/09/2016
010.033-16.99757724,,,26/09/2016
010.033-16.99757725,,,26/09/2016
010.033-16.99757726,,,26/09/2016
010.033-16.99757727,,,26/09/2016
010.033-16.99757728,,,26/09/2016
010.033-16.99757729,,,26/09/2016
010.033-16.99757730,,,26/09/2016
010.033-16.99757731,,,26/09/2016
010.033-16.99757732,,,26/09/2016
010.033-16.99757733,,,26/09/2016
010.033-16.99757734,,,26/09/2016
010.033-16.99757735,,,26/09/2016
010.033-16.99757736,,,26/09/2016
010.033-16.99757737,,,26/09/2016
010.033-16.99757738,,,26/09/2016
010.033-16.99757739,,,26/09/2016
010.033-16.99757740,,,26/09/2016
010.033-16.99757741,,,26/09/2016
010.033-16.99757742,,,26/09/2016
010.033-16.99757743,,,26/09/2016
010.033-16.99757744,,,26/09/2016
010.033-16.99757745,,,26/09/2016
010.033-16.99757746,,,26/09/2016
010.033-16.99757747,,,26/09/2016
010.033-16.99757748,,,26/09/2016
010.033-16.99757749,,,26/09/2016
010.033-16.99757750,,,26/09/2016
010.033-16.99757751,,,26/09/2016
010.033-16.99757752,,,26/09/2016
010.033-16.99757753,,,26/09/2016
010.033-16.99757754,,,26/09/2016
010.033-16.99757755,,,26/09/2016
010.033-16.99758284,,,26/09/2016
010.033-16.99758285,,,26/09/2016
010.033-16.99758286,,,26/09/2016
010.033-16.99758287,,,26/09/2016
010.033-16.99758288,,,26/09/2016
010.033-16.99758289,,,26/09/2016
010.033-16.99758290,,,26/09/2016
010.033-16.99758291,,,26/09/2016
010.033-16.99758292,,,26/09/2016
010.033-16.99758293,,,26/09/2016
010.033-16.99758294,,,26/09/2016
010.033-16.99758295,,,26/09/2016
010.033-16.99758296,,,26/09/2016
010.033-16.99758297,,,26/09/2016
010.033-16.99758298,,,26/09/2016
010.033-16.99758299,,,26/09/2016
010.033-16.99758300,,,26/09/2016
010.033-16.99758301,,,26/09/2016
010.033-16.99758302,,,26/09/2016
010.033-16.99758303,,,26/09/2016
010.033-16.99758304,,,26/09/2016
010.033-16.99758305,,,26/09/2016
010.033-16.99758306,,,26/09/2016
010.033-16.99758307,,,26/09/2016
010.033-16.99758308,,,26/09/2016
010.033-16.99758309,,,26/09/2016
010.033-16.99758310,,,26/09/2016
010.033-16.99758311,,,26/09/2016
010.033-16.99758312,,,26/09/2016
010.033-16.99758313,,,26/09/2016
010.033-16.99758314,,,26/09/2016
010.033-16.99758315,,,26/09/2016
010.033-16.99758316,,,26/09/2016
010.033-16.99758317,,,26/09/2016
010.033-16.99758318,,,26/09/2016
010.033-16.99758319,,,26/09/2016
010.033-16.99758320,,,26/09/2016
010.033-16.99758321,,,26/09/2016
010.033-16.99758322,,,26/09/2016
010.033-16.99758323,,,26/09/2016
010.033-16.99758324,,,26/09/2016
010.033-16.99758325,,,26/09/2016
010.033-16.99758326,,,26/09/2016
010.033-16.99758327,,,26/09/2016
010.033-16.99758328,,,26/09/2016
010.033-16.99758329,,,26/09/2016
010.033-16.99758330,,,26/09/2016
010.033-16.99758331,,,26/09/2016
010.033-16.99758332,,,26/09/2016
010.033-16.99758333,,,26/09/2016
010.033-16.99758334,,,26/09/2016
010.033-16.99758335,,,26/09/2016
010.033-16.99758336,,,26/09/2016
010.033-16.99758337,,,26/09/2016
010.033-16.99758338,,,26/09/2016
010.033-16.99758339,,,26/09/2016
010.033-16.99758340,,,26/09/2016
010.033-16.99758341,,,26/09/2016
010.033-16.99758342,,,26/09/2016
010.033-16.99758343,,,26/09/2016
010.033-16.99758344,,,26/09/2016
010.033-16.99758345,,,26/09/2016
010.033-16.99758346,,,26/09/2016
010.033-16.99758347,,,26/09/2016
010.033-16.99758348,,,26/09/2016
010.033-16.99758349,,,26/09/2016
010.033-16.99758350,,,26/09/2016
010.033-16.99758351,,,26/09/2016
010.033-16.99758352,,,26/09/2016
010.033-16.99758353,,,26/09/2016
010.033-16.99758354,,,26/09/2016
010.033-16.99758355,,,26/09/2016
010.033-16.99758356,,,26/09/2016
010.033-16.99758357,,,26/09/2016
010.033-16.99758358,,,26/09/2016
010.033-16.99758359,,,26/09/2016
010.033-16.99758360,,,26/09/2016
010.033-16.99758361,,,26/09/2016
010.033-16.99758362,,,26/09/2016
010.033-16.99758363,,,26/09/2016
010.033-16.99758364,,,26/09/2016
010.033-16.99758365,,,26/09/2016
010.033-16.99758366,,,26/09/2016
010.033-16.99758367,,,26/09/2016
010.033-16.99758368,,,26/09/2016
010.033-16.99758369,,,26/09/2016
010.033-16.99758370,,,26/09/2016
010.033-16.99758371,,,26/09/2016
010.033-16.99750089,,,26/09/2016
010.033-16.99750090,,,26/09/2016
010.033-16.99750091,,,26/09/2016
010.033-16.99750092,,,26/09/2016
010.033-16.99750093,,,26/09/2016
010.033-16.99750094,,,26/09/2016
010.033-16.99750095,,,26/09/2016
010.033-16.99750096,,,26/09/2016
010.033-16.99750097,,,26/09/2016
010.033-16.99750098,,,26/09/2016
010.033-16.99750099,,,26/09/2016
010.033-16.99750100,,,26/09/2016
010.033-16.99750101,,,26/09/2016
010.033-16.99750102,,,26/09/2016
010.033-16.99750103,,,26/09/2016
010.033-16.99750104,,,26/09/2016
010.033-16.99750105,,,26/09/2016
010.033-16.99750106,,,26/09/2016
010.033-16.99750107,,,26/09/2016
010.033-16.99750108,,,26/09/2016
010.033-16.99750109,,,26/09/2016
010.033-16.99750110,,,26/09/2016
010.033-16.99750111,,,26/09/2016
010.033-16.99750112,,,26/09/2016
010.033-16.99750113,,,26/09/2016
010.033-16.99750114,,,26/09/2016
010.033-16.99750115,,,26/09/2016
010.033-16.99750116,,,26/09/2016
010.033-16.99750117,,,26/09/2016
010.033-16.99750118,,,26/09/2016
010.033-16.99750119,,,26/09/2016
010.033-16.99750120,,,26/09/2016
010.033-16.99750121,,,26/09/2016
010.033-16.99750122,,,26/09/2016
010.033-16.99750123,,,26/09/2016
010.033-16.99750124,,,26/09/2016
010.033-16.99750125,,,26/09/2016
010.033-16.99750126,,,26/09/2016
010.033-16.99750127,,,26/09/2016
010.033-16.99750128,,,26/09/2016
010.033-16.99750129,,,26/09/2016
010.033-16.99750130,,,26/09/2016
010.033-16.99750131,,,26/09/2016
010.033-16.99750132,,,26/09/2016
010.033-16.99750133,,,26/09/2016
010.033-16.99750134,,,26/09/2016
010.033-16.99750135,,,26/09/2016
010.033-16.99750136,,,26/09/2016
010.033-16.99750137,,,26/09/2016
010.033-16.99750138,,,26/09/2016
010.033-16.99750139,,,26/09/2016
010.033-16.99750140,,,26/09/2016
010.033-16.99750141,,,26/09/2016
010.033-16.99750142,,,26/09/2016
010.033-16.99750143,,,26/09/2016
010.033-16.99750144,,,26/09/2016
010.033-16.99750145,,,26/09/2016
010.033-16.99750146,,,26/09/2016
010.033-16.99750147,,,26/09/2016
010.033-16.99750148,,,26/09/2016
010.033-16.99750149,,,26/09/2016
010.033-16.99750150,,,26/09/2016
010.033-16.99750151,,,26/09/2016
010.033-16.99750152,,,26/09/2016
010.033-16.99750153,,,26/09/2016
010.033-16.99750154,,,26/09/2016
010.033-16.99750155,,,26/09/2016
010.033-16.99750156,,,26/09/2016
010.033-16.99750157,,,26/09/2016
010.033-16.99750158,,,26/09/2016
010.033-16.99750159,,,26/09/2016
010.033-16.99750160,,,26/09/2016
010.033-16.99750161,,,26/09/2016
010.033-16.99750162,,,26/09/2016
010.033-16.99750163,,,26/09/2016
010.033-16.99750164,,,26/09/2016
010.033-16.99750165,,,26/09/2016
010.033-16.99750166,,,26/09/2016
010.033-16.99750167,,,26/09/2016
010.033-16.99750168,,,26/09/2016
010.033-16.99750169,,,26/09/2016
010.033-16.99750170,,,26/09/2016
010.033-16.99750171,,,26/09/2016
010.033-16.99750172,,,26/09/2016
010.033-16.99750173,,,26/09/2016
010.033-16.99750174,,,26/09/2016
010.033-16.99750175,,,26/09/2016
010.033-16.99750176,,,26/09/2016
010.033-16.99759989,,,26/09/2016
010.033-16.99759990,,,26/09/2016
010.033-16.99759991,,,26/09/2016
010.033-16.99759992,,,26/09/2016
010.033-16.99759993,,,26/09/2016
010.033-16.99759994,,,26/09/2016
010.033-16.99759995,,,26/09/2016
010.033-16.99759996,,,26/09/2016
010.033-16.99759997,,,26/09/2016
010.033-16.99759998,,,26/09/2016
010.033-16.99759999,,,26/09/2016
010.033-16.99760000,,,26/09/2016
010.033-16.99760001,,,26/09/2016
010.033-16.99760002,,,26/09/2016
010.033-16.99760003,,,26/09/2016
010.033-16.99760004,,,26/09/2016
010.033-16.99760005,,,26/09/2016
010.033-16.99760006,,,26/09/2016
010.033-16.99760007,,,26/09/2016
010.033-16.99760008,,,26/09/2016
010.033-16.99760009,,,26/09/2016
010.033-16.99760010,,,26/09/2016
010.033-16.99760011,,,26/09/2016
010.033-16.99760012,,,26/09/2016
010.033-16.99760013,,,26/09/2016
010.033-16.99760014,,,26/09/2016
010.033-16.99760015,,,26/09/2016
010.033-16.99760016,,,26/09/2016
010.033-16.99760017,,,26/09/2016
010.033-16.99760018,,,26/09/2016
010.033-16.99760019,,,26/09/2016
010.033-16.99760020,,,26/09/2016
010.033-16.99760021,,,26/09/2016
010.033-16.99760022,,,26/09/2016
010.033-16.99760023,,,26/09/2016
010.033-16.99760024,,,26/09/2016
010.033-16.99760025,,,26/09/2016
010.033-16.99760026,,,26/09/2016
010.033-16.99760027,,,26/09/2016
010.033-16.99760028,,,26/09/2016
010.033-16.99760029,,,26/09/2016
010.033-16.99760030,,,26/09/2016
010.033-16.99760031,,,26/09/2016
010.033-16.99760032,,,26/09/2016
010.033-16.99760033,,,26/09/2016
010.033-16.99760034,,,26/09/2016
010.033-16.99760035,,,26/09/2016
010.033-16.99760036,,,26/09/2016
010.033-16.99760037,,,26/09/2016
010.033-16.99760038,,,26/09/2016
010.033-16.99760039,,,26/09/2016
010.033-16.99760040,,,26/09/2016
010.033-16.99760041,,,26/09/2016
010.033-16.99760042,,,26/09/2016
010.033-16.99760043,,,26/09/2016
010.033-16.99760044,,,26/09/2016
010.033-16.99760045,,,26/09/2016
010.033-16.99760046,,,26/09/2016
010.033-16.99760047,,,26/09/2016
010.033-16.99760048,,,26/09/2016
010.033-16.99760049,,,26/09/2016
010.033-16.99760050,,,26/09/2016
010.033-16.99760051,,,26/09/2016
010.033-16.99760052,,,26/09/2016
010.033-16.99760053,,,26/09/2016
010.033-16.99760054,,,26/09/2016
010.033-16.99760055,,,26/09/2016
010.033-16.99760056,,,26/09/2016
010.033-16.99760057,,,26/09/2016
010.033-16.99760058,,,26/09/2016
010.033-16.99760059,,,26/09/2016
010.033-16.99760060,,,26/09/2016
010.033-16.99760061,,,26/09/2016
010.033-16.99760062,,,26/09/2016
010.033-16.99760063,,,26/09/2016
010.033-16.99760064,,,26/09/2016
010.033-16.99760065,,,26/09/2016
010.033-16.99760066,,,26/09/2016
010.033-16.99760067,,,26/09/2016
010.033-16.99760068,,,26/09/2016
010.033-16.99760069,,,26/09/2016
010.033-16.99760070,,,26/09/2016
010.033-16.99760071,,,26/09/2016
010.033-16.99760072,,,26/09/2016
010.033-16.99760073,,,26/09/2016
010.033-16.99760074,,,26/09/2016
010.033-16.99760075,,,26/09/2016
010.033-16.99760076,,,26/09/2016
010.033-16.99751442,,,26/09/2016
010.033-16.99751443,,,26/09/2016
010.033-16.99751444,,,26/09/2016
010.033-16.99751445,,,26/09/2016
010.033-16.99751446,,,26/09/2016
010.033-16.99751447,,,26/09/2016
010.033-16.99751448,,,26/09/2016
010.033-16.99751449,,,26/09/2016
010.033-16.99751450,,,26/09/2016
010.033-16.99751451,,,26/09/2016
010.033-16.99751452,,,26/09/2016
010.033-16.99751453,,,26/09/2016
010.033-16.99751454,,,26/09/2016
010.033-16.99751455,,,26/09/2016
010.033-16.99751456,,,26/09/2016
010.033-16.99751457,,,26/09/2016
010.033-16.99751458,,,26/09/2016
010.033-16.99751459,,,26/09/2016
010.033-16.99751460,,,26/09/2016
010.033-16.99751461,,,26/09/2016
010.033-16.99751462,,,26/09/2016
010.033-16.99751463,,,26/09/2016
010.033-16.99751464,,,26/09/2016
010.033-16.99751465,,,26/09/2016
010.033-16.99751466,,,26/09/2016
010.033-16.99751467,,,26/09/2016
010.033-16.99751468,,,26/09/2016
010.033-16.99751469,,,26/09/2016
010.033-16.99751470,,,26/09/2016
010.033-16.99751471,,,26/09/2016
010.033-16.99751472,,,26/09/2016
010.033-16.99751473,,,26/09/2016
010.033-16.99751474,,,26/09/2016
010.033-16.99751475,,,26/09/2016
010.033-16.99751476,,,26/09/2016
010.033-16.99751477,,,26/09/2016
010.033-16.99751478,,,26/09/2016
010.033-16.99751479,,,26/09/2016
010.033-16.99751480,,,26/09/2016
010.033-16.99751481,,,26/09/2016
010.033-16.99751482,,,26/09/2016
010.033-16.99751483,,,26/09/2016
010.033-16.99751484,,,26/09/2016
010.033-16.99751485,,,26/09/2016
010.033-16.99751486,,,26/09/2016
010.033-16.99751487,,,26/09/2016
010.033-16.99751488,,,26/09/2016
010.033-16.99751489,,,26/09/2016
010.033-16.99751490,,,26/09/2016
010.033-16.99751491,,,26/09/2016
010.033-16.99751492,,,26/09/2016
010.033-16.99751493,,,26/09/2016
010.033-16.99751494,,,26/09/2016
010.033-16.99751495,,,26/09/2016
010.033-16.99751496,,,26/09/2016
010.033-16.99751497,,,26/09/2016
010.033-16.99751498,,,26/09/2016
010.033-16.99751499,,,26/09/2016
010.033-16.99751500,,,26/09/2016
010.033-16.99751501,,,26/09/2016
010.033-16.99751502,,,26/09/2016
010.033-16.99751503,,,26/09/2016
010.033-16.99751504,,,26/09/2016
010.033-16.99751505,,,26/09/2016
010.033-16.99751506,,,26/09/2016
010.033-16.99751507,,,26/09/2016
010.033-16.99751508,,,26/09/2016
010.033-16.99751509,,,26/09/2016
010.033-16.99751510,,,26/09/2016
010.033-16.99751511,,,26/09/2016
010.033-16.99751512,,,26/09/2016
010.033-16.99751513,,,26/09/2016
010.033-16.99751514,,,26/09/2016
010.033-16.99751515,,,26/09/2016
010.033-16.99751516,,,26/09/2016
010.033-16.99751517,,,26/09/2016
010.033-16.99751518,,,26/09/2016
010.033-16.99751519,,,26/09/2016
010.033-16.99751520,,,26/09/2016
010.033-16.99751521,,,26/09/2016
010.033-16.99751522,,,26/09/2016
010.033-16.99751523,,,26/09/2016
010.033-16.99751524,,,26/09/2016
010.033-16.99751525,,,26/09/2016
010.033-16.99751526,,,26/09/2016
010.033-16.99751527,,,26/09/2016
010.033-16.99751528,,,26/09/2016
010.033-16.99751529,,,26/09/2016
010.033-16.99743687,,,26/09/2016
010.033-16.99743688,,,26/09/2016
010.033-16.99743689,,,26/09/2016
010.033-16.99743690,,,26/09/2016
010.033-16.99743691,,,26/09/2016
010.033-16.99743692,,,26/09/2016
010.033-16.99743693,,,26/09/2016
010.033-16.99743694,,,26/09/2016
010.033-16.99743695,,,26/09/2016
010.033-16.99743696,,,26/09/2016
010.033-16.99743697,,,26/09/2016
010.033-16.99743698,,,26/09/2016
010.033-16.99743699,,,26/09/2016
010.033-16.99743700,,,26/09/2016
010.033-16.99743701,,,26/09/2016
010.033-16.99743702,,,26/09/2016
010.033-16.99743703,,,26/09/2016
010.033-16.99743704,,,26/09/2016
010.033-16.99743705,,,26/09/2016
010.033-16.99743706,,,26/09/2016
010.033-16.99743707,,,26/09/2016
010.033-16.99743708,,,26/09/2016
010.033-16.99743709,,,26/09/2016
010.033-16.99743710,,,26/09/2016
010.033-16.99743711,,,26/09/2016
010.033-16.99743712,,,26/09/2016
010.033-16.99743713,,,26/09/2016
010.033-16.99743714,,,26/09/2016
010.033-16.99743715,,,26/09/2016
010.033-16.99743716,,,26/09/2016
010.033-16.99743717,,,26/09/2016
010.033-16.99743718,,,26/09/2016
010.033-16.99743719,,,26/09/2016
010.033-16.99743720,,,26/09/2016
010.033-16.99743721,,,26/09/2016
010.033-16.99743722,,,26/09/2016
010.033-16.99743723,,,26/09/2016
010.033-16.99743724,,,26/09/2016
010.033-16.99743725,,,26/09/2016
010.033-16.99743726,,,26/09/2016
010.033-16.99743727,,,26/09/2016
010.033-16.99743728,,,26/09/2016
010.033-16.99743729,,,26/09/2016
010.033-16.99743730,,,26/09/2016
010.033-16.99743731,,,26/09/2016
010.033-16.99743732,,,26/09/2016
010.033-16.99743733,,,26/09/2016
010.033-16.99743734,,,26/09/2016
010.033-16.99743735,,,26/09/2016
010.033-16.99743736,,,26/09/2016
010.033-16.99743737,,,26/09/2016
010.033-16.99743738,,,26/09/2016
010.033-16.99743739,,,26/09/2016
010.033-16.99743740,,,26/09/2016
010.033-16.99743741,,,26/09/2016
010.033-16.99743742,,,26/09/2016
010.033-16.99743743,,,26/09/2016
010.033-16.99743744,,,26/09/2016
010.033-16.99743745,,,26/09/2016
010.033-16.99743746,,,26/09/2016
010.033-16.99743747,,,26/09/2016
010.033-16.99743748,,,26/09/2016
010.033-16.99743749,,,26/09/2016
010.033-16.99743750,,,26/09/2016
010.033-16.99743751,,,26/09/2016
010.033-16.99743752,,,26/09/2016
010.033-16.99743753,,,26/09/2016
010.033-16.99743754,,,26/09/2016
010.033-16.99743755,,,26/09/2016
010.033-16.99743756,,,26/09/2016
010.033-16.99743757,,,26/09/2016
010.033-16.99743758,,,26/09/2016
010.033-16.99743759,,,26/09/2016
010.033-16.99743760,,,26/09/2016
010.033-16.99743761,,,26/09/2016
010.033-16.99743762,,,26/09/2016
010.033-16.99743763,,,26/09/2016
010.033-16.99743764,,,26/09/2016
010.033-16.99743765,,,26/09/2016
010.033-16.99743766,,,26/09/2016
010.033-16.99743767,,,26/09/2016
010.033-16.99743768,,,26/09/2016
010.033-16.99743769,,,26/09/2016
010.033-16.99743770,,,26/09/2016
010.033-16.99743771,,,26/09/2016
010.033-16.99743772,,,26/09/2016
010.033-16.99743773,,,26/09/2016
010.033-16.99743774,,,26/09/2016
010.033-16.99746448,,,26/09/2016
010.033-16.99746449,,,26/09/2016
010.033-16.99746450,,,26/09/2016
010.033-16.99746451,,,26/09/2016
010.033-16.99746452,,,26/09/2016
010.033-16.99746453,,,26/09/2016
010.033-16.99746454,,,26/09/2016
010.033-16.99746455,,,26/09/2016
010.033-16.99746456,,,26/09/2016
010.033-16.99746457,,,26/09/2016
010.033-16.99746458,,,26/09/2016
010.033-16.99746459,,,26/09/2016
010.033-16.99746460,,,26/09/2016
010.033-16.99746461,,,26/09/2016
010.033-16.99746462,,,26/09/2016
010.033-16.99746463,,,26/09/2016
010.033-16.99746464,,,26/09/2016
010.033-16.99746465,,,26/09/2016
010.033-16.99746466,,,26/09/2016
010.033-16.99746467,,,26/09/2016
010.033-16.99746468,,,26/09/2016
010.033-16.99746469,,,26/09/2016
010.033-16.99746470,,,26/09/2016
010.033-16.99746471,,,26/09/2016
010.033-16.99746472,,,26/09/2016
010.033-16.99746473,,,26/09/2016
010.033-16.99746474,,,26/09/2016
010.033-16.99746475,,,26/09/2016
010.033-16.99746476,,,26/09/2016
010.033-16.99746477,,,26/09/2016
010.033-16.99746478,,,26/09/2016
010.033-16.99746479,,,26/09/2016
010.033-16.99746480,,,26/09/2016
010.033-16.99746481,,,26/09/2016
010.033-16.99746482,,,26/09/2016
010.033-16.99746483,,,26/09/2016
010.033-16.99746484,,,26/09/2016
010.033-16.99746485,,,26/09/2016
010.033-16.99746486,,,26/09/2016
010.033-16.99746487,,,26/09/2016
010.033-16.99746488,,,26/09/2016
010.033-16.99746489,,,26/09/2016
010.033-16.99746490,,,26/09/2016
010.033-16.99746491,,,26/09/2016
010.033-16.99746492,,,26/09/2016
010.033-16.99746493,,,26/09/2016
010.033-16.99746494,,,26/09/2016
010.033-16.99746495,,,26/09/2016
010.033-16.99746496,,,26/09/2016
010.033-16.99746497,,,26/09/2016
010.033-16.99746498,,,26/09/2016
010.033-16.99746499,,,26/09/2016
010.033-16.99746500,,,26/09/2016
010.033-16.99746501,,,26/09/2016
010.033-16.99746502,,,26/09/2016
010.033-16.99746503,,,26/09/2016
010.033-16.99746504,,,26/09/2016
010.033-16.99746505,,,26/09/2016
010.033-16.99746506,,,26/09/2016
010.033-16.99746507,,,26/09/2016
010.033-16.99746508,,,26/09/2016
010.033-16.99746509,,,26/09/2016
010.033-16.99746510,,,26/09/2016
010.033-16.99746511,,,26/09/2016
010.033-16.99746512,,,26/09/2016
010.033-16.99746513,,,26/09/2016
010.033-16.99746514,,,26/09/2016
010.033-16.99746515,,,26/09/2016
010.033-16.99746516,,,26/09/2016
010.033-16.99746517,,,26/09/2016
010.033-16.99746518,,,26/09/2016
010.033-16.99746519,,,26/09/2016
010.033-16.99746520,,,26/09/2016
010.033-16.99746521,,,26/09/2016
010.033-16.99746522,,,26/09/2016
010.033-16.99746523,,,26/09/2016
010.033-16.99746524,,,26/09/2016
010.033-16.99746525,,,26/09/2016
010.033-16.99746526,,,26/09/2016
010.033-16.99746527,,,26/09/2016
010.033-16.99746528,,,26/09/2016
010.033-16.99746529,,,26/09/2016
010.033-16.99746530,,,26/09/2016
010.033-16.99746531,,,26/09/2016
010.033-16.99746532,,,26/09/2016
010.033-16.99746533,,,26/09/2016
010.033-16.99746534,,,26/09/2016
010.033-16.99746535,,,26/09/2016
010.033-16.99748153,,,26/09/2016
010.033-16.99748154,,,26/09/2016
010.033-16.99748155,,,26/09/2016
010.033-16.99748156,,,26/09/2016
010.033-16.99748157,,,26/09/2016
010.033-16.99748158,,,26/09/2016
010.033-16.99748159,,,26/09/2016
010.033-16.99748160,,,26/09/2016
010.033-16.99748161,,,26/09/2016
010.033-16.99748162,,,26/09/2016
010.033-16.99748163,,,26/09/2016
010.033-16.99748164,,,26/09/2016
010.033-16.99748165,,,26/09/2016
010.033-16.99748166,,,26/09/2016
010.033-16.99748167,,,26/09/2016
010.033-16.99748168,,,26/09/2016
010.033-16.99748169,,,26/09/2016
010.033-16.99748170,,,26/09/2016
010.033-16.99748171,,,26/09/2016
010.033-16.99748172,,,26/09/2016
010.033-16.99748173,,,26/09/2016
010.033-16.99748174,,,26/09/2016
010.033-16.99748175,,,26/09/2016
010.033-16.99748176,,,26/09/2016
010.033-16.99748177,,,26/09/2016
010.033-16.99748178,,,26/09/2016
010.033-16.99748179,,,26/09/2016
010.033-16.99748180,,,26/09/2016
010.033-16.99748181,,,26/09/2016
010.033-16.99748182,,,26/09/2016
010.033-16.99748183,,,26/09/2016
010.033-16.99748184,,,26/09/2016
010.033-16.99748185,,,26/09/2016
010.033-16.99748186,,,26/09/2016
010.033-16.99748187,,,26/09/2016
010.033-16.99748188,,,26/09/2016
010.033-16.99748189,,,26/09/2016
010.033-16.99748190,,,26/09/2016
010.033-16.99748191,,,26/09/2016
010.033-16.99748192,,,26/09/2016
010.033-16.99748193,,,26/09/2016
010.033-16.99748194,,,26/09/2016
010.033-16.99748195,,,26/09/2016
010.033-16.99748196,,,26/09/2016
010.033-16.99748197,,,26/09/2016
010.033-16.99748198,,,26/09/2016
010.033-16.99748199,,,26/09/2016
010.033-16.99748200,,,26/09/2016
010.033-16.99748201,,,26/09/2016
010.033-16.99748202,,,26/09/2016
010.033-16.99748203,,,26/09/2016
010.033-16.99748204,,,26/09/2016
010.033-16.99748205,,,26/09/2016
010.033-16.99748206,,,26/09/2016
010.033-16.99748207,,,26/09/2016
010.033-16.99748208,,,26/09/2016
010.033-16.99748209,,,26/09/2016
010.033-16.99748210,,,26/09/2016
010.033-16.99748211,,,26/09/2016
010.033-16.99748212,,,26/09/2016
010.033-16.99748213,,,26/09/2016
010.033-16.99748214,,,26/09/2016
010.033-16.99748215,,,26/09/2016
010.033-16.99748216,,,26/09/2016
010.033-16.99748217,,,26/09/2016
010.033-16.99748218,,,26/09/2016
010.033-16.99748219,,,26/09/2016
010.033-16.99748220,,,26/09/2016
010.033-16.99748221,,,26/09/2016
010.033-16.99748222,,,26/09/2016
010.033-16.99748223,,,26/09/2016
010.033-16.99748224,,,26/09/2016
010.033-16.99748225,,,26/09/2016
010.033-16.99748226,,,26/09/2016
010.033-16.99748227,,,26/09/2016
010.033-16.99748228,,,26/09/2016
010.033-16.99748229,,,26/09/2016
010.033-16.99748230,,,26/09/2016
010.033-16.99748231,,,26/09/2016
010.033-16.99748232,,,26/09/2016
010.033-16.99748233,,,26/09/2016
010.033-16.99748234,,,26/09/2016
010.033-16.99748235,,,26/09/2016
010.033-16.99748236,,,26/09/2016
010.033-16.99748237,,,26/09/2016
010.033-16.99748238,,,26/09/2016
010.033-16.99748239,,,26/09/2016
010.033-16.99748240,,,26/09/2016
010.033-16.99744600,,,26/09/2016
010.033-16.99744601,,,26/09/2016
010.033-16.99744602,,,26/09/2016
010.033-16.99744603,,,26/09/2016
010.033-16.99744604,,,26/09/2016
010.033-16.99744605,,,26/09/2016
010.033-16.99744606,,,26/09/2016
010.033-16.99744607,,,26/09/2016
010.033-16.99744608,,,26/09/2016
010.033-16.99744609,,,26/09/2016
010.033-16.99744610,,,26/09/2016
010.033-16.99744611,,,26/09/2016
010.033-16.99744612,,,26/09/2016
010.033-16.99744613,,,26/09/2016
010.033-16.99744614,,,26/09/2016
010.033-16.99744615,,,26/09/2016
010.033-16.99744616,,,26/09/2016
010.033-16.99744617,,,26/09/2016
010.033-16.99744618,,,26/09/2016
010.033-16.99744619,,,26/09/2016
010.033-16.99744620,,,26/09/2016
010.033-16.99744621,,,26/09/2016
010.033-16.99744622,,,26/09/2016
010.033-16.99744623,,,26/09/2016
010.033-16.99744624,,,26/09/2016
010.033-16.99744625,,,26/09/2016
010.033-16.99744626,,,26/09/2016
010.033-16.99744627,,,26/09/2016
010.033-16.99744628,,,26/09/2016
010.033-16.99744629,,,26/09/2016
010.033-16.99744630,,,26/09/2016
010.033-16.99744631,,,26/09/2016
010.033-16.99744632,,,26/09/2016
010.033-16.99744633,,,26/09/2016
010.033-16.99744634,,,26/09/2016
010.033-16.99744635,,,26/09/2016
010.033-16.99744636,,,26/09/2016
010.033-16.99744637,,,26/09/2016
010.033-16.99744638,,,26/09/2016
010.033-16.99744639,,,26/09/2016
010.033-16.99744640,,,26/09/2016
010.033-16.99744641,,,26/09/2016
010.033-16.99744642,,,26/09/2016
010.033-16.99744643,,,26/09/2016
010.033-16.99744644,,,26/09/2016
010.033-16.99744645,,,26/09/2016
010.033-16.99744646,,,26/09/2016
010.033-16.99744647,,,26/09/2016
010.033-16.99744648,,,26/09/2016
010.033-16.99744649,,,26/09/2016
010.033-16.99744650,,,26/09/2016
010.033-16.99744651,,,26/09/2016
010.033-16.99744652,,,26/09/2016
010.033-16.99744653,,,26/09/2016
010.033-16.99744654,,,26/09/2016
010.033-16.99744655,,,26/09/2016
010.033-16.99744656,,,26/09/2016
010.033-16.99744657,,,26/09/2016
010.033-16.99744658,,,26/09/2016
010.033-16.99744659,,,26/09/2016
010.033-16.99744660,,,26/09/2016
010.033-16.99744661,,,26/09/2016
010.033-16.99744662,,,26/09/2016
010.033-16.99744663,,,26/09/2016
010.033-16.99744664,,,26/09/2016
010.033-16.99744665,,,26/09/2016
010.033-16.99744666,,,26/09/2016
010.033-16.99744667,,,26/09/2016
010.033-16.99744668,,,26/09/2016
010.033-16.99744669,,,26/09/2016
010.033-16.99744670,,,26/09/2016
010.033-16.99744671,,,26/09/2016
010.033-16.99744672,,,26/09/2016
010.033-16.99744673,,,26/09/2016
010.033-16.99744674,,,26/09/2016
010.033-16.99744675,,,26/09/2016
010.033-16.99744676,,,26/09/2016
010.033-16.99744677,,,26/09/2016
010.033-16.99744678,,,26/09/2016
010.033-16.99744679,,,26/09/2016
010.033-16.99744680,,,26/09/2016
010.033-16.99744681,,,26/09/2016
010.033-16.99744682,,,26/09/2016
010.033-16.99744683,,,26/09/2016
010.033-16.99744684,,,26/09/2016
010.033-16.99744685,,,26/09/2016
010.033-16.99744686,,,26/09/2016
010.033-16.99744687,,,26/09/2016
010.033-16.99761714,,,26/09/2016
010.033-16.99761715,,,26/09/2016
010.033-16.99761716,,,26/09/2016
010.033-16.99761717,,,26/09/2016
010.033-16.99761718,,,26/09/2016
010.033-16.99761719,,,26/09/2016
010.033-16.99761720,,,26/09/2016
010.033-16.99761721,,,26/09/2016
010.033-16.99761722,,,26/09/2016
010.033-16.99761723,,,26/09/2016
010.033-16.99761724,,,26/09/2016
010.033-16.99761725,,,26/09/2016
010.033-16.99761726,,,26/09/2016
010.033-16.99761727,,,26/09/2016
010.033-16.99761728,,,26/09/2016
010.033-16.99761729,,,26/09/2016
010.033-16.99761730,,,26/09/2016
010.033-16.99761731,,,26/09/2016
010.033-16.99761732,,,26/09/2016
010.033-16.99761733,,,26/09/2016
010.033-16.99761734,,,26/09/2016
010.033-16.99761735,,,26/09/2016
010.033-16.99761736,,,26/09/2016
010.033-16.99761737,,,26/09/2016
010.033-16.99761738,,,26/09/2016
010.033-16.99761739,,,26/09/2016
010.033-16.99761740,,,26/09/2016
010.033-16.99761741,,,26/09/2016
010.033-16.99761742,,,26/09/2016
010.033-16.99761743,,,26/09/2016
010.033-16.99761744,,,26/09/2016
010.033-16.99761745,,,26/09/2016
010.033-16.99761746,,,26/09/2016
010.033-16.99761747,,,26/09/2016
010.033-16.99761748,,,26/09/2016
010.033-16.99761749,,,26/09/2016
010.033-16.99761750,,,26/09/2016
010.033-16.99761751,,,26/09/2016
010.033-16.99761752,,,26/09/2016
010.033-16.99761753,,,26/09/2016
010.033-16.99761754,,,26/09/2016
010.033-16.99761755,,,26/09/2016
010.033-16.99761756,,,26/09/2016
010.033-16.99761757,,,26/09/2016
010.033-16.99761758,,,26/09/2016
010.033-16.99761759,,,26/09/2016
010.033-16.99761760,,,26/09/2016
010.033-16.99761761,,,26/09/2016
010.033-16.99761762,,,26/09/2016
010.033-16.99761763,,,26/09/2016
010.033-16.99761764,,,26/09/2016
010.033-16.99761765,,,26/09/2016
010.033-16.99761766,,,26/09/2016
010.033-16.99761767,,,26/09/2016
010.033-16.99761768,,,26/09/2016
010.033-16.99761769,,,26/09/2016
010.033-16.99761770,,,26/09/2016
010.033-16.99761771,,,26/09/2016
010.033-16.99761772,,,26/09/2016
010.033-16.99761773,,,26/09/2016
010.033-16.99761774,,,26/09/2016
010.033-16.99761775,,,26/09/2016
010.033-16.99761776,,,26/09/2016
010.033-16.99761777,,,26/09/2016
010.033-16.99761778,,,26/09/2016
010.033-16.99761779,,,26/09/2016
010.033-16.99761780,,,26/09/2016
010.033-16.99761781,,,26/09/2016
010.033-16.99761782,,,26/09/2016
010.033-16.99761783,,,26/09/2016
010.033-16.99761784,,,26/09/2016
010.033-16.99761785,,,26/09/2016
010.033-16.99761786,,,26/09/2016
010.033-16.99761787,,,26/09/2016
010.033-16.99761788,,,26/09/2016
010.033-16.99761789,,,26/09/2016
010.033-16.99761790,,,26/09/2016
010.033-16.99761791,,,26/09/2016
010.033-16.99761792,,,26/09/2016
010.033-16.99761793,,,26/09/2016
010.033-16.99761794,,,26/09/2016
010.033-16.99761795,,,26/09/2016
010.033-16.99761796,,,26/09/2016
010.033-16.99761797,,,26/09/2016
010.033-16.99761798,,,26/09/2016
010.033-16.99761799,,,26/09/2016
010.033-16.99761800,,,26/09/2016
010.033-16.99761801,,,26/09/2016
010.033-16.99757756,,,26/09/2016
010.033-16.99757757,,,26/09/2016
010.033-16.99757758,,,26/09/2016
010.033-16.99757759,,,26/09/2016
010.033-16.99757760,,,26/09/2016
010.033-16.99757761,,,26/09/2016
010.033-16.99757762,,,26/09/2016
010.033-16.99757763,,,26/09/2016
010.033-16.99757764,,,26/09/2016
010.033-16.99757765,,,26/09/2016
010.033-16.99757766,,,26/09/2016
010.033-16.99757767,,,26/09/2016
010.033-16.99757768,,,26/09/2016
010.033-16.99757769,,,26/09/2016
010.033-16.99757770,,,26/09/2016
010.033-16.99757771,,,26/09/2016
010.033-16.99757772,,,26/09/2016
010.033-16.99757773,,,26/09/2016
010.033-16.99757774,,,26/09/2016
010.033-16.99757775,,,26/09/2016
010.033-16.99757776,,,26/09/2016
010.033-16.99757777,,,26/09/2016
010.033-16.99757778,,,26/09/2016
010.033-16.99757779,,,26/09/2016
010.033-16.99757780,,,26/09/2016
010.033-16.99757781,,,26/09/2016
010.033-16.99757782,,,26/09/2016
010.033-16.99757783,,,26/09/2016
010.033-16.99757784,,,26/09/2016
010.033-16.99757785,,,26/09/2016
010.033-16.99757786,,,26/09/2016
010.033-16.99757787,,,26/09/2016
010.033-16.99757788,,,26/09/2016
010.033-16.99757789,,,26/09/2016
010.033-16.99757790,,,26/09/2016
010.033-16.99757791,,,26/09/2016
010.033-16.99757792,,,26/09/2016
010.033-16.99757793,,,26/09/2016
010.033-16.99757794,,,26/09/2016
010.033-16.99757795,,,26/09/2016
010.033-16.99757796,,,26/09/2016
010.033-16.99757797,,,26/09/2016
010.033-16.99757798,,,26/09/2016
010.033-16.99757799,,,26/09/2016
010.033-16.99757800,,,26/09/2016
010.033-16.99757801,,,26/09/2016
010.033-16.99757802,,,26/09/2016
010.033-16.99757803,,,26/09/2016
010.033-16.99757804,,,26/09/2016
010.033-16.99757805,,,26/09/2016
010.033-16.99757806,,,26/09/2016
010.033-16.99757807,,,26/09/2016
010.033-16.99757808,,,26/09/2016
010.033-16.99757809,,,26/09/2016
010.033-16.99757810,,,26/09/2016
010.033-16.99757811,,,26/09/2016
010.033-16.99757812,,,26/09/2016
010.033-16.99757813,,,26/09/2016
010.033-16.99757814,,,26/09/2016
010.033-16.99757815,,,26/09/2016
010.033-16.99757816,,,26/09/2016
010.033-16.99757817,,,26/09/2016
010.033-16.99757818,,,26/09/2016
010.033-16.99757819,,,26/09/2016
010.033-16.99757820,,,26/09/2016
010.033-16.99757821,,,26/09/2016
010.033-16.99757822,,,26/09/2016
010.033-16.99757823,,,26/09/2016
010.033-16.99757824,,,26/09/2016
010.033-16.99757825,,,26/09/2016
010.033-16.99757826,,,26/09/2016
010.033-16.99757827,,,26/09/2016
010.033-16.99757828,,,26/09/2016
010.033-16.99757829,,,26/09/2016
010.033-16.99757830,,,26/09/2016
010.033-16.99757831,,,26/09/2016
010.033-16.99757832,,,26/09/2016
010.033-16.99757833,,,26/09/2016
010.033-16.99757834,,,26/09/2016
010.033-16.99757835,,,26/09/2016
010.033-16.99757836,,,26/09/2016
010.033-16.99757837,,,26/09/2016
010.033-16.99757838,,,26/09/2016
010.033-16.99757839,,,26/09/2016
010.033-16.99757840,,,26/09/2016
010.033-16.99757841,,,26/09/2016
010.033-16.99757842,,,26/09/2016
010.033-16.99757843,,,26/09/2016
010.033-16.99763542,,,26/09/2016
010.033-16.99763543,,,26/09/2016
010.033-16.99763544,,,26/09/2016
010.033-16.99763545,,,26/09/2016
010.033-16.99763546,,,26/09/2016
010.033-16.99763547,,,26/09/2016
010.033-16.99763548,,,26/09/2016
010.033-16.99763549,,,26/09/2016
010.033-16.99763550,,,26/09/2016
010.033-16.99763551,,,26/09/2016
010.033-16.99763552,,,26/09/2016
010.033-16.99763553,,,26/09/2016
010.033-16.99763554,,,26/09/2016
010.033-16.99763555,,,26/09/2016
010.033-16.99763556,,,26/09/2016
010.033-16.99763557,,,26/09/2016
010.033-16.99763558,,,26/09/2016
010.033-16.99763559,,,26/09/2016
010.033-16.99763560,,,26/09/2016
010.033-16.99763561,,,26/09/2016
010.033-16.99763562,,,26/09/2016
010.033-16.99763563,,,26/09/2016
010.033-16.99763564,,,26/09/2016
010.033-16.99763565,,,26/09/2016
010.033-16.99763566,,,26/09/2016
010.033-16.99763567,,,26/09/2016
010.033-16.99763568,,,26/09/2016
010.033-16.99763569,,,26/09/2016
010.033-16.99763570,,,26/09/2016
010.033-16.99763571,,,26/09/2016
010.033-16.99763572,,,26/09/2016
010.033-16.99763573,,,26/09/2016
010.033-16.99763574,,,26/09/2016
010.033-16.99763575,,,26/09/2016
010.033-16.99763576,,,26/09/2016
010.033-16.99763577,,,26/09/2016
010.033-16.99763578,,,26/09/2016
010.033-16.99763579,,,26/09/2016
010.033-16.99763580,,,26/09/2016
010.033-16.99763581,,,26/09/2016
010.033-16.99763582,,,26/09/2016
010.033-16.99763583,,,26/09/2016
010.033-16.99763584,,,26/09/2016
010.033-16.99763585,,,26/09/2016
010.033-16.99763586,,,26/09/2016
010.033-16.99763587,,,26/09/2016
010.033-16.99763588,,,26/09/2016
010.033-16.99763589,,,26/09/2016
010.033-16.99763590,,,26/09/2016
010.033-16.99763591,,,26/09/2016
010.033-16.99763592,,,26/09/2016
010.033-16.99763593,,,26/09/2016
010.033-16.99763594,,,26/09/2016
010.033-16.99763595,,,26/09/2016
010.033-16.99763596,,,26/09/2016
010.033-16.99763597,,,26/09/2016
010.033-16.99763598,,,26/09/2016
010.033-16.99763599,,,26/09/2016
010.033-16.99763600,,,26/09/2016
010.033-16.99763601,,,26/09/2016
010.033-16.99763602,,,26/09/2016
010.033-16.99763603,,,26/09/2016
010.033-16.99763604,,,26/09/2016
010.033-16.99763605,,,26/09/2016
010.033-16.99763606,,,26/09/2016
010.033-16.99763607,,,26/09/2016
010.033-16.99763608,,,26/09/2016
010.033-16.99763609,,,26/09/2016
010.033-16.99763610,,,26/09/2016
010.033-16.99763611,,,26/09/2016
010.033-16.99763612,,,26/09/2016
010.033-16.99763613,,,26/09/2016
010.033-16.99763614,,,26/09/2016
010.033-16.99763615,,,26/09/2016
010.033-16.99763616,,,26/09/2016
010.033-16.99763617,,,26/09/2016
010.033-16.99763618,,,26/09/2016
010.033-16.99763619,,,26/09/2016
010.033-16.99763620,,,26/09/2016
010.033-16.99763621,,,26/09/2016
010.033-16.99763622,,,26/09/2016
010.033-16.99763623,,,26/09/2016
010.033-16.99763624,,,26/09/2016
010.033-16.99763625,,,26/09/2016
010.033-16.99763626,,,26/09/2016
010.033-16.99763627,,,26/09/2016
010.033-16.99763628,,,26/09/2016
010.033-16.99763629,,,26/09/2016
010.033-16.99758372,,,26/09/2016
010.033-16.99758373,,,26/09/2016
010.033-16.99758374,,,26/09/2016
010.033-16.99758375,,,26/09/2016
010.033-16.99758376,,,26/09/2016
010.033-16.99758377,,,26/09/2016
010.033-16.99758378,,,26/09/2016
010.033-16.99758379,,,26/09/2016
010.033-16.99758380,,,26/09/2016
010.033-16.99758381,,,26/09/2016
010.033-16.99758382,,,26/09/2016
010.033-16.99758383,,,26/09/2016
010.033-16.99758384,,,26/09/2016
010.033-16.99758385,,,26/09/2016
010.033-16.99758386,,,26/09/2016
010.033-16.99758387,,,26/09/2016
010.033-16.99758388,,,26/09/2016
010.033-16.99758389,,,26/09/2016
010.033-16.99758390,,,26/09/2016
010.033-16.99758391,,,26/09/2016
010.033-16.99758392,,,26/09/2016
010.033-16.99758393,,,26/09/2016
010.033-16.99758394,,,26/09/2016
010.033-16.99758395,,,26/09/2016
010.033-16.99758396,,,26/09/2016
010.033-16.99758397,,,26/09/2016
010.033-16.99758398,,,26/09/2016
010.033-16.99758399,,,26/09/2016
010.033-16.99758400,,,26/09/2016
010.033-16.99758401,,,26/09/2016
010.033-16.99758402,,,26/09/2016
010.033-16.99758403,,,26/09/2016
010.033-16.99758404,,,26/09/2016
010.033-16.99758405,,,26/09/2016
010.033-16.99758406,,,26/09/2016
010.033-16.99758407,,,26/09/2016
010.033-16.99758408,,,26/09/2016
010.033-16.99758409,,,26/09/2016
010.033-16.99758410,,,26/09/2016
010.033-16.99758411,,,26/09/2016
010.033-16.99758412,,,26/09/2016
010.033-16.99758413,,,26/09/2016
010.033-16.99758414,,,26/09/2016
010.033-16.99758415,,,26/09/2016
010.033-16.99758416,,,26/09/2016
010.033-16.99758417,,,26/09/2016
010.033-16.99758418,,,26/09/2016
010.033-16.99758419,,,26/09/2016
010.033-16.99758420,,,26/09/2016
010.033-16.99758421,,,26/09/2016
010.033-16.99758422,,,26/09/2016
010.033-16.99758423,,,26/09/2016
010.033-16.99758424,,,26/09/2016
010.033-16.99758425,,,26/09/2016
010.033-16.99758426,,,26/09/2016
010.033-16.99758427,,,26/09/2016
010.033-16.99758428,,,26/09/2016
010.033-16.99758429,,,26/09/2016
010.033-16.99758430,,,26/09/2016
010.033-16.99758431,,,26/09/2016
010.033-16.99758432,,,26/09/2016
010.033-16.99758433,,,26/09/2016
010.033-16.99758434,,,26/09/2016
010.033-16.99758435,,,26/09/2016
010.033-16.99758436,,,26/09/2016
010.033-16.99758437,,,26/09/2016
010.033-16.99758438,,,26/09/2016
010.033-16.99758439,,,26/09/2016
010.033-16.99758440,,,26/09/2016
010.033-16.99758441,,,26/09/2016
010.033-16.99758442,,,26/09/2016
010.033-16.99758443,,,26/09/2016
010.033-16.99758444,,,26/09/2016
010.033-16.99758445,,,26/09/2016
010.033-16.99758446,,,26/09/2016
010.033-16.99758447,,,26/09/2016
010.033-16.99758448,,,26/09/2016
010.033-16.99758449,,,26/09/2016
010.033-16.99758450,,,26/09/2016
010.033-16.99758451,,,26/09/2016
010.033-16.99758452,,,26/09/2016
010.033-16.99758453,,,26/09/2016
010.033-16.99758454,,,26/09/2016
010.033-16.99758455,,,26/09/2016
010.033-16.99758456,,,26/09/2016
010.033-16.99758457,,,26/09/2016
010.033-16.99758458,,,26/09/2016
010.033-16.99758459,,,26/09/2016
010.033-16.99750177,,,26/09/2016
010.033-16.99750178,,,26/09/2016
010.033-16.99750179,,,26/09/2016
010.033-16.99750180,,,26/09/2016
010.033-16.99750181,,,26/09/2016
010.033-16.99750182,,,26/09/2016
010.033-16.99750183,,,26/09/2016
010.033-16.99750184,,,26/09/2016
010.033-16.99750185,,,26/09/2016
010.033-16.99750186,,,26/09/2016
010.033-16.99750187,,,26/09/2016
010.033-16.99750188,,,26/09/2016
010.033-16.99750189,,,26/09/2016
010.033-16.99750190,,,26/09/2016
010.033-16.99750191,,,26/09/2016
010.033-16.99750192,,,26/09/2016
010.033-16.99750193,,,26/09/2016
010.033-16.99750194,,,26/09/2016
010.033-16.99750195,,,26/09/2016
010.033-16.99750196,,,26/09/2016
010.033-16.99750197,,,26/09/2016
010.033-16.99750198,,,26/09/2016
010.033-16.99750199,,,26/09/2016
010.033-16.99750200,,,26/09/2016
010.033-16.99750201,,,26/09/2016
010.033-16.99750202,,,26/09/2016
010.033-16.99750203,,,26/09/2016
010.033-16.99750204,,,26/09/2016
010.033-16.99750205,,,26/09/2016
010.033-16.99750206,,,26/09/2016
010.033-16.99750207,,,26/09/2016
010.033-16.99750208,,,26/09/2016
010.033-16.99750209,,,26/09/2016
010.033-16.99750210,,,26/09/2016
010.033-16.99750211,,,26/09/2016
010.033-16.99750212,,,26/09/2016
010.033-16.99750213,,,26/09/2016
010.033-16.99750214,,,26/09/2016
010.033-16.99750215,,,26/09/2016
010.033-16.99750216,,,26/09/2016
010.033-16.99750217,,,26/09/2016
010.033-16.99750218,,,26/09/2016
010.033-16.99750219,,,26/09/2016
010.033-16.99750220,,,26/09/2016
010.033-16.99750221,,,26/09/2016
010.033-16.99750222,,,26/09/2016
010.033-16.99750223,,,26/09/2016
010.033-16.99750224,,,26/09/2016
010.033-16.99750225,,,26/09/2016
010.033-16.99750226,,,26/09/2016
010.033-16.99750227,,,26/09/2016
010.033-16.99750228,,,26/09/2016
010.033-16.99750229,,,26/09/2016
010.033-16.99750230,,,26/09/2016
010.033-16.99750231,,,26/09/2016
010.033-16.99750232,,,26/09/2016
010.033-16.99750233,,,26/09/2016
010.033-16.99750234,,,26/09/2016
010.033-16.99750235,,,26/09/2016
010.033-16.99750236,,,26/09/2016
010.033-16.99750237,,,26/09/2016
010.033-16.99750238,,,26/09/2016
010.033-16.99750239,,,26/09/2016
010.033-16.99750240,,,26/09/2016
010.033-16.99750241,,,26/09/2016
010.033-16.99750242,,,26/09/2016
010.033-16.99750243,,,26/09/2016
010.033-16.99750244,,,26/09/2016
010.033-16.99750245,,,26/09/2016
010.033-16.99750246,,,26/09/2016
010.033-16.99750247,,,26/09/2016
010.033-16.99750248,,,26/09/2016
010.033-16.99750249,,,26/09/2016
010.033-16.99750250,,,26/09/2016
010.033-16.99750251,,,26/09/2016
010.033-16.99750252,,,26/09/2016
010.033-16.99750253,,,26/09/2016
010.033-16.99750254,,,26/09/2016
010.033-16.99750255,,,26/09/2016
010.033-16.99750256,,,26/09/2016
010.033-16.99750257,,,26/09/2016
010.033-16.99750258,,,26/09/2016
010.033-16.99750259,,,26/09/2016
010.033-16.99750260,,,26/09/2016
010.033-16.99750261,,,26/09/2016
010.033-16.99750262,,,26/09/2016
010.033-16.99750263,,,26/09/2016
010.033-16.99750264,,,26/09/2016
010.033-16.99751530,,,26/09/2016
010.033-16.99751531,,,26/09/2016
010.033-16.99751532,,,26/09/2016
010.033-16.99751533,,,26/09/2016
010.033-16.99751534,,,26/09/2016
010.033-16.99751535,,,26/09/2016
010.033-16.99751536,,,26/09/2016
010.033-16.99751537,,,26/09/2016
010.033-16.99751538,,,26/09/2016
010.033-16.99751539,,,26/09/2016
010.033-16.99751540,,,26/09/2016
010.033-16.99751541,,,26/09/2016
010.033-16.99751542,,,26/09/2016
010.033-16.99751543,,,26/09/2016
010.033-16.99751544,,,26/09/2016
010.033-16.99751545,,,26/09/2016
010.033-16.99751546,,,26/09/2016
010.033-16.99751547,,,26/09/2016
010.033-16.99751548,,,26/09/2016
010.033-16.99751549,,,26/09/2016
010.033-16.99751550,,,26/09/2016
010.033-16.99751551,,,26/09/2016
010.033-16.99751552,,,26/09/2016
010.033-16.99751553,,,26/09/2016
010.033-16.99751554,,,26/09/2016
010.033-16.99751555,,,26/09/2016
010.033-16.99751556,,,26/09/2016
010.033-16.99751557,,,26/09/2016
010.033-16.99751558,,,26/09/2016
010.033-16.99751559,,,26/09/2016
010.033-16.99751560,,,26/09/2016
010.033-16.99751561,,,26/09/2016
010.033-16.99751562,,,26/09/2016
010.033-16.99751563,,,26/09/2016
010.033-16.99751564,,,26/09/2016
010.033-16.99751565,,,26/09/2016
010.033-16.99751566,,,26/09/2016
010.033-16.99751567,,,26/09/2016
010.033-16.99751568,,,26/09/2016
010.033-16.99751569,,,26/09/2016
010.033-16.99751570,,,26/09/2016
010.033-16.99751571,,,26/09/2016
010.033-16.99751572,,,26/09/2016
010.033-16.99751573,,,26/09/2016
010.033-16.99751574,,,26/09/2016
010.033-16.99751575,,,26/09/2016
010.033-16.99751576,,,26/09/2016
010.033-16.99751577,,,26/09/2016
010.033-16.99751578,,,26/09/2016
010.033-16.99751579,,,26/09/2016
010.033-16.99751580,,,26/09/2016
010.033-16.99751581,,,26/09/2016
010.033-16.99751582,,,26/09/2016
010.033-16.99751583,,,26/09/2016
010.033-16.99751584,,,26/09/2016
010.033-16.99751585,,,26/09/2016
010.033-16.99751586,,,26/09/2016
010.033-16.99751587,,,26/09/2016
010.033-16.99751588,,,26/09/2016
010.033-16.99751589,,,26/09/2016
010.033-16.99751590,,,26/09/2016
010.033-16.99751591,,,26/09/2016
010.033-16.99751592,,,26/09/2016
010.033-16.99751593,,,26/09/2016
010.033-16.99751594,,,26/09/2016
010.033-16.99751595,,,26/09/2016
010.033-16.99751596,,,26/09/2016
010.033-16.99751597,,,26/09/2016
010.033-16.99751598,,,26/09/2016
010.033-16.99751599,,,26/09/2016
010.033-16.99751600,,,26/09/2016
010.033-16.99751601,,,26/09/2016
010.033-16.99751602,,,26/09/2016
010.033-16.99751603,,,26/09/2016
010.033-16.99751604,,,26/09/2016
010.033-16.99751605,,,26/09/2016
010.033-16.99751606,,,26/09/2016
010.033-16.99751607,,,26/09/2016
010.033-16.99751608,,,26/09/2016
010.033-16.99751609,,,26/09/2016
010.033-16.99751610,,,26/09/2016
010.033-16.99751611,,,26/09/2016
010.033-16.99751612,,,26/09/2016
010.033-16.99751613,,,26/09/2016
010.033-16.99751614,,,26/09/2016
010.033-16.99751615,,,26/09/2016
010.033-16.99751616,,,26/09/2016
010.033-16.99751617,,,26/09/2016
010.033-16.99743775,,,26/09/2016
010.033-16.99743776,,,26/09/2016
010.033-16.99743777,,,26/09/2016
010.033-16.99743778,,,26/09/2016
010.033-16.99743779,,,26/09/2016
010.033-16.99743780,,,26/09/2016
010.033-16.99743781,,,26/09/2016
010.033-16.99743782,,,26/09/2016
010.033-16.99743783,,,26/09/2016
010.033-16.99743784,,,26/09/2016
010.033-16.99743785,,,26/09/2016
010.033-16.99743786,,,26/09/2016
010.033-16.99743787,,,26/09/2016
010.033-16.99743788,,,26/09/2016
010.033-16.99743789,,,26/09/2016
010.033-16.99743790,,,26/09/2016
010.033-16.99743791,,,26/09/2016
010.033-16.99743792,,,26/09/2016
010.033-16.99743793,,,26/09/2016
010.033-16.99743794,,,26/09/2016
010.033-16.99743795,,,26/09/2016
010.033-16.99743796,,,26/09/2016
010.033-16.99743797,,,26/09/2016
010.033-16.99743798,,,26/09/2016
010.033-16.99743799,,,26/09/2016
010.033-16.99743800,,,26/09/2016
010.033-16.99743801,,,26/09/2016
010.033-16.99743802,,,26/09/2016
010.033-16.99743803,,,26/09/2016
010.033-16.99743804,,,26/09/2016
010.033-16.99743805,,,26/09/2016
010.033-16.99743806,,,26/09/2016
010.033-16.99743807,,,26/09/2016
010.033-16.99743808,,,26/09/2016
010.033-16.99743809,,,26/09/2016
010.033-16.99743810,,,26/09/2016
010.033-16.99743811,,,26/09/2016
010.033-16.99743812,,,26/09/2016
010.033-16.99743813,,,26/09/2016
010.033-16.99743814,,,26/09/2016
010.033-16.99743815,,,26/09/2016
010.033-16.99743816,,,26/09/2016
010.033-16.99743817,,,26/09/2016
010.033-16.99743818,,,26/09/2016
010.033-16.99743819,,,26/09/2016
010.033-16.99743820,,,26/09/2016
010.033-16.99743821,,,26/09/2016
010.033-16.99743822,,,26/09/2016
010.033-16.99743823,,,26/09/2016
010.033-16.99743824,,,26/09/2016
010.033-16.99743825,,,26/09/2016
010.033-16.99743826,,,26/09/2016
010.033-16.99743827,,,26/09/2016
010.033-16.99743828,,,26/09/2016
010.033-16.99743829,,,26/09/2016
010.033-16.99743830,,,26/09/2016
010.033-16.99743831,,,26/09/2016
010.033-16.99743832,,,26/09/2016
010.033-16.99743833,,,26/09/2016
010.033-16.99743834,,,26/09/2016
010.033-16.99743835,,,26/09/2016
010.033-16.99743836,,,26/09/2016
010.033-16.99743837,,,26/09/2016
010.033-16.99743838,,,26/09/2016
010.033-16.99743839,,,26/09/2016
010.033-16.99743840,,,26/09/2016
010.033-16.99743841,,,26/09/2016
010.033-16.99743842,,,26/09/2016
010.033-16.99743843,,,26/09/2016
010.033-16.99743844,,,26/09/2016
010.033-16.99743845,,,26/09/2016
010.033-16.99743846,,,26/09/2016
010.033-16.99743847,,,26/09/2016
010.033-16.99743848,,,26/09/2016
010.033-16.99743849,,,26/09/2016
010.033-16.99743850,,,26/09/2016
010.033-16.99743851,,,26/09/2016
010.033-16.99743852,,,26/09/2016
010.033-16.99743853,,,26/09/2016
010.033-16.99743854,,,26/09/2016
010.033-16.99743855,,,26/09/2016
010.033-16.99743856,,,26/09/2016
010.033-16.99743857,,,26/09/2016
010.033-16.99743858,,,26/09/2016
010.033-16.99743859,,,26/09/2016
010.033-16.99743860,,,26/09/2016
010.033-16.99743861,,,26/09/2016
010.033-16.99743862,,,26/09/2016
010.033-16.99760077,,,26/09/2016
010.033-16.99760078,,,26/09/2016
010.033-16.99760079,,,26/09/2016
010.033-16.99760080,,,26/09/2016
010.033-16.99760081,,,26/09/2016
010.033-16.99760082,,,26/09/2016
010.033-16.99760083,,,26/09/2016
010.033-16.99760084,,,26/09/2016
010.033-16.99760085,,,26/09/2016
010.033-16.99760086,,,26/09/2016
010.033-16.99760087,,,26/09/2016
010.033-16.99760088,,,26/09/2016
010.033-16.99760089,,,26/09/2016
010.033-16.99760090,,,26/09/2016
010.033-16.99760091,,,26/09/2016
010.033-16.99760092,,,26/09/2016
010.033-16.99760093,,,26/09/2016
010.033-16.99760094,,,26/09/2016
010.033-16.99760095,,,26/09/2016
010.033-16.99760096,,,26/09/2016
010.033-16.99760097,,,26/09/2016
010.033-16.99760098,,,26/09/2016
010.033-16.99760099,,,26/09/2016
010.033-16.99760100,,,26/09/2016
010.033-16.99760101,,,26/09/2016
010.033-16.99760102,,,26/09/2016
010.033-16.99760103,,,26/09/2016
010.033-16.99760104,,,26/09/2016
010.033-16.99760105,,,26/09/2016
010.033-16.99760106,,,26/09/2016
010.033-16.99760107,,,26/09/2016
010.033-16.99760108,,,26/09/2016
010.033-16.99760109,,,26/09/2016
010.033-16.99760110,,,26/09/2016
010.033-16.99760111,,,26/09/2016
010.033-16.99760112,,,26/09/2016
010.033-16.99760113,,,26/09/2016
010.033-16.99760114,,,26/09/2016
010.033-16.99760115,,,26/09/2016
010.033-16.99760116,,,26/09/2016
010.033-16.99760117,,,26/09/2016
010.033-16.99760118,,,26/09/2016
010.033-16.99760119,,,26/09/2016
010.033-16.99760120,,,26/09/2016
010.033-16.99760121,,,26/09/2016
010.033-16.99760122,,,26/09/2016
010.033-16.99760123,,,26/09/2016
010.033-16.99760124,,,26/09/2016
010.033-16.99760125,,,26/09/2016
010.033-16.99760126,,,26/09/2016
010.033-16.99760127,,,26/09/2016
010.033-16.99760128,,,26/09/2016
010.033-16.99760129,,,26/09/2016
010.033-16.99760130,,,26/09/2016
010.033-16.99760131,,,26/09/2016
010.033-16.99760132,,,26/09/2016
010.033-16.99760133,,,26/09/2016
010.033-16.99760134,,,26/09/2016
010.033-16.99760135,,,26/09/2016
010.033-16.99760136,,,26/09/2016
010.033-16.99760137,,,26/09/2016
010.033-16.99760138,,,26/09/2016
010.033-16.99760139,,,26/09/2016
010.033-16.99760140,,,26/09/2016
010.033-16.99760141,,,26/09/2016
010.033-16.99760142,,,26/09/2016
010.033-16.99760143,,,26/09/2016
010.033-16.99760144,,,26/09/2016
010.033-16.99760145,,,26/09/2016
010.033-16.99760146,,,26/09/2016
010.033-16.99760147,,,26/09/2016
010.033-16.99760148,,,26/09/2016
010.033-16.99760149,,,26/09/2016
010.033-16.99760150,,,26/09/2016
010.033-16.99760151,,,26/09/2016
010.033-16.99760152,,,26/09/2016
010.033-16.99760153,,,26/09/2016
010.033-16.99760154,,,26/09/2016
010.033-16.99760155,,,26/09/2016
010.033-16.99760156,,,26/09/2016
010.033-16.99760157,,,26/09/2016
010.033-16.99760158,,,26/09/2016
010.033-16.99760159,,,26/09/2016
010.033-16.99760160,,,26/09/2016
010.033-16.99760161,,,26/09/2016
010.033-16.99760162,,,26/09/2016
010.033-16.99760163,,,26/09/2016
010.033-16.99760164,,,26/09/2016
010.033-16.99748241,,,26/09/2016
010.033-16.99748242,,,26/09/2016
010.033-16.99748243,,,26/09/2016
010.033-16.99748244,,,26/09/2016
010.033-16.99748245,,,26/09/2016
010.033-16.99748246,,,26/09/2016
010.033-16.99748247,,,26/09/2016
010.033-16.99748248,,,26/09/2016
010.033-16.99748249,,,26/09/2016
010.033-16.99748250,,,26/09/2016
010.033-16.99748251,,,26/09/2016
010.033-16.99748252,,,26/09/2016
010.033-16.99748253,,,26/09/2016
010.033-16.99748254,,,26/09/2016
010.033-16.99748255,,,26/09/2016
010.033-16.99748256,,,26/09/2016
010.033-16.99748257,,,26/09/2016
010.033-16.99748258,,,26/09/2016
010.033-16.99748259,,,26/09/2016
010.033-16.99748260,,,26/09/2016
010.033-16.99748261,,,26/09/2016
010.033-16.99748262,,,26/09/2016
010.033-16.99748263,,,26/09/2016
010.033-16.99748264,,,26/09/2016
010.033-16.99748265,,,26/09/2016
010.033-16.99748266,,,26/09/2016
010.033-16.99748267,,,26/09/2016
010.033-16.99748268,,,26/09/2016
010.033-16.99748269,,,26/09/2016
010.033-16.99748270,,,26/09/2016
010.033-16.99748271,,,26/09/2016
010.033-16.99748272,,,26/09/2016
010.033-16.99748273,,,26/09/2016
010.033-16.99748274,,,26/09/2016
010.033-16.99748275,,,26/09/2016
010.033-16.99748276,,,26/09/2016
010.033-16.99748277,,,26/09/2016
010.033-16.99748278,,,26/09/2016
010.033-16.99748279,,,26/09/2016
010.033-16.99748280,,,26/09/2016
010.033-16.99748281,,,26/09/2016
010.033-16.99748282,,,26/09/2016
010.033-16.99748283,,,26/09/2016
010.033-16.99748284,,,26/09/2016
010.033-16.99748285,,,26/09/2016
010.033-16.99748286,,,26/09/2016
010.033-16.99748287,,,26/09/2016
010.033-16.99748288,,,26/09/2016
010.033-16.99748289,,,26/09/2016
010.033-16.99748290,,,26/09/2016
010.033-16.99748291,,,26/09/2016
010.033-16.99748292,,,26/09/2016
010.033-16.99748293,,,26/09/2016
010.033-16.99748294,,,26/09/2016
010.033-16.99748295,,,26/09/2016
010.033-16.99748296,,,26/09/2016
010.033-16.99748297,,,26/09/2016
010.033-16.99748298,,,26/09/2016
010.033-16.99748299,,,26/09/2016
010.033-16.99748300,,,26/09/2016
010.033-16.99748301,,,26/09/2016
010.033-16.99748302,,,26/09/2016
010.033-16.99748303,,,26/09/2016
010.033-16.99748304,,,26/09/2016
010.033-16.99748305,,,26/09/2016
010.033-16.99748306,,,26/09/2016
010.033-16.99748307,,,26/09/2016
010.033-16.99748308,,,26/09/2016
010.033-16.99748309,,,26/09/2016
010.033-16.99748310,,,26/09/2016
010.033-16.99748311,,,26/09/2016
010.033-16.99748312,,,26/09/2016
010.033-16.99748313,,,26/09/2016
010.033-16.99748314,,,26/09/2016
010.033-16.99748315,,,26/09/2016
010.033-16.99748316,,,26/09/2016
010.033-16.99748317,,,26/09/2016
010.033-16.99748318,,,26/09/2016
010.033-16.99748319,,,26/09/2016
010.033-16.99748320,,,26/09/2016
010.033-16.99748321,,,26/09/2016
010.033-16.99748322,,,26/09/2016
010.033-16.99748323,,,26/09/2016
010.033-16.99748324,,,26/09/2016
010.033-16.99748325,,,26/09/2016
010.033-16.99748326,,,26/09/2016
010.033-16.99748327,,,26/09/2016
010.033-16.99748328,,,26/09/2016
010.033-16.99746536,,,26/09/2016
010.033-16.99746537,,,26/09/2016
010.033-16.99746538,,,26/09/2016
010.033-16.99746539,,,26/09/2016
010.033-16.99746540,,,26/09/2016
010.033-16.99746541,,,26/09/2016
010.033-16.99746542,,,26/09/2016
010.033-16.99746543,,,26/09/2016
010.033-16.99746544,,,26/09/2016
010.033-16.99746545,,,26/09/2016
010.033-16.99746546,,,26/09/2016
010.033-16.99746547,,,26/09/2016
010.033-16.99746548,,,26/09/2016
010.033-16.99746549,,,26/09/2016
010.033-16.99746550,,,26/09/2016
010.033-16.99746551,,,26/09/2016
010.033-16.99746552,,,26/09/2016
010.033-16.99746553,,,26/09/2016
010.033-16.99746554,,,26/09/2016
010.033-16.99746555,,,26/09/2016
010.033-16.99746556,,,26/09/2016
010.033-16.99746557,,,26/09/2016
010.033-16.99746558,,,26/09/2016
010.033-16.99746559,,,26/09/2016
010.033-16.99746560,,,26/09/2016
010.033-16.99746561,,,26/09/2016
010.033-16.99746562,,,26/09/2016
010.033-16.99746563,,,26/09/2016
010.033-16.99746564,,,26/09/2016
010.033-16.99746565,,,26/09/2016
010.033-16.99746566,,,26/09/2016
010.033-16.99746567,,,26/09/2016
010.033-16.99746568,,,26/09/2016
010.033-16.99746569,,,26/09/2016
010.033-16.99746570,,,26/09/2016
010.033-16.99746571,,,26/09/2016
010.033-16.99746572,,,26/09/2016
010.033-16.99746573,,,26/09/2016
010.033-16.99746574,,,26/09/2016
010.033-16.99746575,,,26/09/2016
010.033-16.99746576,,,26/09/2016
010.033-16.99746577,,,26/09/2016
010.033-16.99746578,,,26/09/2016
010.033-16.99746579,,,26/09/2016
010.033-16.99746580,,,26/09/2016
010.033-16.99746581,,,26/09/2016
010.033-16.99746582,,,26/09/2016
010.033-16.99746583,,,26/09/2016
010.033-16.99746584,,,26/09/2016
010.033-16.99746585,,,26/09/2016
010.033-16.99746586,,,26/09/2016
010.033-16.99746587,,,26/09/2016
010.033-16.99746588,,,26/09/2016
010.033-16.99746589,,,26/09/2016
010.033-16.99746590,,,26/09/2016
010.033-16.99746591,,,26/09/2016
010.033-16.99746592,,,26/09/2016
010.033-16.99746593,,,26/09/2016
010.033-16.99746594,,,26/09/2016
010.033-16.99746595,,,26/09/2016
010.033-16.99746596,,,26/09/2016
010.033-16.99746597,,,26/09/2016
010.033-16.99746598,,,26/09/2016
010.033-16.99746599,,,26/09/2016
010.033-16.99746600,,,26/09/2016
010.033-16.99746601,,,26/09/2016
010.033-16.99746602,,,26/09/2016
010.033-16.99746603,,,26/09/2016
010.033-16.99746604,,,26/09/2016
010.033-16.99746605,,,26/09/2016
010.033-16.99746606,,,26/09/2016
010.033-16.99746607,,,26/09/2016
010.033-16.99746608,,,26/09/2016
010.033-16.99746609,,,26/09/2016
010.033-16.99746610,,,26/09/2016
010.033-16.99746611,,,26/09/2016
010.033-16.99746612,,,26/09/2016
010.033-16.99746613,,,26/09/2016
010.033-16.99746614,,,26/09/2016
010.033-16.99746615,,,26/09/2016
010.033-16.99746616,,,26/09/2016
010.033-16.99746617,,,26/09/2016
010.033-16.99746618,,,26/09/2016
010.033-16.99746619,,,26/09/2016
010.033-16.99746620,,,26/09/2016
010.033-16.99746621,,,26/09/2016
010.033-16.99746622,,,26/09/2016
010.033-16.99746623,,,26/09/2016
010.033-16.99744688,,,26/09/2016
010.033-16.99744689,,,26/09/2016
010.033-16.99744690,,,26/09/2016
010.033-16.99744691,,,26/09/2016
010.033-16.99744692,,,26/09/2016
010.033-16.99744693,,,26/09/2016
010.033-16.99744694,,,26/09/2016
010.033-16.99744695,,,26/09/2016
010.033-16.99744696,,,26/09/2016
010.033-16.99744697,,,26/09/2016
010.033-16.99744698,,,26/09/2016
010.033-16.99744699,,,26/09/2016
010.033-16.99744700,,,26/09/2016
010.033-16.99744701,,,26/09/2016
010.033-16.99744702,,,26/09/2016
010.033-16.99744703,,,26/09/2016
010.033-16.99744704,,,26/09/2016
010.033-16.99744705,,,26/09/2016
010.033-16.99744706,,,26/09/2016
010.033-16.99744707,,,26/09/2016
010.033-16.99744708,,,26/09/2016
010.033-16.99744709,,,26/09/2016
010.033-16.99744710,,,26/09/2016
010.033-16.99744711,,,26/09/2016
010.033-16.99744712,,,26/09/2016
010.033-16.99744713,,,26/09/2016
010.033-16.99744714,,,26/09/2016
010.033-16.99744715,,,26/09/2016
010.033-16.99744716,,,26/09/2016
010.033-16.99744717,,,26/09/2016
010.033-16.99744718,,,26/09/2016
010.033-16.99744719,,,26/09/2016
010.033-16.99744720,,,26/09/2016
010.033-16.99744721,,,26/09/2016
010.033-16.99744722,,,26/09/2016
010.033-16.99744723,,,26/09/2016
010.033-16.99744724,,,26/09/2016
010.033-16.99744725,,,26/09/2016
010.033-16.99744726,,,26/09/2016
010.033-16.99744727,,,26/09/2016
010.033-16.99744728,,,26/09/2016
010.033-16.99744729,,,26/09/2016
010.033-16.99744730,,,26/09/2016
010.033-16.99744731,,,26/09/2016
010.033-16.99744732,,,26/09/2016
010.033-16.99744733,,,26/09/2016
010.033-16.99744734,,,26/09/2016
010.033-16.99744735,,,26/09/2016
010.033-16.99744736,,,26/09/2016
010.033-16.99744737,,,26/09/2016
010.033-16.99744738,,,26/09/2016
010.033-16.99744739,,,26/09/2016
010.033-16.99744740,,,26/09/2016
010.033-16.99744741,,,26/09/2016
010.033-16.99744742,,,26/09/2016
010.033-16.99744743,,,26/09/2016
010.033-16.99744744,,,26/09/2016
010.033-16.99744745,,,26/09/2016
010.033-16.99744746,,,26/09/2016
010.033-16.99744747,,,26/09/2016
010.033-16.99744748,,,26/09/2016
010.033-16.99744749,,,26/09/2016
010.033-16.99744750,,,26/09/2016
010.033-16.99744751,,,26/09/2016
010.033-16.99744752,,,26/09/2016
010.033-16.99744753,,,26/09/2016
010.033-16.99744754,,,26/09/2016
010.033-16.99744755,,,26/09/2016
010.033-16.99744756,,,26/09/2016
010.033-16.99744757,,,26/09/2016
010.033-16.99744758,,,26/09/2016
010.033-16.99744759,,,26/09/2016
010.033-16.99744760,,,26/09/2016
010.033-16.99744761,,,26/09/2016
010.033-16.99744762,,,26/09/2016
010.033-16.99744763,,,26/09/2016
010.033-16.99744764,,,26/09/2016
010.033-16.99744765,,,26/09/2016
010.033-16.99744766,,,26/09/2016
010.033-16.99744767,,,26/09/2016
010.033-16.99744768,,,26/09/2016
010.033-16.99744769,,,26/09/2016
010.033-16.99744770,,,26/09/2016
010.033-16.99744771,,,26/09/2016
010.033-16.99744772,,,26/09/2016
010.033-16.99744773,,,26/09/2016
010.033-16.99744774,,,26/09/2016
010.033-16.99744775,,,26/09/2016
010.033-16.99761802,,,26/09/2016
010.033-16.99761803,,,26/09/2016
010.033-16.99761804,,,26/09/2016
010.033-16.99761805,,,26/09/2016
010.033-16.99761806,,,26/09/2016
010.033-16.99761807,,,26/09/2016
010.033-16.99761808,,,26/09/2016
010.033-16.99761809,,,26/09/2016
010.033-16.99761810,,,26/09/2016
010.033-16.99761811,,,26/09/2016
010.033-16.99761812,,,26/09/2016
010.033-16.99761813,,,26/09/2016
010.033-16.99761814,,,26/09/2016
010.033-16.99761815,,,26/09/2016
010.033-16.99761816,,,26/09/2016
010.033-16.99761817,,,26/09/2016
010.033-16.99761818,,,26/09/2016
010.033-16.99761819,,,26/09/2016
010.033-16.99761820,,,26/09/2016
010.033-16.99761821,,,26/09/2016
010.033-16.99761822,,,26/09/2016
010.033-16.99761823,,,26/09/2016
010.033-16.99761824,,,26/09/2016
010.033-16.99761825,,,26/09/2016
010.033-16.99761826,,,26/09/2016
010.033-16.99761827,,,26/09/2016
010.033-16.99761828,,,26/09/2016
010.033-16.99761829,,,26/09/2016
010.033-16.99761830,,,26/09/2016
010.033-16.99761831,,,26/09/2016
010.033-16.99761832,,,26/09/2016
010.033-16.99761833,,,26/09/2016
010.033-16.99761834,,,26/09/2016
010.033-16.99761835,,,26/09/2016
010.033-16.99761836,,,26/09/2016
010.033-16.99761837,,,26/09/2016
010.033-16.99761838,,,26/09/2016
010.033-16.99761839,,,26/09/2016
010.033-16.99761840,,,26/09/2016
010.033-16.99761841,,,26/09/2016
010.033-16.99761842,,,26/09/2016
010.033-16.99761843,,,26/09/2016
010.033-16.99761844,,,26/09/2016
010.033-16.99761845,,,26/09/2016
010.033-16.99761846,,,26/09/2016
010.033-16.99761847,,,26/09/2016
010.033-16.99761848,,,26/09/2016
010.033-16.99761849,,,26/09/2016
010.033-16.99761850,,,26/09/2016
010.033-16.99761851,,,26/09/2016
010.033-16.99761852,,,26/09/2016
010.033-16.99761853,,,26/09/2016
010.033-16.99761854,,,26/09/2016
010.033-16.99761855,,,26/09/2016
010.033-16.99761856,,,26/09/2016
010.033-16.99761857,,,26/09/2016
010.033-16.99761858,,,26/09/2016
010.033-16.99761859,,,26/09/2016
010.033-16.99761860,,,26/09/2016
010.033-16.99761861,,,26/09/2016
010.033-16.99761862,,,26/09/2016
010.033-16.99761863,,,26/09/2016
010.033-16.99761864,,,26/09/2016
010.033-16.99761865,,,26/09/2016
010.033-16.99761866,,,26/09/2016
010.033-16.99761867,,,26/09/2016
010.033-16.99761868,,,26/09/2016
010.033-16.99761869,,,26/09/2016
010.033-16.99761870,,,26/09/2016
010.033-16.99761871,,,26/09/2016
010.033-16.99761872,,,26/09/2016
010.033-16.99761873,,,26/09/2016
010.033-16.99761874,,,26/09/2016
010.033-16.99761875,,,26/09/2016
010.033-16.99761876,,,26/09/2016
010.033-16.99761877,,,26/09/2016
010.033-16.99761878,,,26/09/2016
010.033-16.99761879,,,26/09/2016
010.033-16.99761880,,,26/09/2016
010.033-16.99761881,,,26/09/2016
010.033-16.99761882,,,26/09/2016
010.033-16.99761883,,,26/09/2016
010.033-16.99761884,,,26/09/2016
010.033-16.99761885,,,26/09/2016
010.033-16.99761886,,,26/09/2016
010.033-16.99761887,,,26/09/2016
010.033-16.99761888,,,26/09/2016
010.033-16.99761889,,,26/09/2016
010.033-16.99757844,,,26/09/2016
010.033-16.99757845,,,26/09/2016
010.033-16.99757846,,,26/09/2016
010.033-16.99757847,,,26/09/2016
010.033-16.99757848,,,26/09/2016
010.033-16.99757849,,,26/09/2016
010.033-16.99757850,,,26/09/2016
010.033-16.99757851,,,26/09/2016
010.033-16.99757852,,,26/09/2016
010.033-16.99757853,,,26/09/2016
010.033-16.99757854,,,26/09/2016
010.033-16.99757855,,,26/09/2016
010.033-16.99757856,,,26/09/2016
010.033-16.99757857,,,26/09/2016
010.033-16.99757858,,,26/09/2016
010.033-16.99757859,,,26/09/2016
010.033-16.99757860,,,26/09/2016
010.033-16.99757861,,,26/09/2016
010.033-16.99757862,,,26/09/2016
010.033-16.99757863,,,26/09/2016
010.033-16.99757864,,,26/09/2016
010.033-16.99757865,,,26/09/2016
010.033-16.99757866,,,26/09/2016
010.033-16.99757867,,,26/09/2016
010.033-16.99757868,,,26/09/2016
010.033-16.99757869,,,26/09/2016
010.033-16.99757870,,,26/09/2016
010.033-16.99757871,,,26/09/2016
010.033-16.99757872,,,26/09/2016
010.033-16.99757873,,,26/09/2016
010.033-16.99757874,,,26/09/2016
010.033-16.99757875,,,26/09/2016
010.033-16.99757876,,,26/09/2016
010.033-16.99757877,,,26/09/2016
010.033-16.99757878,,,26/09/2016
010.033-16.99757879,,,26/09/2016
010.033-16.99757880,,,26/09/2016
010.033-16.99757881,,,26/09/2016
010.033-16.99757882,,,26/09/2016
010.033-16.99757883,,,26/09/2016
010.033-16.99757884,,,26/09/2016
010.033-16.99757885,,,26/09/2016
010.033-16.99757886,,,26/09/2016
010.033-16.99757887,,,26/09/2016
010.033-16.99757888,,,26/09/2016
010.033-16.99757889,,,26/09/2016
010.033-16.99757890,,,26/09/2016
010.033-16.99757891,,,26/09/2016
010.033-16.99757892,,,26/09/2016
010.033-16.99757893,,,26/09/2016
010.033-16.99757894,,,26/09/2016
010.033-16.99757895,,,26/09/2016
010.033-16.99757896,,,26/09/2016
010.033-16.99757897,,,26/09/2016
010.033-16.99757898,,,26/09/2016
010.033-16.99757899,,,26/09/2016
010.033-16.99757900,,,26/09/2016
010.033-16.99757901,,,26/09/2016
010.033-16.99757902,,,26/09/2016
010.033-16.99757903,,,26/09/2016
010.033-16.99757904,,,26/09/2016
010.033-16.99757905,,,26/09/2016
010.033-16.99757906,,,26/09/2016
010.033-16.99757907,,,26/09/2016
010.033-16.99757908,,,26/09/2016
010.033-16.99757909,,,26/09/2016
010.033-16.99757910,,,26/09/2016
010.033-16.99757911,,,26/09/2016
010.033-16.99757912,,,26/09/2016
010.033-16.99757913,,,26/09/2016
010.033-16.99757914,,,26/09/2016
010.033-16.99757915,,,26/09/2016
010.033-16.99757916,,,26/09/2016
010.033-16.99757917,,,26/09/2016
010.033-16.99757918,,,26/09/2016
010.033-16.99757919,,,26/09/2016
010.033-16.99757920,,,26/09/2016
010.033-16.99757921,,,26/09/2016
010.033-16.99757922,,,26/09/2016
010.033-16.99757923,,,26/09/2016
010.033-16.99757924,,,26/09/2016
010.033-16.99757925,,,26/09/2016
010.033-16.99757926,,,26/09/2016
010.033-16.99757927,,,26/09/2016
010.033-16.99757928,,,26/09/2016
010.033-16.99757929,,,26/09/2016
010.033-16.99757930,,,26/09/2016
010.033-16.99757931,,,26/09/2016
010.033-16.99763630,,,26/09/2016
010.033-16.99763631,,,26/09/2016
010.033-16.99763632,,,26/09/2016
010.033-16.99763633,,,26/09/2016
010.033-16.99763634,,,26/09/2016
010.033-16.99763635,,,26/09/2016
010.033-16.99763636,,,26/09/2016
010.033-16.99763637,,,26/09/2016
010.033-16.99763638,,,26/09/2016
010.033-16.99763639,,,26/09/2016
010.033-16.99763640,,,26/09/2016
010.033-16.99763641,,,26/09/2016
010.033-16.99763642,,,26/09/2016
010.033-16.99763643,,,26/09/2016
010.033-16.99763644,,,26/09/2016
010.033-16.99763645,,,26/09/2016
010.033-16.99763646,,,26/09/2016
010.033-16.99763647,,,26/09/2016
010.033-16.99763648,,,26/09/2016
010.033-16.99763649,,,26/09/2016
010.033-16.99763650,,,26/09/2016
010.033-16.99763651,,,26/09/2016
010.033-16.99763652,,,26/09/2016
010.033-16.99763653,,,26/09/2016
010.033-16.99763654,,,26/09/2016
010.033-16.99763655,,,26/09/2016
010.033-16.99763656,,,26/09/2016
010.033-16.99763657,,,26/09/2016
010.033-16.99763658,,,26/09/2016
010.033-16.99763659,,,26/09/2016
010.033-16.99763660,,,26/09/2016
010.033-16.99763661,,,26/09/2016
010.033-16.99763662,,,26/09/2016
010.033-16.99763663,,,26/09/2016
010.033-16.99763664,,,26/09/2016
010.033-16.99763665,,,26/09/2016
010.033-16.99763666,,,26/09/2016
010.033-16.99763667,,,26/09/2016
010.033-16.99763668,,,26/09/2016
010.033-16.99763669,,,26/09/2016
010.033-16.99763670,,,26/09/2016
010.033-16.99763671,,,26/09/2016
010.033-16.99763672,,,26/09/2016
010.033-16.99763673,,,26/09/2016
010.033-16.99763674,,,26/09/2016
010.033-16.99763675,,,26/09/2016
010.033-16.99763676,,,26/09/2016
010.033-16.99763677,,,26/09/2016
010.033-16.99763678,,,26/09/2016
010.033-16.99763679,,,26/09/2016
010.033-16.99763680,,,26/09/2016
010.033-16.99763681,,,26/09/2016
010.033-16.99763682,,,26/09/2016
010.033-16.99763683,,,26/09/2016
010.033-16.99763684,,,26/09/2016
010.033-16.99763685,,,26/09/2016
010.033-16.99763686,,,26/09/2016
010.033-16.99763687,,,26/09/2016
010.033-16.99763688,,,26/09/2016
010.033-16.99763689,,,26/09/2016
010.033-16.99763690,,,26/09/2016
010.033-16.99763691,,,26/09/2016
010.033-16.99763692,,,26/09/2016
010.033-16.99763693,,,26/09/2016
010.033-16.99763694,,,26/09/2016
010.033-16.99763695,,,26/09/2016
010.033-16.99763696,,,26/09/2016
010.033-16.99763697,,,26/09/2016
010.033-16.99763698,,,26/09/2016
010.033-16.99763699,,,26/09/2016
010.033-16.99763700,,,26/09/2016
010.033-16.99763701,,,26/09/2016
010.033-16.99763702,,,26/09/2016
010.033-16.99763703,,,26/09/2016
010.033-16.99763704,,,26/09/2016
010.033-16.99763705,,,26/09/2016
010.033-16.99763706,,,26/09/2016
010.033-16.99763707,,,26/09/2016
010.033-16.99763708,,,26/09/2016
010.033-16.99763709,,,26/09/2016
010.033-16.99763710,,,26/09/2016
010.033-16.99763711,,,26/09/2016
010.033-16.99763712,,,26/09/2016
010.033-16.99763713,,,26/09/2016
010.033-16.99763714,,,26/09/2016
010.033-16.99763715,,,26/09/2016
010.033-16.99763716,,,26/09/2016
010.033-16.99763717,,,26/09/2016
010.033-16.99758460,,,26/09/2016
010.033-16.99758461,,,26/09/2016
010.033-16.99758462,,,26/09/2016
010.033-16.99758463,,,26/09/2016
010.033-16.99758464,,,26/09/2016
010.033-16.99758465,,,26/09/2016
010.033-16.99758466,,,26/09/2016
010.033-16.99758467,,,26/09/2016
010.033-16.99758468,,,26/09/2016
010.033-16.99758469,,,26/09/2016
010.033-16.99758470,,,26/09/2016
010.033-16.99758471,,,26/09/2016
010.033-16.99758472,,,26/09/2016
010.033-16.99758473,,,26/09/2016
010.033-16.99758474,,,26/09/2016
010.033-16.99758475,,,26/09/2016
010.033-16.99758476,,,26/09/2016
010.033-16.99758477,,,26/09/2016
010.033-16.99758478,,,26/09/2016
010.033-16.99758479,,,26/09/2016
010.033-16.99758480,,,26/09/2016
010.033-16.99758481,,,26/09/2016
010.033-16.99758482,,,26/09/2016
010.033-16.99758483,,,26/09/2016
010.033-16.99758484,,,26/09/2016
010.033-16.99758485,,,26/09/2016
010.033-16.99758486,,,26/09/2016
010.033-16.99758487,,,26/09/2016
010.033-16.99758488,,,26/09/2016
010.033-16.99758489,,,26/09/2016
010.033-16.99758490,,,26/09/2016
010.033-16.99758491,,,26/09/2016
010.033-16.99758492,,,26/09/2016
010.033-16.99758493,,,26/09/2016
010.033-16.99758494,,,26/09/2016
010.033-16.99758495,,,26/09/2016
010.033-16.99758496,,,26/09/2016
010.033-16.99758497,,,26/09/2016
010.033-16.99758498,,,26/09/2016
010.033-16.99758499,,,26/09/2016
010.033-16.99758500,,,26/09/2016
010.033-16.99758501,,,26/09/2016
010.033-16.99758502,,,26/09/2016
010.033-16.99758503,,,26/09/2016
010.033-16.99758504,,,26/09/2016
010.033-16.99758505,,,26/09/2016
010.033-16.99758506,,,26/09/2016
010.033-16.99758507,,,26/09/2016
010.033-16.99758508,,,26/09/2016
010.033-16.99758509,,,26/09/2016
010.033-16.99758510,,,26/09/2016
010.033-16.99758511,,,26/09/2016
010.033-16.99758512,,,26/09/2016
010.033-16.99758513,,,26/09/2016
010.033-16.99758514,,,26/09/2016
010.033-16.99758515,,,26/09/2016
010.033-16.99758516,,,26/09/2016
010.033-16.99758517,,,26/09/2016
010.033-16.99758518,,,26/09/2016
010.033-16.99758519,,,26/09/2016
010.033-16.99758520,,,26/09/2016
010.033-16.99758521,,,26/09/2016
010.033-16.99758522,,,26/09/2016
010.033-16.99758523,,,26/09/2016
010.033-16.99758524,,,26/09/2016
010.033-16.99758525,,,26/09/2016
010.033-16.99758526,,,26/09/2016
010.033-16.99758527,,,26/09/2016
010.033-16.99758528,,,26/09/2016
010.033-16.99758529,,,26/09/2016
010.033-16.99758530,,,26/09/2016
010.033-16.99758531,,,26/09/2016
010.033-16.99758532,,,26/09/2016
010.033-16.99758533,,,26/09/2016
010.033-16.99758534,,,26/09/2016
010.033-16.99758535,,,26/09/2016
010.033-16.99758536,,,26/09/2016
010.033-16.99758537,,,26/09/2016
010.033-16.99758538,,,26/09/2016
010.033-16.99758539,,,26/09/2016
010.033-16.99758540,,,26/09/2016
010.033-16.99758541,,,26/09/2016
010.033-16.99758542,,,26/09/2016
010.033-16.99758543,,,26/09/2016
010.033-16.99758544,,,26/09/2016
010.033-16.99758545,,,26/09/2016
010.033-16.99758546,,,26/09/2016
010.033-16.99758547,,,26/09/2016
010.033-16.99750265,,,26/09/2016
010.033-16.99750266,,,26/09/2016
010.033-16.99750267,,,26/09/2016
010.033-16.99750268,,,26/09/2016
010.033-16.99750269,,,26/09/2016
010.033-16.99750270,,,26/09/2016
010.033-16.99750271,,,26/09/2016
010.033-16.99750272,,,26/09/2016
010.033-16.99750273,,,26/09/2016
010.033-16.99750274,,,26/09/2016
010.033-16.99750275,,,26/09/2016
010.033-16.99750276,,,26/09/2016
010.033-16.99750277,,,26/09/2016
010.033-16.99750278,,,26/09/2016
010.033-16.99750279,,,26/09/2016
010.033-16.99750280,,,26/09/2016
010.033-16.99750281,,,26/09/2016
010.033-16.99750282,,,26/09/2016
010.033-16.99750283,,,26/09/2016
010.033-16.99750284,,,26/09/2016
010.033-16.99750285,,,26/09/2016
010.033-16.99750286,,,26/09/2016
010.033-16.99750287,,,26/09/2016
010.033-16.99750288,,,26/09/2016
010.033-16.99750289,,,26/09/2016
010.033-16.99750290,,,26/09/2016
010.033-16.99750291,,,26/09/2016
010.033-16.99750292,,,26/09/2016
010.033-16.99750293,,,26/09/2016
010.033-16.99750294,,,26/09/2016
010.033-16.99750295,,,26/09/2016
010.033-16.99750296,,,26/09/2016
010.033-16.99750297,,,26/09/2016
010.033-16.99750298,,,26/09/2016
010.033-16.99750299,,,26/09/2016
010.033-16.99750300,,,26/09/2016
010.033-16.99750301,,,26/09/2016
010.033-16.99750302,,,26/09/2016
010.033-16.99750303,,,26/09/2016
010.033-16.99750304,,,26/09/2016
010.033-16.99750305,,,26/09/2016
010.033-16.99750306,,,26/09/2016
010.033-16.99750307,,,26/09/2016
010.033-16.99750308,,,26/09/2016
010.033-16.99750309,,,26/09/2016
010.033-16.99750310,,,26/09/2016
010.033-16.99750311,,,26/09/2016
010.033-16.99750312,,,26/09/2016
010.033-16.99750313,,,26/09/2016
010.033-16.99750314,,,26/09/2016
010.033-16.99750315,,,26/09/2016
010.033-16.99750316,,,26/09/2016
010.033-16.99750317,,,26/09/2016
010.033-16.99750318,,,26/09/2016
010.033-16.99750319,,,26/09/2016
010.033-16.99750320,,,26/09/2016
010.033-16.99750321,,,26/09/2016
010.033-16.99750322,,,26/09/2016
010.033-16.99750323,,,26/09/2016
010.033-16.99750324,,,26/09/2016
010.033-16.99750325,,,26/09/2016
010.033-16.99750326,,,26/09/2016
010.033-16.99750327,,,26/09/2016
010.033-16.99750328,,,26/09/2016
010.033-16.99750329,,,26/09/2016
010.033-16.99750330,,,26/09/2016
010.033-16.99750331,,,26/09/2016
010.033-16.99750332,,,26/09/2016
010.033-16.99750333,,,26/09/2016
010.033-16.99750334,,,26/09/2016
010.033-16.99750335,,,26/09/2016
010.033-16.99750336,,,26/09/2016
010.033-16.99750337,,,26/09/2016
010.033-16.99750338,,,26/09/2016
010.033-16.99750339,,,26/09/2016
010.033-16.99750340,,,26/09/2016
010.033-16.99750341,,,26/09/2016
010.033-16.99750342,,,26/09/2016
010.033-16.99750343,,,26/09/2016
010.033-16.99750344,,,26/09/2016
010.033-16.99750345,,,26/09/2016
010.033-16.99750346,,,26/09/2016
010.033-16.99750347,,,26/09/2016
010.033-16.99750348,,,26/09/2016
010.033-16.99750349,,,26/09/2016
010.033-16.99750350,,,26/09/2016
010.033-16.99750351,,,26/09/2016
010.033-16.99750352,,,26/09/2016
010.033-16.99751618,,,26/09/2016
010.033-16.99751619,,,26/09/2016
010.033-16.99751620,,,26/09/2016
010.033-16.99751621,,,26/09/2016
010.033-16.99751622,,,26/09/2016
010.033-16.99751623,,,26/09/2016
010.033-16.99751624,,,26/09/2016
010.033-16.99751625,,,26/09/2016
010.033-16.99751626,,,26/09/2016
010.033-16.99751627,,,26/09/2016
010.033-16.99751628,,,26/09/2016
010.033-16.99751629,,,26/09/2016
010.033-16.99751630,,,26/09/2016
010.033-16.99751631,,,26/09/2016
010.033-16.99751632,,,26/09/2016
010.033-16.99751633,,,26/09/2016
010.033-16.99751634,,,26/09/2016
010.033-16.99751635,,,26/09/2016
010.033-16.99751636,,,26/09/2016
010.033-16.99751637,,,26/09/2016
010.033-16.99751638,,,26/09/2016
010.033-16.99751639,,,26/09/2016
010.033-16.99751640,,,26/09/2016
010.033-16.99751641,,,26/09/2016
010.033-16.99751642,,,26/09/2016
010.033-16.99751643,,,26/09/2016
010.033-16.99751644,,,26/09/2016
010.033-16.99751645,,,26/09/2016
010.033-16.99751646,,,26/09/2016
010.033-16.99751647,,,26/09/2016
010.033-16.99751648,,,26/09/2016
010.033-16.99751649,,,26/09/2016
010.033-16.99751650,,,26/09/2016
010.033-16.99751651,,,26/09/2016
010.033-16.99751652,,,26/09/2016
010.033-16.99751653,,,26/09/2016
010.033-16.99751654,,,26/09/2016
010.033-16.99751655,,,26/09/2016
010.033-16.99751656,,,26/09/2016
010.033-16.99751657,,,26/09/2016
010.033-16.99751658,,,26/09/2016
010.033-16.99751659,,,26/09/2016
010.033-16.99751660,,,26/09/2016
010.033-16.99751661,,,26/09/2016
010.033-16.99751662,,,26/09/2016
010.033-16.99751663,,,26/09/2016
010.033-16.99751664,,,26/09/2016
010.033-16.99751665,,,26/09/2016
010.033-16.99751666,,,26/09/2016
010.033-16.99751667,,,26/09/2016
010.033-16.99751668,,,26/09/2016
010.033-16.99751669,,,26/09/2016
010.033-16.99751670,,,26/09/2016
010.033-16.99751671,,,26/09/2016
010.033-16.99751672,,,26/09/2016
010.033-16.99751673,,,26/09/2016
010.033-16.99751674,,,26/09/2016
010.033-16.99751675,,,26/09/2016
010.033-16.99751676,,,26/09/2016
010.033-16.99751677,,,26/09/2016
010.033-16.99751678,,,26/09/2016
010.033-16.99751679,,,26/09/2016
010.033-16.99751680,,,26/09/2016
010.033-16.99751681,,,26/09/2016
010.033-16.99751682,,,26/09/2016
010.033-16.99751683,,,26/09/2016
010.033-16.99751684,,,26/09/2016
010.033-16.99751685,,,26/09/2016
010.033-16.99751686,,,26/09/2016
010.033-16.99751687,,,26/09/2016
010.033-16.99751688,,,26/09/2016
010.033-16.99751689,,,26/09/2016
010.033-16.99751690,,,26/09/2016
010.033-16.99751691,,,26/09/2016
010.033-16.99751692,,,26/09/2016
010.033-16.99751693,,,26/09/2016
010.033-16.99751694,,,26/09/2016
010.033-16.99751695,,,26/09/2016
010.033-16.99751696,,,26/09/2016
010.033-16.99751697,,,26/09/2016
010.033-16.99751698,,,26/09/2016
010.033-16.99751699,,,26/09/2016
010.033-16.99751700,,,26/09/2016
010.033-16.99751701,,,26/09/2016
010.033-16.99751702,,,26/09/2016
010.033-16.99751703,,,26/09/2016
010.033-16.99751704,,,26/09/2016
010.033-16.99751705,,,26/09/2016
010.033-16.99743863,,,26/09/2016
010.033-16.99743864,,,26/09/2016
010.033-16.99743865,,,26/09/2016
010.033-16.99743866,,,26/09/2016
010.033-16.99743867,,,26/09/2016
010.033-16.99743868,,,26/09/2016
010.033-16.99743869,,,26/09/2016
010.033-16.99743870,,,26/09/2016
010.033-16.99743871,,,26/09/2016
010.033-16.99743872,,,26/09/2016
010.033-16.99743873,,,26/09/2016
010.033-16.99743874,,,26/09/2016
010.033-16.99743875,,,26/09/2016
010.033-16.99743876,,,26/09/2016
010.033-16.99743877,,,26/09/2016
010.033-16.99743878,,,26/09/2016
010.033-16.99743879,,,26/09/2016
010.033-16.99743880,,,26/09/2016
010.033-16.99743881,,,26/09/2016
010.033-16.99743882,,,26/09/2016
010.033-16.99743883,,,26/09/2016
010.033-16.99743884,,,26/09/2016
010.033-16.99743885,,,26/09/2016
010.033-16.99743886,,,26/09/2016
010.033-16.99743887,,,26/09/2016
010.033-16.99743888,,,26/09/2016
010.033-16.99743889,,,26/09/2016
010.033-16.99743890,,,26/09/2016
010.033-16.99743891,,,26/09/2016
010.033-16.99743892,,,26/09/2016
010.033-16.99743893,,,26/09/2016
010.033-16.99743894,,,26/09/2016
010.033-16.99743895,,,26/09/2016
010.033-16.99743896,,,26/09/2016
010.033-16.99743897,,,26/09/2016
010.033-16.99743898,,,26/09/2016
010.033-16.99743899,,,26/09/2016
010.033-16.99743900,,,26/09/2016
010.033-16.99743901,,,26/09/2016
010.033-16.99743902,,,26/09/2016
010.033-16.99743903,,,26/09/2016
010.033-16.99743904,,,26/09/2016
010.033-16.99743905,,,26/09/2016
010.033-16.99743906,,,26/09/2016
010.033-16.99743907,,,26/09/2016
010.033-16.99743908,,,26/09/2016
010.033-16.99743909,,,26/09/2016
010.033-16.99743910,,,26/09/2016
010.033-16.99743911,,,26/09/2016
010.033-16.99743912,,,26/09/2016
010.033-16.99743913,,,26/09/2016
010.033-16.99743914,,,26/09/2016
010.033-16.99743915,,,26/09/2016
010.033-16.99743916,,,26/09/2016
010.033-16.99743917,,,26/09/2016
010.033-16.99743918,,,26/09/2016
010.033-16.99743919,,,26/09/2016
010.033-16.99743920,,,26/09/2016
010.033-16.99743921,,,26/09/2016
010.033-16.99743922,,,26/09/2016
010.033-16.99743923,,,26/09/2016
010.033-16.99743924,,,26/09/2016
010.033-16.99743925,,,26/09/2016
010.033-16.99743926,,,26/09/2016
010.033-16.99743927,,,26/09/2016
010.033-16.99743928,,,26/09/2016
010.033-16.99743929,,,26/09/2016
010.033-16.99743930,,,26/09/2016
010.033-16.99743931,,,26/09/2016
010.033-16.99743932,,,26/09/2016
010.033-16.99743933,,,26/09/2016
010.033-16.99743934,,,26/09/2016
010.033-16.99743935,,,26/09/2016
010.033-16.99743936,,,26/09/2016
010.033-16.99743937,,,26/09/2016
010.033-16.99743938,,,26/09/2016
010.033-16.99743939,,,26/09/2016
010.033-16.99743940,,,26/09/2016
010.033-16.99743941,,,26/09/2016
010.033-16.99743942,,,26/09/2016
010.033-16.99743943,,,26/09/2016
010.033-16.99743944,,,26/09/2016
010.033-16.99743945,,,26/09/2016
010.033-16.99743946,,,26/09/2016
010.033-16.99743947,,,26/09/2016
010.033-16.99743948,,,26/09/2016
010.033-16.99743949,,,26/09/2016
010.033-16.99743950,,,26/09/2016
010.033-16.99760165,,,26/09/2016
010.033-16.99760166,,,26/09/2016
010.033-16.99760167,,,26/09/2016
010.033-16.99760168,,,26/09/2016
010.033-16.99760169,,,26/09/2016
010.033-16.99760170,,,26/09/2016
010.033-16.99760171,,,26/09/2016
010.033-16.99760172,,,26/09/2016
010.033-16.99760173,,,26/09/2016
010.033-16.99760174,,,26/09/2016
010.033-16.99760175,,,26/09/2016
010.033-16.99760176,,,26/09/2016
010.033-16.99760177,,,26/09/2016
010.033-16.99760178,,,26/09/2016
010.033-16.99760179,,,26/09/2016
010.033-16.99760180,,,26/09/2016
010.033-16.99760181,,,26/09/2016
010.033-16.99760182,,,26/09/2016
010.033-16.99760183,,,26/09/2016
010.033-16.99760184,,,26/09/2016
010.033-16.99760185,,,26/09/2016
010.033-16.99760186,,,26/09/2016
010.033-16.99760187,,,26/09/2016
010.033-16.99760188,,,26/09/2016
010.033-16.99760189,,,26/09/2016
010.033-16.99760190,,,26/09/2016
010.033-16.99760191,,,26/09/2016
010.033-16.99760192,,,26/09/2016
010.033-16.99760193,,,26/09/2016
010.033-16.99760194,,,26/09/2016
010.033-16.99760195,,,26/09/2016
010.033-16.99760196,,,26/09/2016
010.033-16.99760197,,,26/09/2016
010.033-16.99760198,,,26/09/2016
010.033-16.99760199,,,26/09/2016
010.033-16.99760200,,,26/09/2016
010.033-16.99760201,,,26/09/2016
010.033-16.99760202,,,26/09/2016
010.033-16.99760203,,,26/09/2016
010.033-16.99760204,,,26/09/2016
010.033-16.99760205,,,26/09/2016
010.033-16.99760206,,,26/09/2016
010.033-16.99760207,,,26/09/2016
010.033-16.99760208,,,26/09/2016
010.033-16.99760209,,,26/09/2016
010.033-16.99760210,,,26/09/2016
010.033-16.99760211,,,26/09/2016
010.033-16.99760212,,,26/09/2016
010.033-16.99760213,,,26/09/2016
010.033-16.99760214,,,26/09/2016
010.033-16.99760215,,,26/09/2016
010.033-16.99760216,,,26/09/2016
010.033-16.99760217,,,26/09/2016
010.033-16.99760218,,,26/09/2016
010.033-16.99760219,,,26/09/2016
010.033-16.99760220,,,26/09/2016
010.033-16.99760221,,,26/09/2016
010.033-16.99760222,,,26/09/2016
010.033-16.99760223,,,26/09/2016
010.033-16.99760224,,,26/09/2016
010.033-16.99760225,,,26/09/2016
010.033-16.99760226,,,26/09/2016
010.033-16.99760227,,,26/09/2016
010.033-16.99760228,,,26/09/2016
010.033-16.99760229,,,26/09/2016
010.033-16.99760230,,,26/09/2016
010.033-16.99760231,,,26/09/2016
010.033-16.99760232,,,26/09/2016
010.033-16.99760233,,,26/09/2016
010.033-16.99760234,,,26/09/2016
010.033-16.99760235,,,26/09/2016
010.033-16.99760236,,,26/09/2016
010.033-16.99760237,,,26/09/2016
010.033-16.99760238,,,26/09/2016
010.033-16.99760239,,,26/09/2016
010.033-16.99760240,,,26/09/2016
010.033-16.99760241,,,26/09/2016
010.033-16.99760242,,,26/09/2016
010.033-16.99760243,,,26/09/2016
010.033-16.99760244,,,26/09/2016
010.033-16.99760245,,,26/09/2016
010.033-16.99760246,,,26/09/2016
010.033-16.99760247,,,26/09/2016
010.033-16.99760248,,,26/09/2016
010.033-16.99760249,,,26/09/2016
010.033-16.99760250,,,26/09/2016
010.033-16.99760251,,,26/09/2016
010.033-16.99760252,,,26/09/2016
010.033-16.99744776,,,26/09/2016
010.033-16.99744777,,,26/09/2016
010.033-16.99744778,,,26/09/2016
010.033-16.99744779,,,26/09/2016
010.033-16.99744780,,,26/09/2016
010.033-16.99744781,,,26/09/2016
010.033-16.99744782,,,26/09/2016
010.033-16.99744783,,,26/09/2016
010.033-16.99744784,,,26/09/2016
010.033-16.99744785,,,26/09/2016
010.033-16.99744786,,,26/09/2016
010.033-16.99744787,,,26/09/2016
010.033-16.99744788,,,26/09/2016
010.033-16.99744789,,,26/09/2016
010.033-16.99744790,,,26/09/2016
010.033-16.99744791,,,26/09/2016
010.033-16.99744792,,,26/09/2016
010.033-16.99744793,,,26/09/2016
010.033-16.99744794,,,26/09/2016
010.033-16.99744795,,,26/09/2016
010.033-16.99744796,,,26/09/2016
010.033-16.99744797,,,26/09/2016
010.033-16.99744798,,,26/09/2016
010.033-16.99744799,,,26/09/2016
010.033-16.99744800,,,26/09/2016
010.033-16.99744801,,,26/09/2016
010.033-16.99744802,,,26/09/2016
010.033-16.99744803,,,26/09/2016
010.033-16.99744804,,,26/09/2016
010.033-16.99744805,,,26/09/2016
010.033-16.99744806,,,26/09/2016
010.033-16.99744807,,,26/09/2016
010.033-16.99744808,,,26/09/2016
010.033-16.99744809,,,26/09/2016
010.033-16.99744810,,,26/09/2016
010.033-16.99744811,,,26/09/2016
010.033-16.99744812,,,26/09/2016
010.033-16.99744813,,,26/09/2016
010.033-16.99744814,,,26/09/2016
010.033-16.99744815,,,26/09/2016
010.033-16.99744816,,,26/09/2016
010.033-16.99744817,,,26/09/2016
010.033-16.99744818,,,26/09/2016
010.033-16.99744819,,,26/09/2016
010.033-16.99744820,,,26/09/2016
010.033-16.99744821,,,26/09/2016
010.033-16.99744822,,,26/09/2016
010.033-16.99744823,,,26/09/2016
010.033-16.99744824,,,26/09/2016
010.033-16.99744825,,,26/09/2016
010.033-16.99744826,,,26/09/2016
010.033-16.99744827,,,26/09/2016
010.033-16.99744828,,,26/09/2016
010.033-16.99744829,,,26/09/2016
010.033-16.99744830,,,26/09/2016
010.033-16.99744831,,,26/09/2016
010.033-16.99744832,,,26/09/2016
010.033-16.99744833,,,26/09/2016
010.033-16.99744834,,,26/09/2016
010.033-16.99744835,,,26/09/2016
010.033-16.99744836,,,26/09/2016
010.033-16.99744837,,,26/09/2016
010.033-16.99744838,,,26/09/2016
010.033-16.99744839,,,26/09/2016
010.033-16.99744840,,,26/09/2016
010.033-16.99744841,,,26/09/2016
010.033-16.99744842,,,26/09/2016
010.033-16.99744843,,,26/09/2016
010.033-16.99744844,,,26/09/2016
010.033-16.99744845,,,26/09/2016
010.033-16.99744846,,,26/09/2016
010.033-16.99744847,,,26/09/2016
010.033-16.99744848,,,26/09/2016
010.033-16.99744849,,,26/09/2016
010.033-16.99744850,,,26/09/2016
010.033-16.99744851,,,26/09/2016
010.033-16.99744852,,,26/09/2016
010.033-16.99744853,,,26/09/2016
010.033-16.99744854,,,26/09/2016
010.033-16.99744855,,,26/09/2016
010.033-16.99744856,,,26/09/2016
010.033-16.99744857,,,26/09/2016
010.033-16.99744858,,,26/09/2016
010.033-16.99744859,,,26/09/2016
010.033-16.99744860,,,26/09/2016
010.033-16.99744861,,,26/09/2016
010.033-16.99744862,,,26/09/2016
010.033-16.99744863,,,26/09/2016
010.033-16.99746624,,,26/09/2016
010.033-16.99746625,,,26/09/2016
010.033-16.99746626,,,26/09/2016
010.033-16.99746627,,,26/09/2016
010.033-16.99746628,,,26/09/2016
010.033-16.99746629,,,26/09/2016
010.033-16.99746630,,,26/09/2016
010.033-16.99746631,,,26/09/2016
010.033-16.99746632,,,26/09/2016
010.033-16.99746633,,,26/09/2016
010.033-16.99746634,,,26/09/2016
010.033-16.99746635,,,26/09/2016
010.033-16.99746636,,,26/09/2016
010.033-16.99746637,,,26/09/2016
010.033-16.99746638,,,26/09/2016
010.033-16.99746639,,,26/09/2016
010.033-16.99746640,,,26/09/2016
010.033-16.99746641,,,26/09/2016
010.033-16.99746642,,,26/09/2016
010.033-16.99746643,,,26/09/2016
010.033-16.99746644,,,26/09/2016
010.033-16.99746645,,,26/09/2016
010.033-16.99746646,,,26/09/2016
010.033-16.99746647,,,26/09/2016
010.033-16.99746648,,,26/09/2016
010.033-16.99746649,,,26/09/2016
010.033-16.99746650,,,26/09/2016
010.033-16.99746651,,,26/09/2016
010.033-16.99746652,,,26/09/2016
010.033-16.99746653,,,26/09/2016
010.033-16.99746654,,,26/09/2016
010.033-16.99746655,,,26/09/2016
010.033-16.99746656,,,26/09/2016
010.033-16.99746657,,,26/09/2016
010.033-16.99746658,,,26/09/2016
010.033-16.99746659,,,26/09/2016
010.033-16.99746660,,,26/09/2016
010.033-16.99746661,,,26/09/2016
010.033-16.99746662,,,26/09/2016
010.033-16.99746663,,,26/09/2016
010.033-16.99746664,,,26/09/2016
010.033-16.99746665,,,26/09/2016
010.033-16.99746666,,,26/09/2016
010.033-16.99746667,,,26/09/2016
010.033-16.99746668,,,26/09/2016
010.033-16.99746669,,,26/09/2016
010.033-16.99746670,,,26/09/2016
010.033-16.99746671,,,26/09/2016
010.033-16.99746672,,,26/09/2016
010.033-16.99746673,,,26/09/2016
010.033-16.99746674,,,26/09/2016
010.033-16.99746675,,,26/09/2016
010.033-16.99746676,,,26/09/2016
010.033-16.99746677,,,26/09/2016
010.033-16.99746678,,,26/09/2016
010.033-16.99746679,,,26/09/2016
010.033-16.99746680,,,26/09/2016
010.033-16.99746681,,,26/09/2016
010.033-16.99746682,,,26/09/2016
010.033-16.99746683,,,26/09/2016
010.033-16.99746684,,,26/09/2016
010.033-16.99746685,,,26/09/2016
010.033-16.99746686,,,26/09/2016
010.033-16.99746687,,,26/09/2016
010.033-16.99746688,,,26/09/2016
010.033-16.99746689,,,26/09/2016
010.033-16.99746690,,,26/09/2016
010.033-16.99746691,,,26/09/2016
010.033-16.99746692,,,26/09/2016
010.033-16.99746693,,,26/09/2016
010.033-16.99746694,,,26/09/2016
010.033-16.99746695,,,26/09/2016
010.033-16.99746696,,,26/09/2016
010.033-16.99746697,,,26/09/2016
010.033-16.99746698,,,26/09/2016
010.033-16.99746699,,,26/09/2016
010.033-16.99746700,,,26/09/2016
010.033-16.99746701,,,26/09/2016
010.033-16.99746702,,,26/09/2016
010.033-16.99746703,,,26/09/2016
010.033-16.99746704,,,26/09/2016
010.033-16.99746705,,,26/09/2016
010.033-16.99746706,,,26/09/2016
010.033-16.99746707,,,26/09/2016
010.033-16.99746708,,,26/09/2016
010.033-16.99746709,,,26/09/2016
010.033-16.99746710,,,26/09/2016
010.033-16.99746711,,,26/09/2016
010.033-16.99748329,,,26/09/2016
010.033-16.99748330,,,26/09/2016
010.033-16.99748331,,,26/09/2016
010.033-16.99748332,,,26/09/2016
010.033-16.99748333,,,26/09/2016
010.033-16.99748334,,,26/09/2016
010.033-16.99748335,,,26/09/2016
010.033-16.99748336,,,26/09/2016
010.033-16.99748337,,,26/09/2016
010.033-16.99748338,,,26/09/2016
010.033-16.99748339,,,26/09/2016
010.033-16.99748340,,,26/09/2016
010.033-16.99748341,,,26/09/2016
010.033-16.99748342,,,26/09/2016
010.033-16.99748343,,,26/09/2016
010.033-16.99748344,,,26/09/2016
010.033-16.99748345,,,26/09/2016
010.033-16.99748346,,,26/09/2016
010.033-16.99748347,,,26/09/2016
010.033-16.99748348,,,26/09/2016
010.033-16.99748349,,,26/09/2016
010.033-16.99748350,,,26/09/2016
010.033-16.99748351,,,26/09/2016
010.033-16.99748352,,,26/09/2016
010.033-16.99748353,,,26/09/2016
010.033-16.99748354,,,26/09/2016
010.033-16.99748355,,,26/09/2016
010.033-16.99748356,,,26/09/2016
010.033-16.99748357,,,26/09/2016
010.033-16.99748358,,,26/09/2016
010.033-16.99748359,,,26/09/2016
010.033-16.99748360,,,26/09/2016
010.033-16.99748361,,,26/09/2016
010.033-16.99748362,,,26/09/2016
010.033-16.99748363,,,26/09/2016
010.033-16.99748364,,,26/09/2016
010.033-16.99748365,,,26/09/2016
010.033-16.99748366,,,26/09/2016
010.033-16.99748367,,,26/09/2016
010.033-16.99748368,,,26/09/2016
010.033-16.99748369,,,26/09/2016
010.033-16.99748370,,,26/09/2016
010.033-16.99748371,,,26/09/2016
010.033-16.99748372,,,26/09/2016
010.033-16.99748373,,,26/09/2016
010.033-16.99748374,,,26/09/2016
010.033-16.99748375,,,26/09/2016
010.033-16.99748376,,,26/09/2016
010.033-16.99748377,,,26/09/2016
010.033-16.99748378,,,26/09/2016
010.033-16.99748379,,,26/09/2016
010.033-16.99748380,,,26/09/2016
010.033-16.99748381,,,26/09/2016
010.033-16.99748382,,,26/09/2016
010.033-16.99748383,,,26/09/2016
010.033-16.99748384,,,26/09/2016
010.033-16.99748385,,,26/09/2016
010.033-16.99748386,,,26/09/2016
010.033-16.99748387,,,26/09/2016
010.033-16.99748388,,,26/09/2016
010.033-16.99748389,,,26/09/2016
010.033-16.99748390,,,26/09/2016
010.033-16.99748391,,,26/09/2016
010.033-16.99748392,,,26/09/2016
010.033-16.99748393,,,26/09/2016
010.033-16.99748394,,,26/09/2016
010.033-16.99748395,,,26/09/2016
010.033-16.99748396,,,26/09/2016
010.033-16.99748397,,,26/09/2016
010.033-16.99748398,,,26/09/2016
010.033-16.99748399,,,26/09/2016
010.033-16.99748400,,,26/09/2016
010.033-16.99748401,,,26/09/2016
010.033-16.99748402,,,26/09/2016
010.033-16.99748403,,,26/09/2016
010.033-16.99748404,,,26/09/2016
010.033-16.99748405,,,26/09/2016
010.033-16.99748406,,,26/09/2016
010.033-16.99748407,,,26/09/2016
010.033-16.99748408,,,26/09/2016
010.033-16.99748409,,,26/09/2016
010.033-16.99748410,,,26/09/2016
010.033-16.99748411,,,26/09/2016
010.033-16.99748412,,,26/09/2016
010.033-16.99748413,,,26/09/2016
010.033-16.99748414,,,26/09/2016
010.033-16.99748415,,,26/09/2016
010.033-16.99748416,,,26/09/2016
010.033-16.99761890,,,26/09/2016
010.033-16.99761891,,,26/09/2016
010.033-16.99761892,,,26/09/2016
010.033-16.99761893,,,26/09/2016
010.033-16.99761894,,,26/09/2016
010.033-16.99761895,,,26/09/2016
010.033-16.99761896,,,26/09/2016
010.033-16.99761897,,,26/09/2016
010.033-16.99761898,,,26/09/2016
010.033-16.99761899,,,26/09/2016
010.033-16.99761900,,,26/09/2016
010.033-16.99761901,,,26/09/2016
010.033-16.99761902,,,26/09/2016
010.033-16.99761903,,,26/09/2016
010.033-16.99761904,,,26/09/2016
010.033-16.99761905,,,26/09/2016
010.033-16.99761906,,,26/09/2016
010.033-16.99761907,,,26/09/2016
010.033-16.99761908,,,26/09/2016
010.033-16.99761909,,,26/09/2016
010.033-16.99761910,,,26/09/2016
010.033-16.99761911,,,26/09/2016
010.033-16.99761912,,,26/09/2016
010.033-16.99761913,,,26/09/2016
010.033-16.99761914,,,26/09/2016
010.033-16.99761915,,,26/09/2016
010.033-16.99761916,,,26/09/2016
010.033-16.99761917,,,26/09/2016
010.033-16.99761918,,,26/09/2016
010.033-16.99761919,,,26/09/2016
010.033-16.99761920,,,26/09/2016
010.033-16.99761921,,,26/09/2016
010.033-16.99761922,,,26/09/2016
010.033-16.99761923,,,26/09/2016
010.033-16.99761924,,,26/09/2016
010.033-16.99761925,,,26/09/2016
010.033-16.99761926,,,26/09/2016
010.033-16.99761927,,,26/09/2016
010.033-16.99761928,,,26/09/2016
010.033-16.99761929,,,26/09/2016
010.033-16.99761930,,,26/09/2016
010.033-16.99761931,,,26/09/2016
010.033-16.99761932,,,26/09/2016
010.033-16.99761933,,,26/09/2016
010.033-16.99761934,,,26/09/2016
010.033-16.99761935,,,26/09/2016
010.033-16.99761936,,,26/09/2016
010.033-16.99761937,,,26/09/2016
010.033-16.99761938,,,26/09/2016
010.033-16.99761939,,,26/09/2016
010.033-16.99761940,,,26/09/2016
010.033-16.99761941,,,26/09/2016
010.033-16.99761942,,,26/09/2016
010.033-16.99761943,,,26/09/2016
010.033-16.99761944,,,26/09/2016
010.033-16.99761945,,,26/09/2016
010.033-16.99761946,,,26/09/2016
010.033-16.99761947,,,26/09/2016
010.033-16.99761948,,,26/09/2016
010.033-16.99761949,,,26/09/2016
010.033-16.99761950,,,26/09/2016
010.033-16.99761951,,,26/09/2016
010.033-16.99761952,,,26/09/2016
010.033-16.99761953,,,26/09/2016
010.033-16.99761954,,,26/09/2016
010.033-16.99761955,,,26/09/2016
010.033-16.99761956,,,26/09/2016
010.033-16.99761957,,,26/09/2016
010.033-16.99761958,,,26/09/2016
010.033-16.99761959,,,26/09/2016
010.033-16.99761960,,,26/09/2016
010.033-16.99761961,,,26/09/2016
010.033-16.99761962,,,26/09/2016
010.033-16.99761963,,,26/09/2016
010.033-16.99761964,,,26/09/2016
010.033-16.99761965,,,26/09/2016
010.033-16.99761966,,,26/09/2016
010.033-16.99761967,,,26/09/2016
010.033-16.99761968,,,26/09/2016
010.033-16.99761969,,,26/09/2016
010.033-16.99761970,,,26/09/2016
010.033-16.99761971,,,26/09/2016
010.033-16.99761972,,,26/09/2016
010.033-16.99761973,,,26/09/2016
010.033-16.99761974,,,26/09/2016
010.033-16.99761975,,,26/09/2016
010.033-16.99761976,,,26/09/2016
010.033-16.99761977,,,26/09/2016
010.033-16.99763718,,,26/09/2016
010.033-16.99763719,,,26/09/2016
010.033-16.99763720,,,26/09/2016
010.033-16.99763721,,,26/09/2016
010.033-16.99763722,,,26/09/2016
010.033-16.99763723,,,26/09/2016
010.033-16.99763724,,,26/09/2016
010.033-16.99763725,,,26/09/2016
010.033-16.99763726,,,26/09/2016
010.033-16.99763727,,,26/09/2016
010.033-16.99763728,,,26/09/2016
010.033-16.99763729,,,26/09/2016
010.033-16.99763730,,,26/09/2016
010.033-16.99763731,,,26/09/2016
010.033-16.99763732,,,26/09/2016
010.033-16.99763733,,,26/09/2016
010.033-16.99763734,,,26/09/2016
010.033-16.99763735,,,26/09/2016
010.033-16.99763736,,,26/09/2016
010.033-16.99763737,,,26/09/2016
010.033-16.99763738,,,26/09/2016
010.033-16.99763739,,,26/09/2016
010.033-16.99763740,,,26/09/2016
010.033-16.99763741,,,26/09/2016
010.033-16.99763742,,,26/09/2016
010.033-16.99763743,,,26/09/2016
010.033-16.99763744,,,26/09/2016
010.033-16.99763745,,,26/09/2016
010.033-16.99763746,,,26/09/2016
010.033-16.99763747,,,26/09/2016
010.033-16.99763748,,,26/09/2016
010.033-16.99763749,,,26/09/2016
010.033-16.99763750,,,26/09/2016
010.033-16.99763751,,,26/09/2016
010.033-16.99763752,,,26/09/2016
010.033-16.99763753,,,26/09/2016
010.033-16.99763754,,,26/09/2016
010.033-16.99763755,,,26/09/2016
010.033-16.99763756,,,26/09/2016
010.033-16.99763757,,,26/09/2016
010.033-16.99763758,,,26/09/2016
010.033-16.99763759,,,26/09/2016
010.033-16.99763760,,,26/09/2016
010.033-16.99763761,,,26/09/2016
010.033-16.99763762,,,26/09/2016
010.033-16.99763763,,,26/09/2016
010.033-16.99763764,,,26/09/2016
010.033-16.99763765,,,26/09/2016
010.033-16.99763766,,,26/09/2016
010.033-16.99763767,,,26/09/2016
010.033-16.99763768,,,26/09/2016
010.033-16.99763769,,,26/09/2016
010.033-16.99763770,,,26/09/2016
010.033-16.99763771,,,26/09/2016
010.033-16.99763772,,,26/09/2016
010.033-16.99763773,,,26/09/2016
010.033-16.99763774,,,26/09/2016
010.033-16.99763775,,,26/09/2016
010.033-16.99763776,,,26/09/2016
010.033-16.99763777,,,26/09/2016
010.033-16.99763778,,,26/09/2016
010.033-16.99763779,,,26/09/2016
010.033-16.99763780,,,26/09/2016
010.033-16.99763781,,,26/09/2016
010.033-16.99763782,,,26/09/2016
010.033-16.99763783,,,26/09/2016
010.033-16.99763784,,,26/09/2016
010.033-16.99763785,,,26/09/2016
010.033-16.99763786,,,26/09/2016
010.033-16.99763787,,,26/09/2016
010.033-16.99763788,,,26/09/2016
010.033-16.99763789,,,26/09/2016
010.033-16.99763790,,,26/09/2016
010.033-16.99763791,,,26/09/2016
010.033-16.99763792,,,26/09/2016
010.033-16.99763793,,,26/09/2016
010.033-16.99763794,,,26/09/2016
010.033-16.99763795,,,26/09/2016
010.033-16.99763796,,,26/09/2016
010.033-16.99763797,,,26/09/2016
010.033-16.99763798,,,26/09/2016
010.033-16.99763799,,,26/09/2016
010.033-16.99763800,,,26/09/2016
010.033-16.99763801,,,26/09/2016
010.033-16.99763802,,,26/09/2016
010.033-16.99763803,,,26/09/2016
010.033-16.99763804,,,26/09/2016
010.033-16.99763805,,,26/09/2016
010.033-16.99757932,,,26/09/2016
010.033-16.99757933,,,26/09/2016
010.033-16.99757934,,,26/09/2016
010.033-16.99757935,,,26/09/2016
010.033-16.99757936,,,26/09/2016
010.033-16.99757937,,,26/09/2016
010.033-16.99757938,,,26/09/2016
010.033-16.99757939,,,26/09/2016
010.033-16.99757940,,,26/09/2016
010.033-16.99757941,,,26/09/2016
010.033-16.99757942,,,26/09/2016
010.033-16.99757943,,,26/09/2016
010.033-16.99757944,,,26/09/2016
010.033-16.99757945,,,26/09/2016
010.033-16.99757946,,,26/09/2016
010.033-16.99757947,,,26/09/2016
010.033-16.99757948,,,26/09/2016
010.033-16.99757949,,,26/09/2016
010.033-16.99757950,,,26/09/2016
010.033-16.99757951,,,26/09/2016
010.033-16.99757952,,,26/09/2016
010.033-16.99757953,,,26/09/2016
010.033-16.99757954,,,26/09/2016
010.033-16.99757955,,,26/09/2016
010.033-16.99757956,,,26/09/2016
010.033-16.99757957,,,26/09/2016
010.033-16.99757958,,,26/09/2016
010.033-16.99757959,,,26/09/2016
010.033-16.99757960,,,26/09/2016
010.033-16.99757961,,,26/09/2016
010.033-16.99757962,,,26/09/2016
010.033-16.99757963,,,26/09/2016
010.033-16.99757964,,,26/09/2016
010.033-16.99757965,,,26/09/2016
010.033-16.99757966,,,26/09/2016
010.033-16.99757967,,,26/09/2016
010.033-16.99757968,,,26/09/2016
010.033-16.99757969,,,26/09/2016
010.033-16.99757970,,,26/09/2016
010.033-16.99757971,,,26/09/2016
010.033-16.99757972,,,26/09/2016
010.033-16.99757973,,,26/09/2016
010.033-16.99757974,,,26/09/2016
010.033-16.99757975,,,26/09/2016
010.033-16.99757976,,,26/09/2016
010.033-16.99757977,,,26/09/2016
010.033-16.99757978,,,26/09/2016
010.033-16.99757979,,,26/09/2016
010.033-16.99757980,,,26/09/2016
010.033-16.99757981,,,26/09/2016
010.033-16.99757982,,,26/09/2016
010.033-16.99757983,,,26/09/2016
010.033-16.99757984,,,26/09/2016
010.033-16.99757985,,,26/09/2016
010.033-16.99757986,,,26/09/2016
010.033-16.99757987,,,26/09/2016
010.033-16.99757988,,,26/09/2016
010.033-16.99757989,,,26/09/2016
010.033-16.99757990,,,26/09/2016
010.033-16.99757991,,,26/09/2016
010.033-16.99757992,,,26/09/2016
010.033-16.99757993,,,26/09/2016
010.033-16.99757994,,,26/09/2016
010.033-16.99757995,,,26/09/2016
010.033-16.99757996,,,26/09/2016
010.033-16.99757997,,,26/09/2016
010.033-16.99757998,,,26/09/2016
010.033-16.99757999,,,26/09/2016
010.033-16.99758000,,,26/09/2016
010.033-16.99758001,,,26/09/2016
010.033-16.99758002,,,26/09/2016
010.033-16.99758003,,,26/09/2016
010.033-16.99758004,,,26/09/2016
010.033-16.99758005,,,26/09/2016
010.033-16.99758006,,,26/09/2016
010.033-16.99758007,,,26/09/2016
010.033-16.99758008,,,26/09/2016
010.033-16.99758009,,,26/09/2016
010.033-16.99758010,,,26/09/2016
010.033-16.99758011,,,26/09/2016
010.033-16.99758012,,,26/09/2016
010.033-16.99758013,,,26/09/2016
010.033-16.99758014,,,26/09/2016
010.033-16.99758015,,,26/09/2016
010.033-16.99758016,,,26/09/2016
010.033-16.99758017,,,26/09/2016
010.033-16.99758018,,,26/09/2016
010.033-16.99758019,,,26/09/2016
010.033-16.99750353,,,26/09/2016
010.033-16.99750354,,,26/09/2016
010.033-16.99750355,,,26/09/2016
010.033-16.99750356,,,26/09/2016
010.033-16.99750357,,,26/09/2016
010.033-16.99750358,,,26/09/2016
010.033-16.99750359,,,26/09/2016
010.033-16.99750360,,,26/09/2016
010.033-16.99750361,,,26/09/2016
010.033-16.99750362,,,26/09/2016
010.033-16.99750363,,,26/09/2016
010.033-16.99750364,,,26/09/2016
010.033-16.99750365,,,26/09/2016
010.033-16.99750366,,,26/09/2016
010.033-16.99750367,,,26/09/2016
010.033-16.99750368,,,26/09/2016
010.033-16.99750369,,,26/09/2016
010.033-16.99750370,,,26/09/2016
010.033-16.99750371,,,26/09/2016
010.033-16.99750372,,,26/09/2016
010.033-16.99750373,,,26/09/2016
010.033-16.99750374,,,26/09/2016
010.033-16.99750375,,,26/09/2016
010.033-16.99750376,,,26/09/2016
010.033-16.99750377,,,26/09/2016
010.033-16.99750378,,,26/09/2016
010.033-16.99750379,,,26/09/2016
010.033-16.99750380,,,26/09/2016
010.033-16.99750381,,,26/09/2016
010.033-16.99750382,,,26/09/2016
010.033-16.99750383,,,26/09/2016
010.033-16.99750384,,,26/09/2016
010.033-16.99750385,,,26/09/2016
010.033-16.99750386,,,26/09/2016
010.033-16.99750387,,,26/09/2016
010.033-16.99750388,,,26/09/2016
010.033-16.99750389,,,26/09/2016
010.033-16.99750390,,,26/09/2016
010.033-16.99750391,,,26/09/2016
010.033-16.99750392,,,26/09/2016
010.033-16.99750393,,,26/09/2016
010.033-16.99750394,,,26/09/2016
010.033-16.99750395,,,26/09/2016
010.033-16.99750396,,,26/09/2016
010.033-16.99750397,,,26/09/2016
010.033-16.99750398,,,26/09/2016
010.033-16.99750399,,,26/09/2016
010.033-16.99750400,,,26/09/2016
010.033-16.99750401,,,26/09/2016
010.033-16.99750402,,,26/09/2016
010.033-16.99750403,,,26/09/2016
010.033-16.99750404,,,26/09/2016
010.033-16.99750405,,,26/09/2016
010.033-16.99750406,,,26/09/2016
010.033-16.99750407,,,26/09/2016
010.033-16.99750408,,,26/09/2016
010.033-16.99750409,,,26/09/2016
010.033-16.99750410,,,26/09/2016
010.033-16.99750411,,,26/09/2016
010.033-16.99750412,,,26/09/2016
010.033-16.99750413,,,26/09/2016
010.033-16.99750414,,,26/09/2016
010.033-16.99750415,,,26/09/2016
010.033-16.99750416,,,26/09/2016
010.033-16.99750417,,,26/09/2016
010.033-16.99750418,,,26/09/2016
010.033-16.99750419,,,26/09/2016
010.033-16.99750420,,,26/09/2016
010.033-16.99750421,,,26/09/2016
010.033-16.99750422,,,26/09/2016
010.033-16.99750423,,,26/09/2016
010.033-16.99750424,,,26/09/2016
010.033-16.99750425,,,26/09/2016
010.033-16.99750426,,,26/09/2016
010.033-16.99750427,,,26/09/2016
010.033-16.99750428,,,26/09/2016
010.033-16.99750429,,,26/09/2016
010.033-16.99750430,,,26/09/2016
010.033-16.99750431,,,26/09/2016
010.033-16.99750432,,,26/09/2016
010.033-16.99750433,,,26/09/2016
010.033-16.99750434,,,26/09/2016
010.033-16.99750435,,,26/09/2016
010.033-16.99750436,,,26/09/2016
010.033-16.99750437,,,26/09/2016
010.033-16.99750438,,,26/09/2016
010.033-16.99750439,,,26/09/2016
010.033-16.99750440,,,26/09/2016
010.033-16.99758548,,,26/09/2016
010.033-16.99758549,,,26/09/2016
010.033-16.99758550,,,26/09/2016
010.033-16.99758551,,,26/09/2016
010.033-16.99758552,,,26/09/2016
010.033-16.99758553,,,26/09/2016
010.033-16.99758554,,,26/09/2016
010.033-16.99758555,,,26/09/2016
010.033-16.99758556,,,26/09/2016
010.033-16.99758557,,,26/09/2016
010.033-16.99758558,,,26/09/2016
010.033-16.99758559,,,26/09/2016
010.033-16.99758560,,,26/09/2016
010.033-16.99758561,,,26/09/2016
010.033-16.99758562,,,26/09/2016
010.033-16.99758563,,,26/09/2016
010.033-16.99758564,,,26/09/2016
010.033-16.99758565,,,26/09/2016
010.033-16.99758566,,,26/09/2016
010.033-16.99758567,,,26/09/2016
010.033-16.99758568,,,26/09/2016
010.033-16.99758569,,,26/09/2016
010.033-16.99758570,,,26/09/2016
010.033-16.99758571,,,26/09/2016
010.033-16.99758572,,,26/09/2016
010.033-16.99758573,,,26/09/2016
010.033-16.99758574,,,26/09/2016
010.033-16.99758575,,,26/09/2016
010.033-16.99758576,,,26/09/2016
010.033-16.99758577,,,26/09/2016
010.033-16.99758578,,,26/09/2016
010.033-16.99758579,,,26/09/2016
010.033-16.99758580,,,26/09/2016
010.033-16.99758581,,,26/09/2016
010.033-16.99758582,,,26/09/2016
010.033-16.99758583,,,26/09/2016
010.033-16.99758584,,,26/09/2016
010.033-16.99758585,,,26/09/2016
010.033-16.99758586,,,26/09/2016
010.033-16.99758587,,,26/09/2016
010.033-16.99758588,,,26/09/2016
010.033-16.99758589,,,26/09/2016
010.033-16.99758590,,,26/09/2016
010.033-16.99758591,,,26/09/2016
010.033-16.99758592,,,26/09/2016
010.033-16.99758593,,,26/09/2016
010.033-16.99758594,,,26/09/2016
010.033-16.99758595,,,26/09/2016
010.033-16.99758596,,,26/09/2016
010.033-16.99758597,,,26/09/2016
010.033-16.99758598,,,26/09/2016
010.033-16.99758599,,,26/09/2016
010.033-16.99758600,,,26/09/2016
010.033-16.99758601,,,26/09/2016
010.033-16.99758602,,,26/09/2016
010.033-16.99758603,,,26/09/2016
010.033-16.99758604,,,26/09/2016
010.033-16.99758605,,,26/09/2016
010.033-16.99758606,,,26/09/2016
010.033-16.99758607,,,26/09/2016
010.033-16.99758608,,,26/09/2016
010.033-16.99758609,,,26/09/2016
010.033-16.99758610,,,26/09/2016
010.033-16.99758611,,,26/09/2016
010.033-16.99758612,,,26/09/2016
010.033-16.99758613,,,26/09/2016
010.033-16.99758614,,,26/09/2016
010.033-16.99758615,,,26/09/2016
010.033-16.99758616,,,26/09/2016
010.033-16.99758617,,,26/09/2016
010.033-16.99758618,,,26/09/2016
010.033-16.99758619,,,26/09/2016
010.033-16.99758620,,,26/09/2016
010.033-16.99758621,,,26/09/2016
010.033-16.99758622,,,26/09/2016
010.033-16.99758623,,,26/09/2016
010.033-16.99758624,,,26/09/2016
010.033-16.99758625,,,26/09/2016
010.033-16.99758626,,,26/09/2016
010.033-16.99758627,,,26/09/2016
010.033-16.99758628,,,26/09/2016
010.033-16.99758629,,,26/09/2016
010.033-16.99758630,,,26/09/2016
010.033-16.99758631,,,26/09/2016
010.033-16.99758632,,,26/09/2016
010.033-16.99758633,,,26/09/2016
010.033-16.99758634,,,26/09/2016
010.033-16.99758635,,,26/09/2016
010.033-16.99744864,,,26/09/2016
010.033-16.99744865,,,26/09/2016
010.033-16.99744866,,,26/09/2016
010.033-16.99744867,,,26/09/2016
010.033-16.99744868,,,26/09/2016
010.033-16.99744869,,,26/09/2016
010.033-16.99744870,,,26/09/2016
010.033-16.99744871,,,26/09/2016
010.033-16.99744872,,,26/09/2016
010.033-16.99744873,,,26/09/2016
010.033-16.99744874,,,26/09/2016
010.033-16.99744875,,,26/09/2016
010.033-16.99744876,,,26/09/2016
010.033-16.99744877,,,26/09/2016
010.033-16.99744878,,,26/09/2016
010.033-16.99744879,,,26/09/2016
010.033-16.99744880,,,26/09/2016
010.033-16.99744881,,,26/09/2016
010.033-16.99744882,,,26/09/2016
010.033-16.99744883,,,26/09/2016
010.033-16.99744884,,,26/09/2016
010.033-16.99744885,,,26/09/2016
010.033-16.99744886,,,26/09/2016
010.033-16.99744887,,,26/09/2016
010.033-16.99744888,,,26/09/2016
010.033-16.99744889,,,26/09/2016
010.033-16.99744890,,,26/09/2016
010.033-16.99744891,,,26/09/2016
010.033-16.99744892,,,26/09/2016
010.033-16.99744893,,,26/09/2016
010.033-16.99744894,,,26/09/2016
010.033-16.99744895,,,26/09/2016
010.033-16.99744896,,,26/09/2016
010.033-16.99744897,,,26/09/2016
010.033-16.99744898,,,26/09/2016
010.033-16.99744899,,,26/09/2016
010.033-16.99744900,,,26/09/2016
010.033-16.99744901,,,26/09/2016
010.033-16.99744902,,,26/09/2016
010.033-16.99744903,,,26/09/2016
010.033-16.99744904,,,26/09/2016
010.033-16.99744905,,,26/09/2016
010.033-16.99744906,,,26/09/2016
010.033-16.99744907,,,26/09/2016
010.033-16.99744908,,,26/09/2016
010.033-16.99744909,,,26/09/2016
010.033-16.99744910,,,26/09/2016
010.033-16.99744911,,,26/09/2016
010.033-16.99744912,,,26/09/2016
010.033-16.99744913,,,26/09/2016
010.033-16.99744914,,,26/09/2016
010.033-16.99744915,,,26/09/2016
010.033-16.99744916,,,26/09/2016
010.033-16.99744917,,,26/09/2016
010.033-16.99744918,,,26/09/2016
010.033-16.99744919,,,26/09/2016
010.033-16.99744920,,,26/09/2016
010.033-16.99744921,,,26/09/2016
010.033-16.99744922,,,26/09/2016
010.033-16.99744923,,,26/09/2016
010.033-16.99744924,,,26/09/2016
010.033-16.99744925,,,26/09/2016
010.033-16.99744926,,,26/09/2016
010.033-16.99744927,,,26/09/2016
010.033-16.99744928,,,26/09/2016
010.033-16.99744929,,,26/09/2016
010.033-16.99744930,,,26/09/2016
010.033-16.99744931,,,26/09/2016
010.033-16.99744932,,,26/09/2016
010.033-16.99744933,,,26/09/2016
010.033-16.99744934,,,26/09/2016
010.033-16.99744935,,,26/09/2016
010.033-16.99744936,,,26/09/2016
010.033-16.99744937,,,26/09/2016
010.033-16.99744938,,,26/09/2016
010.033-16.99744939,,,26/09/2016
010.033-16.99744940,,,26/09/2016
010.033-16.99744941,,,26/09/2016
010.033-16.99744942,,,26/09/2016
010.033-16.99744943,,,26/09/2016
010.033-16.99744944,,,26/09/2016
010.033-16.99744945,,,26/09/2016
010.033-16.99744946,,,26/09/2016
010.033-16.99744947,,,26/09/2016
010.033-16.99744948,,,26/09/2016
010.033-16.99744949,,,26/09/2016
010.033-16.99744950,,,26/09/2016
010.033-16.99744951,,,26/09/2016
010.033-16.99751706,,,26/09/2016
010.033-16.99751707,,,26/09/2016
010.033-16.99751708,,,26/09/2016
010.033-16.99751709,,,26/09/2016
010.033-16.99751710,,,26/09/2016
010.033-16.99751711,,,26/09/2016
010.033-16.99751712,,,26/09/2016
010.033-16.99751713,,,26/09/2016
010.033-16.99751714,,,26/09/2016
010.033-16.99751715,,,26/09/2016
010.033-16.99751716,,,26/09/2016
010.033-16.99751717,,,26/09/2016
010.033-16.99751718,,,26/09/2016
010.033-16.99751719,,,26/09/2016
010.033-16.99751720,,,26/09/2016
010.033-16.99751721,,,26/09/2016
010.033-16.99751722,,,26/09/2016
010.033-16.99751723,,,26/09/2016
010.033-16.99751724,,,26/09/2016
010.033-16.99751725,,,26/09/2016
010.033-16.99751726,,,26/09/2016
010.033-16.99751727,,,26/09/2016
010.033-16.99751728,,,26/09/2016
010.033-16.99751729,,,26/09/2016
010.033-16.99751730,,,26/09/2016
010.033-16.99751731,,,26/09/2016
010.033-16.99751732,,,26/09/2016
010.033-16.99751733,,,26/09/2016
010.033-16.99751734,,,26/09/2016
010.033-16.99751735,,,26/09/2016
010.033-16.99751736,,,26/09/2016
010.033-16.99751737,,,26/09/2016
010.033-16.99751738,,,26/09/2016
010.033-16.99751739,,,26/09/2016
010.033-16.99751740,,,26/09/2016
010.033-16.99751741,,,26/09/2016
010.033-16.99751742,,,26/09/2016
010.033-16.99751743,,,26/09/2016
010.033-16.99751744,,,26/09/2016
010.033-16.99751745,,,26/09/2016
010.033-16.99751746,,,26/09/2016
010.033-16.99751747,,,26/09/2016
010.033-16.99751748,,,26/09/2016
010.033-16.99751749,,,26/09/2016
010.033-16.99751750,,,26/09/2016
010.033-16.99751751,,,26/09/2016
010.033-16.99751752,,,26/09/2016
010.033-16.99751753,,,26/09/2016
010.033-16.99751754,,,26/09/2016
010.033-16.99751755,,,26/09/2016
010.033-16.99751756,,,26/09/2016
010.033-16.99751757,,,26/09/2016
010.033-16.99751758,,,26/09/2016
010.033-16.99751759,,,26/09/2016
010.033-16.99751760,,,26/09/2016
010.033-16.99751761,,,26/09/2016
010.033-16.99751762,,,26/09/2016
010.033-16.99751763,,,26/09/2016
010.033-16.99751764,,,26/09/2016
010.033-16.99751765,,,26/09/2016
010.033-16.99751766,,,26/09/2016
010.033-16.99751767,,,26/09/2016
010.033-16.99751768,,,26/09/2016
010.033-16.99751769,,,26/09/2016
010.033-16.99751770,,,26/09/2016
010.033-16.99751771,,,26/09/2016
010.033-16.99751772,,,26/09/2016
010.033-16.99751773,,,26/09/2016
010.033-16.99751774,,,26/09/2016
010.033-16.99751775,,,26/09/2016
010.033-16.99751776,,,26/09/2016
010.033-16.99751777,,,26/09/2016
010.033-16.99751778,,,26/09/2016
010.033-16.99751779,,,26/09/2016
010.033-16.99751780,,,26/09/2016
010.033-16.99751781,,,26/09/2016
010.033-16.99751782,,,26/09/2016
010.033-16.99751783,,,26/09/2016
010.033-16.99751784,,,26/09/2016
010.033-16.99751785,,,26/09/2016
010.033-16.99751786,,,26/09/2016
010.033-16.99751787,,,26/09/2016
010.033-16.99751788,,,26/09/2016
010.033-16.99751789,,,26/09/2016
010.033-16.99751790,,,26/09/2016
010.033-16.99751791,,,26/09/2016
010.033-16.99751792,,,26/09/2016
010.033-16.99751793,,,26/09/2016
010.033-16.99746712,,,26/09/2016
010.033-16.99746713,,,26/09/2016
010.033-16.99746714,,,26/09/2016
010.033-16.99746715,,,26/09/2016
010.033-16.99746716,,,26/09/2016
010.033-16.99746717,,,26/09/2016
010.033-16.99746718,,,26/09/2016
010.033-16.99746719,,,26/09/2016
010.033-16.99746720,,,26/09/2016
010.033-16.99746721,,,26/09/2016
010.033-16.99746722,,,26/09/2016
010.033-16.99746723,,,26/09/2016
010.033-16.99746724,,,26/09/2016
010.033-16.99746725,,,26/09/2016
010.033-16.99746726,,,26/09/2016
010.033-16.99746727,,,26/09/2016
010.033-16.99746728,,,26/09/2016
010.033-16.99746729,,,26/09/2016
010.033-16.99746730,,,26/09/2016
010.033-16.99746731,,,26/09/2016
010.033-16.99746732,,,26/09/2016
010.033-16.99746733,,,26/09/2016
010.033-16.99746734,,,26/09/2016
010.033-16.99746735,,,26/09/2016
010.033-16.99746736,,,26/09/2016
010.033-16.99746737,,,26/09/2016
010.033-16.99746738,,,26/09/2016
010.033-16.99746739,,,26/09/2016
010.033-16.99746740,,,26/09/2016
010.033-16.99746741,,,26/09/2016
010.033-16.99746742,,,26/09/2016
010.033-16.99746743,,,26/09/2016
010.033-16.99746744,,,26/09/2016
010.033-16.99746745,,,26/09/2016
010.033-16.99746746,,,26/09/2016
010.033-16.99746747,,,26/09/2016
010.033-16.99746748,,,26/09/2016
010.033-16.99746749,,,26/09/2016
010.033-16.99746750,,,26/09/2016
010.033-16.99746751,,,26/09/2016
010.033-16.99746752,,,26/09/2016
010.033-16.99746753,,,26/09/2016
010.033-16.99746754,,,26/09/2016
010.033-16.99746755,,,26/09/2016
010.033-16.99746756,,,26/09/2016
010.033-16.99746757,,,26/09/2016
010.033-16.99746758,,,26/09/2016
010.033-16.99746759,,,26/09/2016
010.033-16.99746760,,,26/09/2016
010.033-16.99746761,,,26/09/2016
010.033-16.99746762,,,26/09/2016
010.033-16.99746763,,,26/09/2016
010.033-16.99746764,,,26/09/2016
010.033-16.99746765,,,26/09/2016
010.033-16.99746766,,,26/09/2016
010.033-16.99746767,,,26/09/2016
010.033-16.99746768,,,26/09/2016
010.033-16.99746769,,,26/09/2016
010.033-16.99746770,,,26/09/2016
010.033-16.99746771,,,26/09/2016
010.033-16.99746772,,,26/09/2016
010.033-16.99746773,,,26/09/2016
010.033-16.99746774,,,26/09/2016
010.033-16.99746775,,,26/09/2016
010.033-16.99746776,,,26/09/2016
010.033-16.99746777,,,26/09/2016
010.033-16.99746778,,,26/09/2016
010.033-16.99746779,,,26/09/2016
010.033-16.99746780,,,26/09/2016
010.033-16.99746781,,,26/09/2016
010.033-16.99746782,,,26/09/2016
010.033-16.99746783,,,26/09/2016
010.033-16.99746784,,,26/09/2016
010.033-16.99746785,,,26/09/2016
010.033-16.99746786,,,26/09/2016
010.033-16.99746787,,,26/09/2016
010.033-16.99746788,,,26/09/2016
010.033-16.99746789,,,26/09/2016
010.033-16.99746790,,,26/09/2016
010.033-16.99746791,,,26/09/2016
010.033-16.99746792,,,26/09/2016
010.033-16.99746793,,,26/09/2016
010.033-16.99746794,,,26/09/2016
010.033-16.99746795,,,26/09/2016
010.033-16.99746796,,,26/09/2016
010.033-16.99746797,,,26/09/2016
010.033-16.99746798,,,26/09/2016
010.033-16.99746799,,,26/09/2016
010.033-16.99743951,,,26/09/2016
010.033-16.99743952,,,26/09/2016
010.033-16.99743953,,,26/09/2016
010.033-16.99743954,,,26/09/2016
010.033-16.99743955,,,26/09/2016
010.033-16.99743956,,,26/09/2016
010.033-16.99743957,,,26/09/2016
010.033-16.99743958,,,26/09/2016
010.033-16.99743959,,,26/09/2016
010.033-16.99743960,,,26/09/2016
010.033-16.99743961,,,26/09/2016
010.033-16.99743962,,,26/09/2016
010.033-16.99743963,,,26/09/2016
010.033-16.99743964,,,26/09/2016
010.033-16.99743965,,,26/09/2016
010.033-16.99743966,,,26/09/2016
010.033-16.99743967,,,26/09/2016
010.033-16.99743968,,,26/09/2016
010.033-16.99743969,,,26/09/2016
010.033-16.99743970,,,26/09/2016
010.033-16.99743971,,,26/09/2016
010.033-16.99743972,,,26/09/2016
010.033-16.99743973,,,26/09/2016
010.033-16.99743974,,,26/09/2016
010.033-16.99743975,,,26/09/2016
010.033-16.99743976,,,26/09/2016
010.033-16.99743977,,,26/09/2016
010.033-16.99743978,,,26/09/2016
010.033-16.99743979,,,26/09/2016
010.033-16.99743980,,,26/09/2016
010.033-16.99743981,,,26/09/2016
010.033-16.99743982,,,26/09/2016
010.033-16.99743983,,,26/09/2016
010.033-16.99743984,,,26/09/2016
010.033-16.99743985,,,26/09/2016
010.033-16.99743986,,,26/09/2016
010.033-16.99743987,,,26/09/2016
010.033-16.99743988,,,26/09/2016
010.033-16.99743989,,,26/09/2016
010.033-16.99743990,,,26/09/2016
010.033-16.99743991,,,26/09/2016
010.033-16.99743992,,,26/09/2016
010.033-16.99743993,,,26/09/2016
010.033-16.99743994,,,26/09/2016
010.033-16.99743995,,,26/09/2016
010.033-16.99743996,,,26/09/2016
010.033-16.99743997,,,26/09/2016
010.033-16.99743998,,,26/09/2016
010.033-16.99743999,,,26/09/2016
010.033-16.99744000,,,26/09/2016
010.033-16.99744001,,,26/09/2016
010.033-16.99744002,,,26/09/2016
010.033-16.99744003,,,26/09/2016
010.033-16.99744004,,,26/09/2016
010.033-16.99744005,,,26/09/2016
010.033-16.99744006,,,26/09/2016
010.033-16.99744007,,,26/09/2016
010.033-16.99744008,,,26/09/2016
010.033-16.99744009,,,26/09/2016
010.033-16.99744010,,,26/09/2016
010.033-16.99744011,,,26/09/2016
010.033-16.99744012,,,26/09/2016
010.033-16.99744013,,,26/09/2016
010.033-16.99744014,,,26/09/2016
010.033-16.99744015,,,26/09/2016
010.033-16.99744016,,,26/09/2016
010.033-16.99744017,,,26/09/2016
010.033-16.99744018,,,26/09/2016
010.033-16.99744019,,,26/09/2016
010.033-16.99744020,,,26/09/2016
010.033-16.99744021,,,26/09/2016
010.033-16.99744022,,,26/09/2016
010.033-16.99744023,,,26/09/2016
010.033-16.99744024,,,26/09/2016
010.033-16.99744025,,,26/09/2016
010.033-16.99744026,,,26/09/2016
010.033-16.99744027,,,26/09/2016
010.033-16.99744028,,,26/09/2016
010.033-16.99744029,,,26/09/2016
010.033-16.99744030,,,26/09/2016
010.033-16.99744031,,,26/09/2016
010.033-16.99744032,,,26/09/2016
010.033-16.99744033,,,26/09/2016
010.033-16.99744034,,,26/09/2016
010.033-16.99744035,,,26/09/2016
010.033-16.99744036,,,26/09/2016
010.033-16.99744037,,,26/09/2016
010.033-16.99744038,,,26/09/2016
010.033-16.99760253,,,26/09/2016
010.033-16.99760254,,,26/09/2016
010.033-16.99760255,,,26/09/2016
010.033-16.99760256,,,26/09/2016
010.033-16.99760257,,,26/09/2016
010.033-16.99760258,,,26/09/2016
010.033-16.99760259,,,26/09/2016
010.033-16.99760260,,,26/09/2016
010.033-16.99760261,,,26/09/2016
010.033-16.99760262,,,26/09/2016
010.033-16.99760263,,,26/09/2016
010.033-16.99760264,,,26/09/2016
010.033-16.99760265,,,26/09/2016
010.033-16.99760266,,,26/09/2016
010.033-16.99760267,,,26/09/2016
010.033-16.99760268,,,26/09/2016
010.033-16.99760269,,,26/09/2016
010.033-16.99760270,,,26/09/2016
010.033-16.99760271,,,26/09/2016
010.033-16.99760272,,,26/09/2016
010.033-16.99760273,,,26/09/2016
010.033-16.99760274,,,26/09/2016
010.033-16.99760275,,,26/09/2016
010.033-16.99760276,,,26/09/2016
010.033-16.99760277,,,26/09/2016
010.033-16.99760278,,,26/09/2016
010.033-16.99760279,,,26/09/2016
010.033-16.99760280,,,26/09/2016
010.033-16.99760281,,,26/09/2016
010.033-16.99760282,,,26/09/2016
010.033-16.99760283,,,26/09/2016
010.033-16.99760284,,,26/09/2016
010.033-16.99760285,,,26/09/2016
010.033-16.99760286,,,26/09/2016
010.033-16.99760287,,,26/09/2016
010.033-16.99760288,,,26/09/2016
010.033-16.99760289,,,26/09/2016
010.033-16.99760290,,,26/09/2016
010.033-16.99760291,,,26/09/2016
010.033-16.99760292,,,26/09/2016
010.033-16.99760293,,,26/09/2016
010.033-16.99760294,,,26/09/2016
010.033-16.99760295,,,26/09/2016
010.033-16.99760296,,,26/09/2016
010.033-16.99760297,,,26/09/2016
010.033-16.99760298,,,26/09/2016
010.033-16.99760299,,,26/09/2016
010.033-16.99760300,,,26/09/2016
010.033-16.99760301,,,26/09/2016
010.033-16.99760302,,,26/09/2016
010.033-16.99760303,,,26/09/2016
010.033-16.99760304,,,26/09/2016
010.033-16.99760305,,,26/09/2016
010.033-16.99760306,,,26/09/2016
010.033-16.99760307,,,26/09/2016
010.033-16.99760308,,,26/09/2016
010.033-16.99760309,,,26/09/2016
010.033-16.99760310,,,26/09/2016
010.033-16.99760311,,,26/09/2016
010.033-16.99760312,,,26/09/2016
010.033-16.99760313,,,26/09/2016
010.033-16.99760314,,,26/09/2016
010.033-16.99760315,,,26/09/2016
010.033-16.99760316,,,26/09/2016
010.033-16.99760317,,,26/09/2016
010.033-16.99760318,,,26/09/2016
010.033-16.99760319,,,26/09/2016
010.033-16.99760320,,,26/09/2016
010.033-16.99760321,,,26/09/2016
010.033-16.99760322,,,26/09/2016
010.033-16.99760323,,,26/09/2016
010.033-16.99760324,,,26/09/2016
010.033-16.99760325,,,26/09/2016
010.033-16.99760326,,,26/09/2016
010.033-16.99760327,,,26/09/2016
010.033-16.99760328,,,26/09/2016
010.033-16.99760329,,,26/09/2016
010.033-16.99760330,,,26/09/2016
010.033-16.99760331,,,26/09/2016
010.033-16.99760332,,,26/09/2016
010.033-16.99760333,,,26/09/2016
010.033-16.99760334,,,26/09/2016
010.033-16.99760335,,,26/09/2016
010.033-16.99760336,,,26/09/2016
010.033-16.99760337,,,26/09/2016
010.033-16.99760338,,,26/09/2016
010.033-16.99760339,,,26/09/2016
010.033-16.99760340,,,26/09/2016
010.033-16.99761978,,,26/09/2016
010.033-16.99761979,,,26/09/2016
010.033-16.99761980,,,26/09/2016
010.033-16.99761981,,,26/09/2016
010.033-16.99761982,,,26/09/2016
010.033-16.99761983,,,26/09/2016
010.033-16.99761984,,,26/09/2016
010.033-16.99761985,,,26/09/2016
010.033-16.99761986,,,26/09/2016
010.033-16.99761987,,,26/09/2016
010.033-16.99761988,,,26/09/2016
010.033-16.99761989,,,26/09/2016
010.033-16.99761990,,,26/09/2016
010.033-16.99761991,,,26/09/2016
010.033-16.99761992,,,26/09/2016
010.033-16.99761993,,,26/09/2016
010.033-16.99761994,,,26/09/2016
010.033-16.99761995,,,26/09/2016
010.033-16.99761996,,,26/09/2016
010.033-16.99761997,,,26/09/2016
010.033-16.99761998,,,26/09/2016
010.033-16.99761999,,,26/09/2016
010.033-16.99762000,,,26/09/2016
010.033-16.99762001,,,26/09/2016
010.033-16.99762002,,,26/09/2016
010.033-16.99762003,,,26/09/2016
010.033-16.99762004,,,26/09/2016
010.033-16.99762005,,,26/09/2016
010.033-16.99762006,,,26/09/2016
010.033-16.99762007,,,26/09/2016
010.033-16.99762008,,,26/09/2016
010.033-16.99762009,,,26/09/2016
010.033-16.99762010,,,26/09/2016
010.033-16.99762011,,,26/09/2016
010.033-16.99762012,,,26/09/2016
010.033-16.99762013,,,26/09/2016
010.033-16.99762014,,,26/09/2016
010.033-16.99762015,,,26/09/2016
010.033-16.99762016,,,26/09/2016
010.033-16.99762017,,,26/09/2016
010.033-16.99762018,,,26/09/2016
010.033-16.99762019,,,26/09/2016
010.033-16.99762020,,,26/09/2016
010.033-16.99762021,,,26/09/2016
010.033-16.99762022,,,26/09/2016
010.033-16.99762023,,,26/09/2016
010.033-16.99762024,,,26/09/2016
010.033-16.99762025,,,26/09/2016
010.033-16.99762026,,,26/09/2016
010.033-16.99762027,,,26/09/2016
010.033-16.99762028,,,26/09/2016
010.033-16.99762029,,,26/09/2016
010.033-16.99762030,,,26/09/2016
010.033-16.99762031,,,26/09/2016
010.033-16.99762032,,,26/09/2016
010.033-16.99762033,,,26/09/2016
010.033-16.99762034,,,26/09/2016
010.033-16.99762035,,,26/09/2016
010.033-16.99762036,,,26/09/2016
010.033-16.99762037,,,26/09/2016
010.033-16.99762038,,,26/09/2016
010.033-16.99762039,,,26/09/2016
010.033-16.99762040,,,26/09/2016
010.033-16.99762041,,,26/09/2016
010.033-16.99762042,,,26/09/2016
010.033-16.99762043,,,26/09/2016
010.033-16.99762044,,,26/09/2016
010.033-16.99762045,,,26/09/2016
010.033-16.99762046,,,26/09/2016
010.033-16.99762047,,,26/09/2016
010.033-16.99762048,,,26/09/2016
010.033-16.99762049,,,26/09/2016
010.033-16.99762050,,,26/09/2016
010.033-16.99762051,,,26/09/2016
010.033-16.99762052,,,26/09/2016
010.033-16.99762053,,,26/09/2016
010.033-16.99762054,,,26/09/2016
010.033-16.99762055,,,26/09/2016
010.033-16.99762056,,,26/09/2016
010.033-16.99762057,,,26/09/2016
010.033-16.99762058,,,26/09/2016
010.033-16.99762059,,,26/09/2016
010.033-16.99762060,,,26/09/2016
010.033-16.99762061,,,26/09/2016
010.033-16.99762062,,,26/09/2016
010.033-16.99762063,,,26/09/2016
010.033-16.99762064,,,26/09/2016
010.033-16.99762065,,,26/09/2016
010.033-16.99748417,,,26/09/2016
010.033-16.99748418,,,26/09/2016
010.033-16.99748419,,,26/09/2016
010.033-16.99748420,,,26/09/2016
010.033-16.99748421,,,26/09/2016
010.033-16.99748422,,,26/09/2016
010.033-16.99748423,,,26/09/2016
010.033-16.99748424,,,26/09/2016
010.033-16.99748425,,,26/09/2016
010.033-16.99748426,,,26/09/2016
010.033-16.99748427,,,26/09/2016
010.033-16.99748428,,,26/09/2016
010.033-16.99748429,,,26/09/2016
010.033-16.99748430,,,26/09/2016
010.033-16.99748431,,,26/09/2016
010.033-16.99748432,,,26/09/2016
010.033-16.99748433,,,26/09/2016
010.033-16.99748434,,,26/09/2016
010.033-16.99748435,,,26/09/2016
010.033-16.99748436,,,26/09/2016
010.033-16.99748437,,,26/09/2016
010.033-16.99748438,,,26/09/2016
010.033-16.99748439,,,26/09/2016
010.033-16.99748440,,,26/09/2016
010.033-16.99748441,,,26/09/2016
010.033-16.99748442,,,26/09/2016
010.033-16.99748443,,,26/09/2016
010.033-16.99748444,,,26/09/2016
010.033-16.99748445,,,26/09/2016
010.033-16.99748446,,,26/09/2016
010.033-16.99748447,,,26/09/2016
010.033-16.99748448,,,26/09/2016
010.033-16.99748449,,,26/09/2016
010.033-16.99748450,,,26/09/2016
010.033-16.99748451,,,26/09/2016
010.033-16.99748452,,,26/09/2016
010.033-16.99748453,,,26/09/2016
010.033-16.99748454,,,26/09/2016
010.033-16.99748455,,,26/09/2016
010.033-16.99748456,,,26/09/2016
010.033-16.99748457,,,26/09/2016
010.033-16.99748458,,,26/09/2016
010.033-16.99748459,,,26/09/2016
010.033-16.99748460,,,26/09/2016
010.033-16.99748461,,,26/09/2016
010.033-16.99748462,,,26/09/2016
010.033-16.99748463,,,26/09/2016
010.033-16.99748464,,,26/09/2016
010.033-16.99748465,,,26/09/2016
010.033-16.99748466,,,26/09/2016
010.033-16.99748467,,,26/09/2016
010.033-16.99748468,,,26/09/2016
010.033-16.99748469,,,26/09/2016
010.033-16.99748470,,,26/09/2016
010.033-16.99748471,,,26/09/2016
010.033-16.99748472,,,26/09/2016
010.033-16.99748473,,,26/09/2016
010.033-16.99748474,,,26/09/2016
010.033-16.99748475,,,26/09/2016
010.033-16.99748476,,,26/09/2016
010.033-16.99748477,,,26/09/2016
010.033-16.99748478,,,26/09/2016
010.033-16.99748479,,,26/09/2016
010.033-16.99748480,,,26/09/2016
010.033-16.99748481,,,26/09/2016
010.033-16.99748482,,,26/09/2016
010.033-16.99748483,,,26/09/2016
010.033-16.99748484,,,26/09/2016
010.033-16.99748485,,,26/09/2016
010.033-16.99748486,,,26/09/2016
010.033-16.99748487,,,26/09/2016
010.033-16.99748488,,,26/09/2016
010.033-16.99748489,,,26/09/2016
010.033-16.99748490,,,26/09/2016
010.033-16.99748491,,,26/09/2016
010.033-16.99748492,,,26/09/2016
010.033-16.99748493,,,26/09/2016
010.033-16.99748494,,,26/09/2016
010.033-16.99748495,,,26/09/2016
010.033-16.99748496,,,26/09/2016
010.033-16.99748497,,,26/09/2016
010.033-16.99748498,,,26/09/2016
010.033-16.99748499,,,26/09/2016
010.033-16.99748500,,,26/09/2016
010.033-16.99748501,,,26/09/2016
010.033-16.99748502,,,26/09/2016
010.033-16.99748503,,,26/09/2016
010.033-16.99748504,,,26/09/2016
010.033-16.99763806,,,26/09/2016
010.033-16.99763807,,,26/09/2016
010.033-16.99763808,,,26/09/2016
010.033-16.99763809,,,26/09/2016
010.033-16.99763810,,,26/09/2016
010.033-16.99763811,,,26/09/2016
010.033-16.99763812,,,26/09/2016
010.033-16.99763813,,,26/09/2016
010.033-16.99763814,,,26/09/2016
010.033-16.99763815,,,26/09/2016
010.033-16.99763816,,,26/09/2016
010.033-16.99763817,,,26/09/2016
010.033-16.99763818,,,26/09/2016
010.033-16.99763819,,,26/09/2016
010.033-16.99763820,,,26/09/2016
010.033-16.99763821,,,26/09/2016
010.033-16.99763822,,,26/09/2016
010.033-16.99763823,,,26/09/2016
010.033-16.99763824,,,26/09/2016
010.033-16.99763825,,,26/09/2016
010.033-16.99763826,,,26/09/2016
010.033-16.99763827,,,26/09/2016
010.033-16.99763828,,,26/09/2016
010.033-16.99763829,,,26/09/2016
010.033-16.99763830,,,26/09/2016
010.033-16.99763831,,,26/09/2016
010.033-16.99763832,,,26/09/2016
010.033-16.99763833,,,26/09/2016
010.033-16.99763834,,,26/09/2016
010.033-16.99763835,,,26/09/2016
010.033-16.99763836,,,26/09/2016
010.033-16.99763837,,,26/09/2016
010.033-16.99763838,,,26/09/2016
010.033-16.99763839,,,26/09/2016
010.033-16.99763840,,,26/09/2016
010.033-16.99763841,,,26/09/2016
010.033-16.99763842,,,26/09/2016
010.033-16.99763843,,,26/09/2016
010.033-16.99763844,,,26/09/2016
010.033-16.99763845,,,26/09/2016
010.033-16.99763846,,,26/09/2016
010.033-16.99763847,,,26/09/2016
010.033-16.99763848,,,26/09/2016
010.033-16.99763849,,,26/09/2016
010.033-16.99763850,,,26/09/2016
010.033-16.99763851,,,26/09/2016
010.033-16.99763852,,,26/09/2016
010.033-16.99763853,,,26/09/2016
010.033-16.99763854,,,26/09/2016
010.033-16.99763855,,,26/09/2016
010.033-16.99763856,,,26/09/2016
010.033-16.99763857,,,26/09/2016
010.033-16.99763858,,,26/09/2016
010.033-16.99763859,,,26/09/2016
010.033-16.99763860,,,26/09/2016
010.033-16.99763861,,,26/09/2016
010.033-16.99763862,,,26/09/2016
010.033-16.99763863,,,26/09/2016
010.033-16.99763864,,,26/09/2016
010.033-16.99763865,,,26/09/2016
010.033-16.99763866,,,26/09/2016
010.033-16.99763867,,,26/09/2016
010.033-16.99763868,,,26/09/2016
010.033-16.99763869,,,26/09/2016
010.033-16.99763870,,,26/09/2016
010.033-16.99763871,,,26/09/2016
010.033-16.99763872,,,26/09/2016
010.033-16.99763873,,,26/09/2016
010.033-16.99763874,,,26/09/2016
010.033-16.99763875,,,26/09/2016
010.033-16.99763876,,,26/09/2016
010.033-16.99763877,,,26/09/2016
010.033-16.99763878,,,26/09/2016
010.033-16.99763879,,,26/09/2016
010.033-16.99763880,,,26/09/2016
010.033-16.99763881,,,26/09/2016
010.033-16.99763882,,,26/09/2016
010.033-16.99763883,,,26/09/2016
010.033-16.99763884,,,26/09/2016
010.033-16.99763885,,,26/09/2016
010.033-16.99763886,,,26/09/2016
010.033-16.99763887,,,26/09/2016
010.033-16.99763888,,,26/09/2016
010.033-16.99763889,,,26/09/2016
010.033-16.99763890,,,26/09/2016
010.033-16.99763891,,,26/09/2016
010.033-16.99763892,,,26/09/2016
010.033-16.99763893,,,26/09/2016
010.033-16.99764950,,,26/09/2016
010.033-16.99764951,,,26/09/2016
010.033-16.99764952,,,26/09/2016
010.033-16.99764953,,,26/09/2016
010.033-16.99764954,,,26/09/2016
010.033-16.99764955,,,26/09/2016
010.033-16.99764956,,,26/09/2016
010.033-16.99764957,,,26/09/2016
010.033-16.99764958,,,26/09/2016
010.033-16.99764959,,,26/09/2016
010.033-16.99764960,,,26/09/2016
010.033-16.99764961,,,26/09/2016
010.033-16.99764962,,,26/09/2016
010.033-16.99764963,,,26/09/2016
010.033-16.99764964,,,26/09/2016
010.033-16.99764965,,,26/09/2016
010.033-16.99764966,,,26/09/2016
010.033-16.99764967,,,26/09/2016
010.033-16.99764968,,,26/09/2016
010.033-16.99764969,,,26/09/2016
010.033-16.99764970,,,26/09/2016
010.033-16.99764971,,,26/09/2016
010.033-16.99764972,,,26/09/2016
010.033-16.99764973,,,26/09/2016
010.033-16.99764974,,,26/09/2016
010.033-16.99764975,,,26/09/2016
010.033-16.99764976,,,26/09/2016
010.033-16.99764977,,,26/09/2016
010.033-16.99764978,,,26/09/2016
010.033-16.99764979,,,26/09/2016
010.033-16.99764980,,,26/09/2016
010.033-16.99764981,,,26/09/2016
010.033-16.99764982,,,26/09/2016
010.033-16.99764983,,,26/09/2016
010.033-16.99764984,,,26/09/2016
010.033-16.99764985,,,26/09/2016
010.033-16.99764986,,,26/09/2016
010.033-16.99764987,,,26/09/2016
010.033-16.99764988,,,26/09/2016
010.033-16.99764989,,,26/09/2016
010.033-16.99764990,,,26/09/2016
010.033-16.99764991,,,26/09/2016
010.033-16.99764992,,,26/09/2016
010.033-16.99764993,,,26/09/2016
010.033-16.99764994,,,26/09/2016
010.033-16.99764995,,,26/09/2016
010.033-16.99764996,,,26/09/2016
010.033-16.99764997,,,26/09/2016
010.033-16.99764998,,,26/09/2016
010.033-16.99764999,,,26/09/2016
010.033-16.99765000,,,26/09/2016
010.033-16.99765001,,,26/09/2016
010.033-16.99765002,,,26/09/2016
010.033-16.99765003,,,26/09/2016
010.033-16.99765004,,,26/09/2016
010.033-16.99765005,,,26/09/2016
010.033-16.99765006,,,26/09/2016
010.033-16.99765007,,,26/09/2016
010.033-16.99765008,,,26/09/2016
010.033-16.99765009,,,26/09/2016
010.033-16.99765010,,,26/09/2016
010.033-16.99765011,,,26/09/2016
010.033-16.99765012,,,26/09/2016
010.033-16.99765013,,,26/09/2016
010.033-16.99765014,,,26/09/2016
010.033-16.99765015,,,26/09/2016
010.033-16.99765016,,,26/09/2016
010.033-16.99765017,,,26/09/2016
010.033-16.99765018,,,26/09/2016
010.033-16.99765019,,,26/09/2016
010.033-16.99765020,,,26/09/2016
010.033-16.99765021,,,26/09/2016
010.033-16.99765022,,,26/09/2016
010.033-16.99765023,,,26/09/2016
010.033-16.99765024,,,26/09/2016
010.033-16.99765025,,,26/09/2016
010.033-16.99765026,,,26/09/2016
010.033-16.99765027,,,26/09/2016
010.033-16.99765028,,,26/09/2016
010.033-16.99765029,,,26/09/2016
010.033-16.99765030,,,26/09/2016
010.033-16.99765031,,,26/09/2016
010.033-16.99765032,,,26/09/2016
010.033-16.99765033,,,26/09/2016
010.033-16.99765034,,,26/09/2016
010.033-16.99765035,,,26/09/2016
010.033-16.99765036,,,26/09/2016
010.033-16.99765037,,,26/09/2016
010.033-16.99750441,,,26/09/2016
010.033-16.99750442,,,26/09/2016
010.033-16.99750443,,,26/09/2016
010.033-16.99750444,,,26/09/2016
010.033-16.99750445,,,26/09/2016
010.033-16.99750446,,,26/09/2016
010.033-16.99750447,,,26/09/2016
010.033-16.99750448,,,26/09/2016
010.033-16.99750449,,,26/09/2016
010.033-16.99750450,,,26/09/2016
010.033-16.99750451,,,26/09/2016
010.033-16.99750452,,,26/09/2016
010.033-16.99750453,,,26/09/2016
010.033-16.99750454,,,26/09/2016
010.033-16.99750455,,,26/09/2016
010.033-16.99750456,,,26/09/2016
010.033-16.99750457,,,26/09/2016
010.033-16.99750458,,,26/09/2016
010.033-16.99750459,,,26/09/2016
010.033-16.99750460,,,26/09/2016
010.033-16.99750461,,,26/09/2016
010.033-16.99750462,,,26/09/2016
010.033-16.99750463,,,26/09/2016
010.033-16.99750464,,,26/09/2016
010.033-16.99750465,,,26/09/2016
010.033-16.99750466,,,26/09/2016
010.033-16.99750467,,,26/09/2016
010.033-16.99750468,,,26/09/2016
010.033-16.99750469,,,26/09/2016
010.033-16.99750470,,,26/09/2016
010.033-16.99750471,,,26/09/2016
010.033-16.99750472,,,26/09/2016
010.033-16.99750473,,,26/09/2016
010.033-16.99750474,,,26/09/2016
010.033-16.99750475,,,26/09/2016
010.033-16.99750476,,,26/09/2016
010.033-16.99750477,,,26/09/2016
010.033-16.99750478,,,26/09/2016
010.033-16.99750479,,,26/09/2016
010.033-16.99750480,,,26/09/2016
010.033-16.99750481,,,26/09/2016
010.033-16.99750482,,,26/09/2016
010.033-16.99750483,,,26/09/2016
010.033-16.99750484,,,26/09/2016
010.033-16.99750485,,,26/09/2016
010.033-16.99750486,,,26/09/2016
010.033-16.99750487,,,26/09/2016
010.033-16.99750488,,,26/09/2016
010.033-16.99750489,,,26/09/2016
010.033-16.99750490,,,26/09/2016
010.033-16.99750491,,,26/09/2016
010.033-16.99750492,,,26/09/2016
010.033-16.99750493,,,26/09/2016
010.033-16.99750494,,,26/09/2016
010.033-16.99750495,,,26/09/2016
010.033-16.99750496,,,26/09/2016
010.033-16.99750497,,,26/09/2016
010.033-16.99750498,,,26/09/2016
010.033-16.99750499,,,26/09/2016
010.033-16.99750500,,,26/09/2016
010.033-16.99750501,,,26/09/2016
010.033-16.99750502,,,26/09/2016
010.033-16.99750503,,,26/09/2016
010.033-16.99750504,,,26/09/2016
010.033-16.99750505,,,26/09/2016
010.033-16.99750506,,,26/09/2016
010.033-16.99750507,,,26/09/2016
010.033-16.99750508,,,26/09/2016
010.033-16.99750509,,,26/09/2016
010.033-16.99750510,,,26/09/2016
010.033-16.99750511,,,26/09/2016
010.033-16.99750512,,,26/09/2016
010.033-16.99750513,,,26/09/2016
010.033-16.99750514,,,26/09/2016
010.033-16.99750515,,,26/09/2016
010.033-16.99750516,,,26/09/2016
010.033-16.99750517,,,26/09/2016
010.033-16.99750518,,,26/09/2016
010.033-16.99750519,,,26/09/2016
010.033-16.99750520,,,26/09/2016
010.033-16.99750521,,,26/09/2016
010.033-16.99750522,,,26/09/2016
010.033-16.99750523,,,26/09/2016
010.033-16.99750524,,,26/09/2016
010.033-16.99750525,,,26/09/2016
010.033-16.99750526,,,26/09/2016
010.033-16.99750527,,,26/09/2016
010.033-16.99750528,,,26/09/2016
010.033-16.99758636,,,26/09/2016
010.033-16.99758637,,,26/09/2016
010.033-16.99758638,,,26/09/2016
010.033-16.99758639,,,26/09/2016
010.033-16.99758640,,,26/09/2016
010.033-16.99758641,,,26/09/2016
010.033-16.99758642,,,26/09/2016
010.033-16.99758643,,,26/09/2016
010.033-16.99758644,,,26/09/2016
010.033-16.99758645,,,26/09/2016
010.033-16.99758646,,,26/09/2016
010.033-16.99758647,,,26/09/2016
010.033-16.99758648,,,26/09/2016
010.033-16.99758649,,,26/09/2016
010.033-16.99758650,,,26/09/2016
010.033-16.99758651,,,26/09/2016
010.033-16.99758652,,,26/09/2016
010.033-16.99758653,,,26/09/2016
010.033-16.99758654,,,26/09/2016
010.033-16.99758655,,,26/09/2016
010.033-16.99758656,,,26/09/2016
010.033-16.99758657,,,26/09/2016
010.033-16.99758658,,,26/09/2016
010.033-16.99758659,,,26/09/2016
010.033-16.99758660,,,26/09/2016
010.033-16.99758661,,,26/09/2016
010.033-16.99758662,,,26/09/2016
010.033-16.99758663,,,26/09/2016
010.033-16.99758664,,,26/09/2016
010.033-16.99758665,,,26/09/2016
010.033-16.99758666,,,26/09/2016
010.033-16.99758667,,,26/09/2016
010.033-16.99758668,,,26/09/2016
010.033-16.99758669,,,26/09/2016
010.033-16.99758670,,,26/09/2016
010.033-16.99758671,,,26/09/2016
010.033-16.99758672,,,26/09/2016
010.033-16.99758673,,,26/09/2016
010.033-16.99758674,,,26/09/2016
010.033-16.99758675,,,26/09/2016
010.033-16.99758676,,,26/09/2016
010.033-16.99758677,,,26/09/2016
010.033-16.99758678,,,26/09/2016
010.033-16.99758679,,,26/09/2016
010.033-16.99758680,,,26/09/2016
010.033-16.99758681,,,26/09/2016
010.033-16.99758682,,,26/09/2016
010.033-16.99758683,,,26/09/2016
010.033-16.99758684,,,26/09/2016
010.033-16.99758685,,,26/09/2016
010.033-16.99758686,,,26/09/2016
010.033-16.99758687,,,26/09/2016
010.033-16.99758688,,,26/09/2016
010.033-16.99758689,,,26/09/2016
010.033-16.99758690,,,26/09/2016
010.033-16.99758691,,,26/09/2016
010.033-16.99758692,,,26/09/2016
010.033-16.99758693,,,26/09/2016
010.033-16.99758694,,,26/09/2016
010.033-16.99758695,,,26/09/2016
010.033-16.99758696,,,26/09/2016
010.033-16.99758697,,,26/09/2016
010.033-16.99758698,,,26/09/2016
010.033-16.99758699,,,26/09/2016
010.033-16.99758700,,,26/09/2016
010.033-16.99758701,,,26/09/2016
010.033-16.99758702,,,26/09/2016
010.033-16.99758703,,,26/09/2016
010.033-16.99758704,,,26/09/2016
010.033-16.99758705,,,26/09/2016
010.033-16.99758706,,,26/09/2016
010.033-16.99758707,,,26/09/2016
010.033-16.99758708,,,26/09/2016
010.033-16.99758709,,,26/09/2016
010.033-16.99758710,,,26/09/2016
010.033-16.99758711,,,26/09/2016
010.033-16.99758712,,,26/09/2016
010.033-16.99758713,,,26/09/2016
010.033-16.99758714,,,26/09/2016
010.033-16.99758715,,,26/09/2016
010.033-16.99758716,,,26/09/2016
010.033-16.99758717,,,26/09/2016
010.033-16.99758718,,,26/09/2016
010.033-16.99758719,,,26/09/2016
010.033-16.99758720,,,26/09/2016
010.033-16.99758721,,,26/09/2016
010.033-16.99758722,,,26/09/2016
010.033-16.99758723,,,26/09/2016
010.033-16.99744952,,,26/09/2016
010.033-16.99744953,,,26/09/2016
010.033-16.99744954,,,26/09/2016
010.033-16.99744955,,,26/09/2016
010.033-16.99744956,,,26/09/2016
010.033-16.99744957,,,26/09/2016
010.033-16.99744958,,,26/09/2016
010.033-16.99744959,,,26/09/2016
010.033-16.99744960,,,26/09/2016
010.033-16.99744961,,,26/09/2016
010.033-16.99744962,,,26/09/2016
010.033-16.99744963,,,26/09/2016
010.033-16.99744964,,,26/09/2016
010.033-16.99744965,,,26/09/2016
010.033-16.99744966,,,26/09/2016
010.033-16.99744967,,,26/09/2016
010.033-16.99744968,,,26/09/2016
010.033-16.99744969,,,26/09/2016
010.033-16.99744970,,,26/09/2016
010.033-16.99744971,,,26/09/2016
010.033-16.99744972,,,26/09/2016
010.033-16.99744973,,,26/09/2016
010.033-16.99744974,,,26/09/2016
010.033-16.99744975,,,26/09/2016
010.033-16.99744976,,,26/09/2016
010.033-16.99744977,,,26/09/2016
010.033-16.99744978,,,26/09/2016
010.033-16.99744979,,,26/09/2016
010.033-16.99744980,,,26/09/2016
010.033-16.99744981,,,26/09/2016
010.033-16.99744982,,,26/09/2016
010.033-16.99744983,,,26/09/2016
010.033-16.99744984,,,26/09/2016
010.033-16.99744985,,,26/09/2016
010.033-16.99744986,,,26/09/2016
010.033-16.99744987,,,26/09/2016
010.033-16.99744988,,,26/09/2016
010.033-16.99744989,,,26/09/2016
010.033-16.99744990,,,26/09/2016
010.033-16.99744991,,,26/09/2016
010.033-16.99744992,,,26/09/2016
010.033-16.99744993,,,26/09/2016
010.033-16.99744994,,,26/09/2016
010.033-16.99744995,,,26/09/2016
010.033-16.99744996,,,26/09/2016
010.033-16.99744997,,,26/09/2016
010.033-16.99744998,,,26/09/2016
010.033-16.99744999,,,26/09/2016
010.033-16.99745000,,,26/09/2016
010.033-16.99745001,,,26/09/2016
010.033-16.99745002,,,26/09/2016
010.033-16.99745003,,,26/09/2016
010.033-16.99745004,,,26/09/2016
010.033-16.99745005,,,26/09/2016
010.033-16.99745006,,,26/09/2016
010.033-16.99745007,,,26/09/2016
010.033-16.99745008,,,26/09/2016
010.033-16.99745009,,,26/09/2016
010.033-16.99745010,,,26/09/2016
010.033-16.99745011,,,26/09/2016
010.033-16.99745012,,,26/09/2016
010.033-16.99745013,,,26/09/2016
010.033-16.99745014,,,26/09/2016
010.033-16.99745015,,,26/09/2016
010.033-16.99745016,,,26/09/2016
010.033-16.99745017,,,26/09/2016
010.033-16.99745018,,,26/09/2016
010.033-16.99745019,,,26/09/2016
010.033-16.99745020,,,26/09/2016
010.033-16.99745021,,,26/09/2016
010.033-16.99745022,,,26/09/2016
010.033-16.99745023,,,26/09/2016
010.033-16.99745024,,,26/09/2016
010.033-16.99745025,,,26/09/2016
010.033-16.99745026,,,26/09/2016
010.033-16.99745027,,,26/09/2016
010.033-16.99745028,,,26/09/2016
010.033-16.99745029,,,26/09/2016
010.033-16.99745030,,,26/09/2016
010.033-16.99745031,,,26/09/2016
010.033-16.99745032,,,26/09/2016
010.033-16.99745033,,,26/09/2016
010.033-16.99745034,,,26/09/2016
010.033-16.99745035,,,26/09/2016
010.033-16.99745036,,,26/09/2016
010.033-16.99745037,,,26/09/2016
010.033-16.99745038,,,26/09/2016
010.033-16.99745039,,,26/09/2016
010.033-16.99751794,,,26/09/2016
010.033-16.99751795,,,26/09/2016
010.033-16.99751796,,,26/09/2016
010.033-16.99751797,,,26/09/2016
010.033-16.99751798,,,26/09/2016
010.033-16.99751799,,,26/09/2016
010.033-16.99751800,,,26/09/2016
010.033-16.99751801,,,26/09/2016
010.033-16.99751802,,,26/09/2016
010.033-16.99751803,,,26/09/2016
010.033-16.99751804,,,26/09/2016
010.033-16.99751805,,,26/09/2016
010.033-16.99751806,,,26/09/2016
010.033-16.99751807,,,26/09/2016
010.033-16.99751808,,,26/09/2016
010.033-16.99751809,,,26/09/2016
010.033-16.99751810,,,26/09/2016
010.033-16.99751811,,,26/09/2016
010.033-16.99751812,,,26/09/2016
010.033-16.99751813,,,26/09/2016
010.033-16.99751814,,,26/09/2016
010.033-16.99751815,,,26/09/2016
010.033-16.99751816,,,26/09/2016
010.033-16.99751817,,,26/09/2016
010.033-16.99751818,,,26/09/2016
010.033-16.99751819,,,26/09/2016
010.033-16.99751820,,,26/09/2016
010.033-16.99751821,,,26/09/2016
010.033-16.99751822,,,26/09/2016
010.033-16.99751823,,,26/09/2016
010.033-16.99751824,,,26/09/2016
010.033-16.99751825,,,26/09/2016
010.033-16.99751826,,,26/09/2016
010.033-16.99751827,,,26/09/2016
010.033-16.99751828,,,26/09/2016
010.033-16.99751829,,,26/09/2016
010.033-16.99751830,,,26/09/2016
010.033-16.99751831,,,26/09/2016
010.033-16.99751832,,,26/09/2016
010.033-16.99751833,,,26/09/2016
010.033-16.99751834,,,26/09/2016
010.033-16.99751835,,,26/09/2016
010.033-16.99751836,,,26/09/2016
010.033-16.99751837,,,26/09/2016
010.033-16.99751838,,,26/09/2016
010.033-16.99751839,,,26/09/2016
010.033-16.99751840,,,26/09/2016
010.033-16.99751841,,,26/09/2016
010.033-16.99751842,,,26/09/2016
010.033-16.99751843,,,26/09/2016
010.033-16.99751844,,,26/09/2016
010.033-16.99751845,,,26/09/2016
010.033-16.99751846,,,26/09/2016
010.033-16.99751847,,,26/09/2016
010.033-16.99751848,,,26/09/2016
010.033-16.99751849,,,26/09/2016
010.033-16.99751850,,,26/09/2016
010.033-16.99751851,,,26/09/2016
010.033-16.99751852,,,26/09/2016
010.033-16.99751853,,,26/09/2016
010.033-16.99751854,,,26/09/2016
010.033-16.99751855,,,26/09/2016
010.033-16.99751856,,,26/09/2016
010.033-16.99751857,,,26/09/2016
010.033-16.99751858,,,26/09/2016
010.033-16.99751859,,,26/09/2016
010.033-16.99751860,,,26/09/2016
010.033-16.99751861,,,26/09/2016
010.033-16.99751862,,,26/09/2016
010.033-16.99751863,,,26/09/2016
010.033-16.99751864,,,26/09/2016
010.033-16.99751865,,,26/09/2016
010.033-16.99751866,,,26/09/2016
010.033-16.99751867,,,26/09/2016
010.033-16.99751868,,,26/09/2016
010.033-16.99751869,,,26/09/2016
010.033-16.99751870,,,26/09/2016
010.033-16.99751871,,,26/09/2016
010.033-16.99751872,,,26/09/2016
010.033-16.99751873,,,26/09/2016
010.033-16.99751874,,,26/09/2016
010.033-16.99751875,,,26/09/2016
010.033-16.99751876,,,26/09/2016
010.033-16.99751877,,,26/09/2016
010.033-16.99751878,,,26/09/2016
010.033-16.99751879,,,26/09/2016
010.033-16.99751880,,,26/09/2016
010.033-16.99751881,,,26/09/2016
010.033-16.99744039,,,26/09/2016
010.033-16.99744040,,,26/09/2016
010.033-16.99744041,,,26/09/2016
010.033-16.99744042,,,26/09/2016
010.033-16.99744043,,,26/09/2016
010.033-16.99744044,,,26/09/2016
010.033-16.99744045,,,26/09/2016
010.033-16.99744046,,,26/09/2016
010.033-16.99744047,,,26/09/2016
010.033-16.99744048,,,26/09/2016
010.033-16.99744049,,,26/09/2016
010.033-16.99744050,,,26/09/2016
010.033-16.99744051,,,26/09/2016
010.033-16.99744052,,,26/09/2016
010.033-16.99744053,,,26/09/2016
010.033-16.99744054,,,26/09/2016
010.033-16.99744055,,,26/09/2016
010.033-16.99744056,,,26/09/2016
010.033-16.99744057,,,26/09/2016
010.033-16.99744058,,,26/09/2016
010.033-16.99744059,,,26/09/2016
010.033-16.99744060,,,26/09/2016
010.033-16.99744061,,,26/09/2016
010.033-16.99744062,,,26/09/2016
010.033-16.99744063,,,26/09/2016
010.033-16.99744064,,,26/09/2016
010.033-16.99744065,,,26/09/2016
010.033-16.99744066,,,26/09/2016
010.033-16.99744067,,,26/09/2016
010.033-16.99744068,,,26/09/2016
010.033-16.99744069,,,26/09/2016
010.033-16.99744070,,,26/09/2016
010.033-16.99744071,,,26/09/2016
010.033-16.99744072,,,26/09/2016
010.033-16.99744073,,,26/09/2016
010.033-16.99744074,,,26/09/2016
010.033-16.99744075,,,26/09/2016
010.033-16.99744076,,,26/09/2016
010.033-16.99744077,,,26/09/2016
010.033-16.99744078,,,26/09/2016
010.033-16.99744079,,,26/09/2016
010.033-16.99744080,,,26/09/2016
010.033-16.99744081,,,26/09/2016
010.033-16.99744082,,,26/09/2016
010.033-16.99744083,,,26/09/2016
010.033-16.99744084,,,26/09/2016
010.033-16.99744085,,,26/09/2016
010.033-16.99744086,,,26/09/2016
010.033-16.99744087,,,26/09/2016
010.033-16.99744088,,,26/09/2016
010.033-16.99744089,,,26/09/2016
010.033-16.99744090,,,26/09/2016
010.033-16.99744091,,,26/09/2016
010.033-16.99744092,,,26/09/2016
010.033-16.99744093,,,26/09/2016
010.033-16.99744094,,,26/09/2016
010.033-16.99744095,,,26/09/2016
010.033-16.99744096,,,26/09/2016
010.033-16.99744097,,,26/09/2016
010.033-16.99744098,,,26/09/2016
010.033-16.99744099,,,26/09/2016
010.033-16.99744100,,,26/09/2016
010.033-16.99744101,,,26/09/2016
010.033-16.99744102,,,26/09/2016
010.033-16.99744103,,,26/09/2016
010.033-16.99744104,,,26/09/2016
010.033-16.99744105,,,26/09/2016
010.033-16.99744106,,,26/09/2016
010.033-16.99744107,,,26/09/2016
010.033-16.99744108,,,26/09/2016
010.033-16.99744109,,,26/09/2016
010.033-16.99744110,,,26/09/2016
010.033-16.99744111,,,26/09/2016
010.033-16.99744112,,,26/09/2016
010.033-16.99744113,,,26/09/2016
010.033-16.99744114,,,26/09/2016
010.033-16.99744115,,,26/09/2016
010.033-16.99744116,,,26/09/2016
010.033-16.99744117,,,26/09/2016
010.033-16.99744118,,,26/09/2016
010.033-16.99744119,,,26/09/2016
010.033-16.99744120,,,26/09/2016
010.033-16.99744121,,,26/09/2016
010.033-16.99744122,,,26/09/2016
010.033-16.99744123,,,26/09/2016
010.033-16.99744124,,,26/09/2016
010.033-16.99744125,,,26/09/2016
010.033-16.99744126,,,26/09/2016
010.033-16.99758724,,,26/09/2016
010.033-16.99758725,,,26/09/2016
010.033-16.99758726,,,26/09/2016
010.033-16.99758727,,,26/09/2016
010.033-16.99758728,,,26/09/2016
010.033-16.99758729,,,26/09/2016
010.033-16.99758730,,,26/09/2016
010.033-16.99758731,,,26/09/2016
010.033-16.99758732,,,26/09/2016
010.033-16.99758733,,,26/09/2016
010.033-16.99758734,,,26/09/2016
010.033-16.99758735,,,26/09/2016
010.033-16.99758736,,,26/09/2016
010.033-16.99758737,,,26/09/2016
010.033-16.99758738,,,26/09/2016
010.033-16.99758739,,,26/09/2016
010.033-16.99758740,,,26/09/2016
010.033-16.99758741,,,26/09/2016
010.033-16.99758742,,,26/09/2016
010.033-16.99758743,,,26/09/2016
010.033-16.99758744,,,26/09/2016
010.033-16.99758745,,,26/09/2016
010.033-16.99758746,,,26/09/2016
010.033-16.99758747,,,26/09/2016
010.033-16.99758748,,,26/09/2016
010.033-16.99758749,,,26/09/2016
010.033-16.99758750,,,26/09/2016
010.033-16.99758751,,,26/09/2016
010.033-16.99758752,,,26/09/2016
010.033-16.99758753,,,26/09/2016
010.033-16.99758754,,,26/09/2016
010.033-16.99758755,,,26/09/2016
010.033-16.99758756,,,26/09/2016
010.033-16.99758757,,,26/09/2016
010.033-16.99758758,,,26/09/2016
010.033-16.99758759,,,26/09/2016
010.033-16.99758760,,,26/09/2016
010.033-16.99758761,,,26/09/2016
010.033-16.99758762,,,26/09/2016
010.033-16.99758763,,,26/09/2016
010.033-16.99758764,,,26/09/2016
010.033-16.99758765,,,26/09/2016
010.033-16.99758766,,,26/09/2016
010.033-16.99758767,,,26/09/2016
010.033-16.99758768,,,26/09/2016
010.033-16.99758769,,,26/09/2016
010.033-16.99758770,,,26/09/2016
010.033-16.99758771,,,26/09/2016
010.033-16.99758772,,,26/09/2016
010.033-16.99758773,,,26/09/2016
010.033-16.99758774,,,26/09/2016
010.033-16.99758775,,,26/09/2016
010.033-16.99758776,,,26/09/2016
010.033-16.99758777,,,26/09/2016
010.033-16.99758778,,,26/09/2016
010.033-16.99758779,,,26/09/2016
010.033-16.99758780,,,26/09/2016
010.033-16.99758781,,,26/09/2016
010.033-16.99758782,,,26/09/2016
010.033-16.99758783,,,26/09/2016
010.033-16.99758784,,,26/09/2016
010.033-16.99758785,,,26/09/2016
010.033-16.99758786,,,26/09/2016
010.033-16.99758787,,,26/09/2016
010.033-16.99758788,,,26/09/2016
010.033-16.99758789,,,26/09/2016
010.033-16.99758790,,,26/09/2016
010.033-16.99758791,,,26/09/2016
010.033-16.99758792,,,26/09/2016
010.033-16.99758793,,,26/09/2016
010.033-16.99758794,,,26/09/2016
010.033-16.99758795,,,26/09/2016
010.033-16.99758796,,,26/09/2016
010.033-16.99758797,,,26/09/2016
010.033-16.99758798,,,26/09/2016
010.033-16.99758799,,,26/09/2016
010.033-16.99758800,,,26/09/2016
010.033-16.99758801,,,26/09/2016
010.033-16.99758802,,,26/09/2016
010.033-16.99758803,,,26/09/2016
010.033-16.99758804,,,26/09/2016
010.033-16.99758805,,,26/09/2016
010.033-16.99758806,,,26/09/2016
010.033-16.99758807,,,26/09/2016
010.033-16.99758808,,,26/09/2016
010.033-16.99758809,,,26/09/2016
010.033-16.99758810,,,26/09/2016
010.033-16.99758811,,,26/09/2016
010.033-16.99765038,,,26/09/2016
010.033-16.99765039,,,26/09/2016
010.033-16.99765040,,,26/09/2016
010.033-16.99765041,,,26/09/2016
010.033-16.99765042,,,26/09/2016
010.033-16.99765043,,,26/09/2016
010.033-16.99765044,,,26/09/2016
010.033-16.99765045,,,26/09/2016
010.033-16.99765046,,,26/09/2016
010.033-16.99765047,,,26/09/2016
010.033-16.99765048,,,26/09/2016
010.033-16.99765049,,,26/09/2016
010.033-16.99765050,,,26/09/2016
010.033-16.99765051,,,26/09/2016
010.033-16.99765052,,,26/09/2016
010.033-16.99765053,,,26/09/2016
010.033-16.99765054,,,26/09/2016
010.033-16.99765055,,,26/09/2016
010.033-16.99765056,,,26/09/2016
010.033-16.99765057,,,26/09/2016
010.033-16.99765058,,,26/09/2016
010.033-16.99765059,,,26/09/2016
010.033-16.99765060,,,26/09/2016
010.033-16.99765061,,,26/09/2016
010.033-16.99765062,,,26/09/2016
010.033-16.99765063,,,26/09/2016
010.033-16.99765064,,,26/09/2016
010.033-16.99765065,,,26/09/2016
010.033-16.99765066,,,26/09/2016
010.033-16.99765067,,,26/09/2016
010.033-16.99765068,,,26/09/2016
010.033-16.99765069,,,26/09/2016
010.033-16.99765070,,,26/09/2016
010.033-16.99765071,,,26/09/2016
010.033-16.99765072,,,26/09/2016
010.033-16.99765073,,,26/09/2016
010.033-16.99765074,,,26/09/2016
010.033-16.99765075,,,26/09/2016
010.033-16.99765076,,,26/09/2016
010.033-16.99765077,,,26/09/2016
010.033-16.99765078,,,26/09/2016
010.033-16.99765079,,,26/09/2016
010.033-16.99765080,,,26/09/2016
010.033-16.99765081,,,26/09/2016
010.033-16.99765082,,,26/09/2016
010.033-16.99765083,,,26/09/2016
010.033-16.99765084,,,26/09/2016
010.033-16.99765085,,,26/09/2016
010.033-16.99765086,,,26/09/2016
010.033-16.99765087,,,26/09/2016
010.033-16.99765088,,,26/09/2016
010.033-16.99765089,,,26/09/2016
010.033-16.99765090,,,26/09/2016
010.033-16.99765091,,,26/09/2016
010.033-16.99765092,,,26/09/2016
010.033-16.99765093,,,26/09/2016
010.033-16.99765094,,,26/09/2016
010.033-16.99765095,,,26/09/2016
010.033-16.99765096,,,26/09/2016
010.033-16.99765097,,,26/09/2016
010.033-16.99765098,,,26/09/2016
010.033-16.99765099,,,26/09/2016
010.033-16.99765100,,,26/09/2016
010.033-16.99765101,,,26/09/2016
010.033-16.99765102,,,26/09/2016
010.033-16.99765103,,,26/09/2016
010.033-16.99765104,,,26/09/2016
010.033-16.99765105,,,26/09/2016
010.033-16.99765106,,,26/09/2016
010.033-16.99765107,,,26/09/2016
010.033-16.99765108,,,26/09/2016
010.033-16.99765109,,,26/09/2016
010.033-16.99765110,,,26/09/2016
010.033-16.99765111,,,26/09/2016
010.033-16.99765112,,,26/09/2016
010.033-16.99765113,,,26/09/2016
010.033-16.99765114,,,26/09/2016
010.033-16.99765115,,,26/09/2016
010.033-16.99765116,,,26/09/2016
010.033-16.99765117,,,26/09/2016
010.033-16.99765118,,,26/09/2016
010.033-16.99765119,,,26/09/2016
010.033-16.99765120,,,26/09/2016
010.033-16.99765121,,,26/09/2016
010.033-16.99765122,,,26/09/2016
010.033-16.99765123,,,26/09/2016
010.033-16.99765124,,,26/09/2016
010.033-16.99765125,,,26/09/2016
010.033-16.99746800,,,26/09/2016
010.033-16.99746801,,,26/09/2016
010.033-16.99746802,,,26/09/2016
010.033-16.99746803,,,26/09/2016
010.033-16.99746804,,,26/09/2016
010.033-16.99746805,,,26/09/2016
010.033-16.99746806,,,26/09/2016
010.033-16.99746807,,,26/09/2016
010.033-16.99746808,,,26/09/2016
010.033-16.99746809,,,26/09/2016
010.033-16.99746810,,,26/09/2016
010.033-16.99746811,,,26/09/2016
010.033-16.99746812,,,26/09/2016
010.033-16.99746813,,,26/09/2016
010.033-16.99746814,,,26/09/2016
010.033-16.99746815,,,26/09/2016
010.033-16.99746816,,,26/09/2016
010.033-16.99746817,,,26/09/2016
010.033-16.99746818,,,26/09/2016
010.033-16.99746819,,,26/09/2016
010.033-16.99746820,,,26/09/2016
010.033-16.99746821,,,26/09/2016
010.033-16.99746822,,,26/09/2016
010.033-16.99746823,,,26/09/2016
010.033-16.99746824,,,26/09/2016
010.033-16.99746825,,,26/09/2016
010.033-16.99746826,,,26/09/2016
010.033-16.99746827,,,26/09/2016
010.033-16.99746828,,,26/09/2016
010.033-16.99746829,,,26/09/2016
010.033-16.99746830,,,26/09/2016
010.033-16.99746831,,,26/09/2016
010.033-16.99746832,,,26/09/2016
010.033-16.99746833,,,26/09/2016
010.033-16.99746834,,,26/09/2016
010.033-16.99746835,,,26/09/2016
010.033-16.99746836,,,26/09/2016
010.033-16.99746837,,,26/09/2016
010.033-16.99746838,,,26/09/2016
010.033-16.99746839,,,26/09/2016
010.033-16.99746840,,,26/09/2016
010.033-16.99746841,,,26/09/2016
010.033-16.99746842,,,26/09/2016
010.033-16.99746843,,,26/09/2016
010.033-16.99746844,,,26/09/2016
010.033-16.99746845,,,26/09/2016
010.033-16.99746846,,,26/09/2016
010.033-16.99746847,,,26/09/2016
010.033-16.99746848,,,26/09/2016
010.033-16.99746849,,,26/09/2016
010.033-16.99746850,,,26/09/2016
010.033-16.99746851,,,26/09/2016
010.033-16.99746852,,,26/09/2016
010.033-16.99746853,,,26/09/2016
010.033-16.99746854,,,26/09/2016
010.033-16.99746855,,,26/09/2016
010.033-16.99746856,,,26/09/2016
010.033-16.99746857,,,26/09/2016
010.033-16.99746858,,,26/09/2016
010.033-16.99746859,,,26/09/2016
010.033-16.99746860,,,26/09/2016
010.033-16.99746861,,,26/09/2016
010.033-16.99746862,,,26/09/2016
010.033-16.99746863,,,26/09/2016
010.033-16.99746864,,,26/09/2016
010.033-16.99746865,,,26/09/2016
010.033-16.99746866,,,26/09/2016
010.033-16.99746867,,,26/09/2016
010.033-16.99746868,,,26/09/2016
010.033-16.99746869,,,26/09/2016
010.033-16.99746870,,,26/09/2016
010.033-16.99746871,,,26/09/2016
010.033-16.99746872,,,26/09/2016
010.033-16.99746873,,,26/09/2016
010.033-16.99746874,,,26/09/2016
010.033-16.99746875,,,26/09/2016
010.033-16.99746876,,,26/09/2016
010.033-16.99746877,,,26/09/2016
010.033-16.99746878,,,26/09/2016
010.033-16.99746879,,,26/09/2016
010.033-16.99746880,,,26/09/2016
010.033-16.99746881,,,26/09/2016
010.033-16.99746882,,,26/09/2016
010.033-16.99746883,,,26/09/2016
010.033-16.99746884,,,26/09/2016
010.033-16.99746885,,,26/09/2016
010.033-16.99746886,,,26/09/2016
010.033-16.99746887,,,26/09/2016
010.033-16.99745040,,,26/09/2016
010.033-16.99745041,,,26/09/2016
010.033-16.99745042,,,26/09/2016
010.033-16.99745043,,,26/09/2016
010.033-16.99745044,,,26/09/2016
010.033-16.99745045,,,26/09/2016
010.033-16.99745046,,,26/09/2016
010.033-16.99745047,,,26/09/2016
010.033-16.99745048,,,26/09/2016
010.033-16.99745049,,,26/09/2016
010.033-16.99745050,,,26/09/2016
010.033-16.99745051,,,26/09/2016
010.033-16.99745052,,,26/09/2016
010.033-16.99745053,,,26/09/2016
010.033-16.99745054,,,26/09/2016
010.033-16.99745055,,,26/09/2016
010.033-16.99745056,,,26/09/2016
010.033-16.99745057,,,26/09/2016
010.033-16.99745058,,,26/09/2016
010.033-16.99745059,,,26/09/2016
010.033-16.99745060,,,26/09/2016
010.033-16.99745061,,,26/09/2016
010.033-16.99745062,,,26/09/2016
010.033-16.99745063,,,26/09/2016
010.033-16.99745064,,,26/09/2016
010.033-16.99745065,,,26/09/2016
010.033-16.99745066,,,26/09/2016
010.033-16.99745067,,,26/09/2016
010.033-16.99745068,,,26/09/2016
010.033-16.99745069,,,26/09/2016
010.033-16.99745070,,,26/09/2016
010.033-16.99745071,,,26/09/2016
010.033-16.99745072,,,26/09/2016
010.033-16.99745073,,,26/09/2016
010.033-16.99745074,,,26/09/2016
010.033-16.99745075,,,26/09/2016
010.033-16.99745076,,,26/09/2016
010.033-16.99745077,,,26/09/2016
010.033-16.99745078,,,26/09/2016
010.033-16.99745079,,,26/09/2016
010.033-16.99745080,,,26/09/2016
010.033-16.99745081,,,26/09/2016
010.033-16.99745082,,,26/09/2016
010.033-16.99745083,,,26/09/2016
010.033-16.99745084,,,26/09/2016
010.033-16.99745085,,,26/09/2016
010.033-16.99745086,,,26/09/2016
010.033-16.99745087,,,26/09/2016
010.033-16.99745088,,,26/09/2016
010.033-16.99745089,,,26/09/2016
010.033-16.99745090,,,26/09/2016
010.033-16.99745091,,,26/09/2016
010.033-16.99745092,,,26/09/2016
010.033-16.99745093,,,26/09/2016
010.033-16.99745094,,,26/09/2016
010.033-16.99745095,,,26/09/2016
010.033-16.99745096,,,26/09/2016
010.033-16.99745097,,,26/09/2016
010.033-16.99745098,,,26/09/2016
010.033-16.99745099,,,26/09/2016
010.033-16.99745100,,,26/09/2016
010.033-16.99745101,,,26/09/2016
010.033-16.99745102,,,26/09/2016
010.033-16.99745103,,,26/09/2016
010.033-16.99745104,,,26/09/2016
010.033-16.99745105,,,26/09/2016
010.033-16.99745106,,,26/09/2016
010.033-16.99745107,,,26/09/2016
010.033-16.99745108,,,26/09/2016
010.033-16.99745109,,,26/09/2016
010.033-16.99745110,,,26/09/2016
010.033-16.99745111,,,26/09/2016
010.033-16.99745112,,,26/09/2016
010.033-16.99745113,,,26/09/2016
010.033-16.99745114,,,26/09/2016
010.033-16.99745115,,,26/09/2016
010.033-16.99745116,,,26/09/2016
010.033-16.99745117,,,26/09/2016
010.033-16.99745118,,,26/09/2016
010.033-16.99745119,,,26/09/2016
010.033-16.99745120,,,26/09/2016
010.033-16.99745121,,,26/09/2016
010.033-16.99745122,,,26/09/2016
010.033-16.99745123,,,26/09/2016
010.033-16.99745124,,,26/09/2016
010.033-16.99745125,,,26/09/2016
010.033-16.99745126,,,26/09/2016
010.033-16.99745127,,,26/09/2016
010.033-16.99751882,,,26/09/2016
010.033-16.99751883,,,26/09/2016
010.033-16.99751884,,,26/09/2016
010.033-16.99751885,,,26/09/2016
010.033-16.99751886,,,26/09/2016
010.033-16.99751887,,,26/09/2016
010.033-16.99751888,,,26/09/2016
010.033-16.99751889,,,26/09/2016
010.033-16.99751890,,,26/09/2016
010.033-16.99751891,,,26/09/2016
010.033-16.99751892,,,26/09/2016
010.033-16.99751893,,,26/09/2016
010.033-16.99751894,,,26/09/2016
010.033-16.99751895,,,26/09/2016
010.033-16.99751896,,,26/09/2016
010.033-16.99751897,,,26/09/2016
010.033-16.99751898,,,26/09/2016
010.033-16.99751899,,,26/09/2016
010.033-16.99751900,,,26/09/2016
010.033-16.99751901,,,26/09/2016
010.033-16.99751902,,,26/09/2016
010.033-16.99751903,,,26/09/2016
010.033-16.99751904,,,26/09/2016
010.033-16.99751905,,,26/09/2016
010.033-16.99751906,,,26/09/2016
010.033-16.99751907,,,26/09/2016
010.033-16.99751908,,,26/09/2016
010.033-16.99751909,,,26/09/2016
010.033-16.99751910,,,26/09/2016
010.033-16.99751911,,,26/09/2016
010.033-16.99751912,,,26/09/2016
010.033-16.99751913,,,26/09/2016
010.033-16.99751914,,,26/09/2016
010.033-16.99751915,,,26/09/2016
010.033-16.99751916,,,26/09/2016
010.033-16.99751917,,,26/09/2016
010.033-16.99751918,,,26/09/2016
010.033-16.99751919,,,26/09/2016
010.033-16.99751920,,,26/09/2016
010.033-16.99751921,,,26/09/2016
010.033-16.99751922,,,26/09/2016
010.033-16.99751923,,,26/09/2016
010.033-16.99751924,,,26/09/2016
010.033-16.99751925,,,26/09/2016
010.033-16.99751926,,,26/09/2016
010.033-16.99751927,,,26/09/2016
010.033-16.99751928,,,26/09/2016
010.033-16.99751929,,,26/09/2016
010.033-16.99751930,,,26/09/2016
010.033-16.99751931,,,26/09/2016
010.033-16.99751932,,,26/09/2016
010.033-16.99751933,,,26/09/2016
010.033-16.99751934,,,26/09/2016
010.033-16.99751935,,,26/09/2016
010.033-16.99751936,,,26/09/2016
010.033-16.99751937,,,26/09/2016
010.033-16.99751938,,,26/09/2016
010.033-16.99751939,,,26/09/2016
010.033-16.99751940,,,26/09/2016
010.033-16.99751941,,,26/09/2016
010.033-16.99751942,,,26/09/2016
010.033-16.99751943,,,26/09/2016
010.033-16.99751944,,,26/09/2016
010.033-16.99751945,,,26/09/2016
010.033-16.99751946,,,26/09/2016
010.033-16.99751947,,,26/09/2016
010.033-16.99751948,,,26/09/2016
010.033-16.99751949,,,26/09/2016
010.033-16.99751950,,,26/09/2016
010.033-16.99751951,,,26/09/2016
010.033-16.99751952,,,26/09/2016
010.033-16.99751953,,,26/09/2016
010.033-16.99751954,,,26/09/2016
010.033-16.99751955,,,26/09/2016
010.033-16.99751956,,,26/09/2016
010.033-16.99751957,,,26/09/2016
010.033-16.99751958,,,26/09/2016
010.033-16.99751959,,,26/09/2016
010.033-16.99751960,,,26/09/2016
010.033-16.99751961,,,26/09/2016
010.033-16.99751962,,,26/09/2016
010.033-16.99751963,,,26/09/2016
010.033-16.99751964,,,26/09/2016
010.033-16.99751965,,,26/09/2016
010.033-16.99751966,,,26/09/2016
010.033-16.99751967,,,26/09/2016
010.033-16.99751968,,,26/09/2016
010.033-16.99751969,,,26/09/2016
010.033-16.99760341,,,26/09/2016
010.033-16.99760342,,,26/09/2016
010.033-16.99760343,,,26/09/2016
010.033-16.99760344,,,26/09/2016
010.033-16.99760345,,,26/09/2016
010.033-16.99760346,,,26/09/2016
010.033-16.99760347,,,26/09/2016
010.033-16.99760348,,,26/09/2016
010.033-16.99760349,,,26/09/2016
010.033-16.99760350,,,26/09/2016
010.033-16.99760351,,,26/09/2016
010.033-16.99760352,,,26/09/2016
010.033-16.99760353,,,26/09/2016
010.033-16.99760354,,,26/09/2016
010.033-16.99760355,,,26/09/2016
010.033-16.99760356,,,26/09/2016
010.033-16.99760357,,,26/09/2016
010.033-16.99760358,,,26/09/2016
010.033-16.99760359,,,26/09/2016
010.033-16.99760360,,,26/09/2016
010.033-16.99760361,,,26/09/2016
010.033-16.99760362,,,26/09/2016
010.033-16.99760363,,,26/09/2016
010.033-16.99760364,,,26/09/2016
010.033-16.99760365,,,26/09/2016
010.033-16.99760366,,,26/09/2016
010.033-16.99760367,,,26/09/2016
010.033-16.99760368,,,26/09/2016
010.033-16.99760369,,,26/09/2016
010.033-16.99760370,,,26/09/2016
010.033-16.99760371,,,26/09/2016
010.033-16.99760372,,,26/09/2016
010.033-16.99760373,,,26/09/2016
010.033-16.99760374,,,26/09/2016
010.033-16.99760375,,,26/09/2016
010.033-16.99760376,,,26/09/2016
010.033-16.99760377,,,26/09/2016
010.033-16.99760378,,,26/09/2016
010.033-16.99760379,,,26/09/2016
010.033-16.99760380,,,26/09/2016
010.033-16.99760381,,,26/09/2016
010.033-16.99760382,,,26/09/2016
010.033-16.99760383,,,26/09/2016
010.033-16.99760384,,,26/09/2016
010.033-16.99760385,,,26/09/2016
010.033-16.99760386,,,26/09/2016
010.033-16.99760387,,,26/09/2016
010.033-16.99760388,,,26/09/2016
010.033-16.99760389,,,26/09/2016
010.033-16.99760390,,,26/09/2016
010.033-16.99760391,,,26/09/2016
010.033-16.99760392,,,26/09/2016
010.033-16.99760393,,,26/09/2016
010.033-16.99760394,,,26/09/2016
010.033-16.99760395,,,26/09/2016
010.033-16.99760396,,,26/09/2016
010.033-16.99760397,,,26/09/2016
010.033-16.99760398,,,26/09/2016
010.033-16.99760399,,,26/09/2016
010.033-16.99760400,,,26/09/2016
010.033-16.99760401,,,26/09/2016
010.033-16.99760402,,,26/09/2016
010.033-16.99760403,,,26/09/2016
010.033-16.99760404,,,26/09/2016
010.033-16.99760405,,,26/09/2016
010.033-16.99760406,,,26/09/2016
010.033-16.99760407,,,26/09/2016
010.033-16.99760408,,,26/09/2016
010.033-16.99760409,,,26/09/2016
010.033-16.99760410,,,26/09/2016
010.033-16.99760411,,,26/09/2016
010.033-16.99760412,,,26/09/2016
010.033-16.99760413,,,26/09/2016
010.033-16.99760414,,,26/09/2016
010.033-16.99760415,,,26/09/2016
010.033-16.99760416,,,26/09/2016
010.033-16.99760417,,,26/09/2016
010.033-16.99760418,,,26/09/2016
010.033-16.99760419,,,26/09/2016
010.033-16.99760420,,,26/09/2016
010.033-16.99760421,,,26/09/2016
010.033-16.99760422,,,26/09/2016
010.033-16.99760423,,,26/09/2016
010.033-16.99760424,,,26/09/2016
010.033-16.99760425,,,26/09/2016
010.033-16.99760426,,,26/09/2016
010.033-16.99760427,,,26/09/2016
010.033-16.99760428,,,26/09/2016
010.033-16.99763894,,,26/09/2016
010.033-16.99763895,,,26/09/2016
010.033-16.99763896,,,26/09/2016
010.033-16.99763897,,,26/09/2016
010.033-16.99763898,,,26/09/2016
010.033-16.99763899,,,26/09/2016
010.033-16.99763900,,,26/09/2016
010.033-16.99763901,,,26/09/2016
010.033-16.99763902,,,26/09/2016
010.033-16.99763903,,,26/09/2016
010.033-16.99763904,,,26/09/2016
010.033-16.99763905,,,26/09/2016
010.033-16.99763906,,,26/09/2016
010.033-16.99763907,,,26/09/2016
010.033-16.99763908,,,26/09/2016
010.033-16.99763909,,,26/09/2016
010.033-16.99763910,,,26/09/2016
010.033-16.99763911,,,26/09/2016
010.033-16.99763912,,,26/09/2016
010.033-16.99763913,,,26/09/2016
010.033-16.99763914,,,26/09/2016
010.033-16.99763915,,,26/09/2016
010.033-16.99763916,,,26/09/2016
010.033-16.99763917,,,26/09/2016
010.033-16.99763918,,,26/09/2016
010.033-16.99763919,,,26/09/2016
010.033-16.99763920,,,26/09/2016
010.033-16.99763921,,,26/09/2016
010.033-16.99763922,,,26/09/2016
010.033-16.99763923,,,26/09/2016
010.033-16.99763924,,,26/09/2016
010.033-16.99763925,,,26/09/2016
010.033-16.99763926,,,26/09/2016
010.033-16.99763927,,,26/09/2016
010.033-16.99763928,,,26/09/2016
010.033-16.99763929,,,26/09/2016
010.033-16.99763930,,,26/09/2016
010.033-16.99763931,,,26/09/2016
010.033-16.99763932,,,26/09/2016
010.033-16.99763933,,,26/09/2016
010.033-16.99763934,,,26/09/2016
010.033-16.99763935,,,26/09/2016
010.033-16.99763936,,,26/09/2016
010.033-16.99763937,,,26/09/2016
010.033-16.99763938,,,26/09/2016
010.033-16.99763939,,,26/09/2016
010.033-16.99763940,,,26/09/2016
010.033-16.99763941,,,26/09/2016
010.033-16.99763942,,,26/09/2016
010.033-16.99763943,,,26/09/2016
010.033-16.99763944,,,26/09/2016
010.033-16.99763945,,,26/09/2016
010.033-16.99763946,,,26/09/2016
010.033-16.99763947,,,26/09/2016
010.033-16.99763948,,,26/09/2016
010.033-16.99763949,,,26/09/2016
010.033-16.99763950,,,26/09/2016
010.033-16.99763951,,,26/09/2016
010.033-16.99763952,,,26/09/2016
010.033-16.99763953,,,26/09/2016
010.033-16.99763954,,,26/09/2016
010.033-16.99763955,,,26/09/2016
010.033-16.99763956,,,26/09/2016
010.033-16.99763957,,,26/09/2016
010.033-16.99763958,,,26/09/2016
010.033-16.99763959,,,26/09/2016
010.033-16.99763960,,,26/09/2016
010.033-16.99763961,,,26/09/2016
010.033-16.99763962,,,26/09/2016
010.033-16.99763963,,,26/09/2016
010.033-16.99763964,,,26/09/2016
010.033-16.99763965,,,26/09/2016
010.033-16.99763966,,,26/09/2016
010.033-16.99763967,,,26/09/2016
010.033-16.99763968,,,26/09/2016
010.033-16.99763969,,,26/09/2016
010.033-16.99763970,,,26/09/2016
010.033-16.99763971,,,26/09/2016
010.033-16.99763972,,,26/09/2016
010.033-16.99763973,,,26/09/2016
010.033-16.99763974,,,26/09/2016
010.033-16.99763975,,,26/09/2016
010.033-16.99763976,,,26/09/2016
010.033-16.99763977,,,26/09/2016
010.033-16.99763978,,,26/09/2016
010.033-16.99763979,,,26/09/2016
010.033-16.99763980,,,26/09/2016
010.033-16.99763981,,,26/09/2016
010.033-16.99762066,,,26/09/2016
010.033-16.99762067,,,26/09/2016
010.033-16.99762068,,,26/09/2016
010.033-16.99762069,,,26/09/2016
010.033-16.99762070,,,26/09/2016
010.033-16.99762071,,,26/09/2016
010.033-16.99762072,,,26/09/2016
010.033-16.99762073,,,26/09/2016
010.033-16.99762074,,,26/09/2016
010.033-16.99762075,,,26/09/2016
010.033-16.99762076,,,26/09/2016
010.033-16.99762077,,,26/09/2016
010.033-16.99762078,,,26/09/2016
010.033-16.99762079,,,26/09/2016
010.033-16.99762080,,,26/09/2016
010.033-16.99762081,,,26/09/2016
010.033-16.99762082,,,26/09/2016
010.033-16.99762083,,,26/09/2016
010.033-16.99762084,,,26/09/2016
010.033-16.99762085,,,26/09/2016
010.033-16.99762086,,,26/09/2016
010.033-16.99762087,,,26/09/2016
010.033-16.99762088,,,26/09/2016
010.033-16.99762089,,,26/09/2016
010.033-16.99762090,,,26/09/2016
010.033-16.99762091,,,26/09/2016
010.033-16.99762092,,,26/09/2016
010.033-16.99762093,,,26/09/2016
010.033-16.99762094,,,26/09/2016
010.033-16.99762095,,,26/09/2016
010.033-16.99762096,,,26/09/2016
010.033-16.99762097,,,26/09/2016
010.033-16.99762098,,,26/09/2016
010.033-16.99762099,,,26/09/2016
010.033-16.99762100,,,26/09/2016
010.033-16.99762101,,,26/09/2016
010.033-16.99762102,,,26/09/2016
010.033-16.99762103,,,26/09/2016
010.033-16.99762104,,,26/09/2016
010.033-16.99762105,,,26/09/2016
010.033-16.99762106,,,26/09/2016
010.033-16.99762107,,,26/09/2016
010.033-16.99762108,,,26/09/2016
010.033-16.99762109,,,26/09/2016
010.033-16.99762110,,,26/09/2016
010.033-16.99762111,,,26/09/2016
010.033-16.99762112,,,26/09/2016
010.033-16.99762113,,,26/09/2016
010.033-16.99762114,,,26/09/2016
010.033-16.99762115,,,26/09/2016
010.033-16.99762116,,,26/09/2016
010.033-16.99762117,,,26/09/2016
010.033-16.99762118,,,26/09/2016
010.033-16.99762119,,,26/09/2016
010.033-16.99762120,,,26/09/2016
010.033-16.99762121,,,26/09/2016
010.033-16.99762122,,,26/09/2016
010.033-16.99762123,,,26/09/2016
010.033-16.99762124,,,26/09/2016
010.033-16.99762125,,,26/09/2016
010.033-16.99762126,,,26/09/2016
010.033-16.99762127,,,26/09/2016
010.033-16.99762128,,,26/09/2016
010.033-16.99762129,,,26/09/2016
010.033-16.99762130,,,26/09/2016
010.033-16.99762131,,,26/09/2016
010.033-16.99762132,,,26/09/2016
010.033-16.99762133,,,26/09/2016
010.033-16.99762134,,,26/09/2016
010.033-16.99762135,,,26/09/2016
010.033-16.99762136,,,26/09/2016
010.033-16.99762137,,,26/09/2016
010.033-16.99762138,,,26/09/2016
010.033-16.99762139,,,26/09/2016
010.033-16.99762140,,,26/09/2016
010.033-16.99762141,,,26/09/2016
010.033-16.99762142,,,26/09/2016
010.033-16.99762143,,,26/09/2016
010.033-16.99762144,,,26/09/2016
010.033-16.99762145,,,26/09/2016
010.033-16.99762146,,,26/09/2016
010.033-16.99762147,,,26/09/2016
010.033-16.99762148,,,26/09/2016
010.033-16.99762149,,,26/09/2016
010.033-16.99762150,,,26/09/2016
010.033-16.99762151,,,26/09/2016
010.033-16.99762152,,,26/09/2016
010.033-16.99762153,,,26/09/2016
010.033-16.99745128,,,26/09/2016
010.033-16.99745129,,,26/09/2016
010.033-16.99745130,,,26/09/2016
010.033-16.99745131,,,26/09/2016
010.033-16.99745132,,,26/09/2016
010.033-16.99745133,,,26/09/2016
010.033-16.99745134,,,26/09/2016
010.033-16.99745135,,,26/09/2016
010.033-16.99745136,,,26/09/2016
010.033-16.99745137,,,26/09/2016
010.033-16.99745138,,,26/09/2016
010.033-16.99745139,,,26/09/2016
010.033-16.99745140,,,26/09/2016
010.033-16.99745141,,,26/09/2016
010.033-16.99745142,,,26/09/2016
010.033-16.99745143,,,26/09/2016
010.033-16.99745144,,,26/09/2016
010.033-16.99745145,,,26/09/2016
010.033-16.99745146,,,26/09/2016
010.033-16.99745147,,,26/09/2016
010.033-16.99745148,,,26/09/2016
010.033-16.99745149,,,26/09/2016
010.033-16.99745150,,,26/09/2016
010.033-16.99745151,,,26/09/2016
010.033-16.99745152,,,26/09/2016
010.033-16.99745153,,,26/09/2016
010.033-16.99745154,,,26/09/2016
010.033-16.99745155,,,26/09/2016
010.033-16.99745156,,,26/09/2016
010.033-16.99745157,,,26/09/2016
010.033-16.99745158,,,26/09/2016
010.033-16.99745159,,,26/09/2016
010.033-16.99745160,,,26/09/2016
010.033-16.99745161,,,26/09/2016
010.033-16.99745162,,,26/09/2016
010.033-16.99745163,,,26/09/2016
010.033-16.99745164,,,26/09/2016
010.033-16.99745165,,,26/09/2016
010.033-16.99745166,,,26/09/2016
010.033-16.99745167,,,26/09/2016
010.033-16.99745168,,,26/09/2016
010.033-16.99745169,,,26/09/2016
010.033-16.99745170,,,26/09/2016
010.033-16.99745171,,,26/09/2016
010.033-16.99745172,,,26/09/2016
010.033-16.99745173,,,26/09/2016
010.033-16.99745174,,,26/09/2016
010.033-16.99745175,,,26/09/2016
010.033-16.99745176,,,26/09/2016
010.033-16.99745177,,,26/09/2016
010.033-16.99745178,,,26/09/2016
010.033-16.99745179,,,26/09/2016
010.033-16.99745180,,,26/09/2016
010.033-16.99745181,,,26/09/2016
010.033-16.99745182,,,26/09/2016
010.033-16.99745183,,,26/09/2016
010.033-16.99745184,,,26/09/2016
010.033-16.99745185,,,26/09/2016
010.033-16.99745186,,,26/09/2016
010.033-16.99745187,,,26/09/2016
010.033-16.99745188,,,26/09/2016
010.033-16.99745189,,,26/09/2016
010.033-16.99745190,,,26/09/2016
010.033-16.99745191,,,26/09/2016
010.033-16.99745192,,,26/09/2016
010.033-16.99745193,,,26/09/2016
010.033-16.99745194,,,26/09/2016
010.033-16.99745195,,,26/09/2016
010.033-16.99745196,,,26/09/2016
010.033-16.99745197,,,26/09/2016
010.033-16.99745198,,,26/09/2016
010.033-16.99745199,,,26/09/2016
010.033-16.99745200,,,26/09/2016
010.033-16.99745201,,,26/09/2016
010.033-16.99745202,,,26/09/2016
010.033-16.99745203,,,26/09/2016
010.033-16.99745204,,,26/09/2016
010.033-16.99745205,,,26/09/2016
010.033-16.99745206,,,26/09/2016
010.033-16.99745207,,,26/09/2016
010.033-16.99745208,,,26/09/2016
010.033-16.99745209,,,26/09/2016
010.033-16.99745210,,,26/09/2016
010.033-16.99745211,,,26/09/2016
010.033-16.99745212,,,26/09/2016
010.033-16.99745213,,,26/09/2016
010.033-16.99745214,,,26/09/2016
010.033-16.99745215,,,26/09/2016
010.033-16.99765126,,,26/09/2016
010.033-16.99765127,,,26/09/2016
010.033-16.99765128,,,26/09/2016
010.033-16.99765129,,,26/09/2016
010.033-16.99765130,,,26/09/2016
010.033-16.99765131,,,26/09/2016
010.033-16.99765132,,,26/09/2016
010.033-16.99765133,,,26/09/2016
010.033-16.99765134,,,26/09/2016
010.033-16.99765135,,,26/09/2016
010.033-16.99765136,,,26/09/2016
010.033-16.99765137,,,26/09/2016
010.033-16.99765138,,,26/09/2016
010.033-16.99765139,,,26/09/2016
010.033-16.99765140,,,26/09/2016
010.033-16.99765141,,,26/09/2016
010.033-16.99765142,,,26/09/2016
010.033-16.99765143,,,26/09/2016
010.033-16.99765144,,,26/09/2016
010.033-16.99765145,,,26/09/2016
010.033-16.99765146,,,26/09/2016
010.033-16.99765147,,,26/09/2016
010.033-16.99765148,,,26/09/2016
010.033-16.99765149,,,26/09/2016
010.033-16.99765150,,,26/09/2016
010.033-16.99765151,,,26/09/2016
010.033-16.99765152,,,26/09/2016
010.033-16.99765153,,,26/09/2016
010.033-16.99765154,,,26/09/2016
010.033-16.99765155,,,26/09/2016
010.033-16.99765156,,,26/09/2016
010.033-16.99765157,,,26/09/2016
010.033-16.99765158,,,26/09/2016
010.033-16.99765159,,,26/09/2016
010.033-16.99765160,,,26/09/2016
010.033-16.99765161,,,26/09/2016
010.033-16.99765162,,,26/09/2016
010.033-16.99765163,,,26/09/2016
010.033-16.99765164,,,26/09/2016
010.033-16.99765165,,,26/09/2016
010.033-16.99765166,,,26/09/2016
010.033-16.99765167,,,26/09/2016
010.033-16.99765168,,,26/09/2016
010.033-16.99765169,,,26/09/2016
010.033-16.99765170,,,26/09/2016
010.033-16.99765171,,,26/09/2016
010.033-16.99765172,,,26/09/2016
010.033-16.99765173,,,26/09/2016
010.033-16.99765174,,,26/09/2016
010.033-16.99765175,,,26/09/2016
010.033-16.99765176,,,26/09/2016
010.033-16.99765177,,,26/09/2016
010.033-16.99765178,,,26/09/2016
010.033-16.99765179,,,26/09/2016
010.033-16.99765180,,,26/09/2016
010.033-16.99765181,,,26/09/2016
010.033-16.99765182,,,26/09/2016
010.033-16.99765183,,,26/09/2016
010.033-16.99765184,,,26/09/2016
010.033-16.99765185,,,26/09/2016
010.033-16.99765186,,,26/09/2016
010.033-16.99765187,,,26/09/2016
010.033-16.99765188,,,26/09/2016
010.033-16.99765189,,,26/09/2016
010.033-16.99765190,,,26/09/2016
010.033-16.99765191,,,26/09/2016
010.033-16.99765192,,,26/09/2016
010.033-16.99765193,,,26/09/2016
010.033-16.99765194,,,26/09/2016
010.033-16.99765195,,,26/09/2016
010.033-16.99765196,,,26/09/2016
010.033-16.99765197,,,26/09/2016
010.033-16.99765198,,,26/09/2016
010.033-16.99765199,,,26/09/2016
010.033-16.99765200,,,26/09/2016
010.033-16.99765201,,,26/09/2016
010.033-16.99765202,,,26/09/2016
010.033-16.99765203,,,26/09/2016
010.033-16.99765204,,,26/09/2016
010.033-16.99765205,,,26/09/2016
010.033-16.99765206,,,26/09/2016
010.033-16.99765207,,,26/09/2016
010.033-16.99765208,,,26/09/2016
010.033-16.99765209,,,26/09/2016
010.033-16.99765210,,,26/09/2016
010.033-16.99765211,,,26/09/2016
010.033-16.99765212,,,26/09/2016
010.033-16.99765213,,,26/09/2016
010.033-16.99758812,,,26/09/2016
010.033-16.99758813,,,26/09/2016
010.033-16.99758814,,,26/09/2016
010.033-16.99758815,,,26/09/2016
010.033-16.99758816,,,26/09/2016
010.033-16.99758817,,,26/09/2016
010.033-16.99758818,,,26/09/2016
010.033-16.99758819,,,26/09/2016
010.033-16.99758820,,,26/09/2016
010.033-16.99758821,,,26/09/2016
010.033-16.99758822,,,26/09/2016
010.033-16.99758823,,,26/09/2016
010.033-16.99758824,,,26/09/2016
010.033-16.99758825,,,26/09/2016
010.033-16.99758826,,,26/09/2016
010.033-16.99758827,,,26/09/2016
010.033-16.99758828,,,26/09/2016
010.033-16.99758829,,,26/09/2016
010.033-16.99758830,,,26/09/2016
010.033-16.99758831,,,26/09/2016
010.033-16.99758832,,,26/09/2016
010.033-16.99758833,,,26/09/2016
010.033-16.99758834,,,26/09/2016
010.033-16.99758835,,,26/09/2016
010.033-16.99758836,,,26/09/2016
010.033-16.99758837,,,26/09/2016
010.033-16.99758838,,,26/09/2016
010.033-16.99758839,,,26/09/2016
010.033-16.99758840,,,26/09/2016
010.033-16.99758841,,,26/09/2016
010.033-16.99758842,,,26/09/2016
010.033-16.99758843,,,26/09/2016
010.033-16.99758844,,,26/09/2016
010.033-16.99758845,,,26/09/2016
010.033-16.99758846,,,26/09/2016
010.033-16.99758847,,,26/09/2016
010.033-16.99758848,,,26/09/2016
010.033-16.99758849,,,26/09/2016
010.033-16.99758850,,,26/09/2016
010.033-16.99758851,,,26/09/2016
010.033-16.99758852,,,26/09/2016
010.033-16.99758853,,,26/09/2016
010.033-16.99758854,,,26/09/2016
010.033-16.99758855,,,26/09/2016
010.033-16.99758856,,,26/09/2016
010.033-16.99758857,,,26/09/2016
010.033-16.99758858,,,26/09/2016
010.033-16.99758859,,,26/09/2016
010.033-16.99758860,,,26/09/2016
010.033-16.99758861,,,26/09/2016
010.033-16.99758862,,,26/09/2016
010.033-16.99758863,,,26/09/2016
010.033-16.99758864,,,26/09/2016
010.033-16.99758865,,,26/09/2016
010.033-16.99758866,,,26/09/2016
010.033-16.99758867,,,26/09/2016
010.033-16.99758868,,,26/09/2016
010.033-16.99758869,,,26/09/2016
010.033-16.99758870,,,26/09/2016
010.033-16.99758871,,,26/09/2016
010.033-16.99758872,,,26/09/2016
010.033-16.99758873,,,26/09/2016
010.033-16.99758874,,,26/09/2016
010.033-16.99758875,,,26/09/2016
010.033-16.99758876,,,26/09/2016
010.033-16.99758877,,,26/09/2016
010.033-16.99758878,,,26/09/2016
010.033-16.99758879,,,26/09/2016
010.033-16.99758880,,,26/09/2016
010.033-16.99758881,,,26/09/2016
010.033-16.99758882,,,26/09/2016
010.033-16.99758883,,,26/09/2016
010.033-16.99758884,,,26/09/2016
010.033-16.99758885,,,26/09/2016
010.033-16.99758886,,,26/09/2016
010.033-16.99758887,,,26/09/2016
010.033-16.99758888,,,26/09/2016
010.033-16.99758889,,,26/09/2016
010.033-16.99758890,,,26/09/2016
010.033-16.99758891,,,26/09/2016
010.033-16.99758892,,,26/09/2016
010.033-16.99758893,,,26/09/2016
010.033-16.99758894,,,26/09/2016
010.033-16.99758895,,,26/09/2016
010.033-16.99758896,,,26/09/2016
010.033-16.99758897,,,26/09/2016
010.033-16.99758898,,,26/09/2016
010.033-16.99758899,,,26/09/2016
010.033-16.99745216,,,26/09/2016
010.033-16.99745217,,,26/09/2016
010.033-16.99745218,,,26/09/2016
010.033-16.99745219,,,26/09/2016
010.033-16.99745220,,,26/09/2016
010.033-16.99745221,,,26/09/2016
010.033-16.99745222,,,26/09/2016
010.033-16.99745223,,,26/09/2016
010.033-16.99745224,,,26/09/2016
010.033-16.99745225,,,26/09/2016
010.033-16.99745226,,,26/09/2016
010.033-16.99745227,,,26/09/2016
010.033-16.99745228,,,26/09/2016
010.033-16.99745229,,,26/09/2016
010.033-16.99745230,,,26/09/2016
010.033-16.99745231,,,26/09/2016
010.033-16.99745232,,,26/09/2016
010.033-16.99745233,,,26/09/2016
010.033-16.99745234,,,26/09/2016
010.033-16.99745235,,,26/09/2016
010.033-16.99745236,,,26/09/2016
010.033-16.99745237,,,26/09/2016
010.033-16.99745238,,,26/09/2016
010.033-16.99745239,,,26/09/2016
010.033-16.99745240,,,26/09/2016
010.033-16.99745241,,,26/09/2016
010.033-16.99745242,,,26/09/2016
010.033-16.99745243,,,26/09/2016
010.033-16.99745244,,,26/09/2016
010.033-16.99745245,,,26/09/2016
010.033-16.99745246,,,26/09/2016
010.033-16.99745247,,,26/09/2016
010.033-16.99745248,,,26/09/2016
010.033-16.99745249,,,26/09/2016
010.033-16.99745250,,,26/09/2016
010.033-16.99745251,,,26/09/2016
010.033-16.99745252,,,26/09/2016
010.033-16.99745253,,,26/09/2016
010.033-16.99745254,,,26/09/2016
010.033-16.99745255,,,26/09/2016
010.033-16.99745256,,,26/09/2016
010.033-16.99745257,,,26/09/2016
010.033-16.99745258,,,26/09/2016
010.033-16.99745259,,,26/09/2016
010.033-16.99745260,,,26/09/2016
010.033-16.99745261,,,26/09/2016
010.033-16.99745262,,,26/09/2016
010.033-16.99745263,,,26/09/2016
010.033-16.99745264,,,26/09/2016
010.033-16.99745265,,,26/09/2016
010.033-16.99745266,,,26/09/2016
010.033-16.99745267,,,26/09/2016
010.033-16.99745268,,,26/09/2016
010.033-16.99745269,,,26/09/2016
010.033-16.99745270,,,26/09/2016
010.033-16.99745271,,,26/09/2016
010.033-16.99745272,,,26/09/2016
010.033-16.99745273,,,26/09/2016
010.033-16.99745274,,,26/09/2016
010.033-16.99745275,,,26/09/2016
010.033-16.99745276,,,26/09/2016
010.033-16.99745277,,,26/09/2016
010.033-16.99745278,,,26/09/2016
010.033-16.99745279,,,26/09/2016
010.033-16.99745280,,,26/09/2016
010.033-16.99745281,,,26/09/2016
010.033-16.99745282,,,26/09/2016
010.033-16.99745283,,,26/09/2016
010.033-16.99745284,,,26/09/2016
010.033-16.99745285,,,26/09/2016
010.033-16.99745286,,,26/09/2016
010.033-16.99745287,,,26/09/2016
010.033-16.99745288,,,26/09/2016
010.033-16.99745289,,,26/09/2016
010.033-16.99745290,,,26/09/2016
010.033-16.99745291,,,26/09/2016
010.033-16.99745292,,,26/09/2016
010.033-16.99745293,,,26/09/2016
010.033-16.99745294,,,26/09/2016
010.033-16.99745295,,,26/09/2016
010.033-16.99745296,,,26/09/2016
010.033-16.99745297,,,26/09/2016
010.033-16.99745298,,,26/09/2016
010.033-16.99745299,,,26/09/2016
010.033-16.99745300,,,26/09/2016
010.033-16.99745301,,,26/09/2016
010.033-16.99745302,,,26/09/2016
010.033-16.99745303,,,26/09/2016
010.033-16.99746888,,,26/09/2016
010.033-16.99746889,,,26/09/2016
010.033-16.99746890,,,26/09/2016
010.033-16.99746891,,,26/09/2016
010.033-16.99746892,,,26/09/2016
010.033-16.99746893,,,26/09/2016
010.033-16.99746894,,,26/09/2016
010.033-16.99746895,,,26/09/2016
010.033-16.99746896,,,26/09/2016
010.033-16.99746897,,,26/09/2016
010.033-16.99746898,,,26/09/2016
010.033-16.99746899,,,26/09/2016
010.033-16.99746900,,,26/09/2016
010.033-16.99746901,,,26/09/2016
010.033-16.99746902,,,26/09/2016
010.033-16.99746903,,,26/09/2016
010.033-16.99746904,,,26/09/2016
010.033-16.99746905,,,26/09/2016
010.033-16.99746906,,,26/09/2016
010.033-16.99746907,,,26/09/2016
010.033-16.99746908,,,26/09/2016
010.033-16.99746909,,,26/09/2016
010.033-16.99746910,,,26/09/2016
010.033-16.99746911,,,26/09/2016
010.033-16.99746912,,,26/09/2016
010.033-16.99746913,,,26/09/2016
010.033-16.99746914,,,26/09/2016
010.033-16.99746915,,,26/09/2016
010.033-16.99746916,,,26/09/2016
010.033-16.99746917,,,26/09/2016
010.033-16.99746918,,,26/09/2016
010.033-16.99746919,,,26/09/2016
010.033-16.99746920,,,26/09/2016
010.033-16.99746921,,,26/09/2016
010.033-16.99746922,,,26/09/2016
010.033-16.99746923,,,26/09/2016
010.033-16.99746924,,,26/09/2016
010.033-16.99746925,,,26/09/2016
010.033-16.99746926,,,26/09/2016
010.033-16.99746927,,,26/09/2016
010.033-16.99746928,,,26/09/2016
010.033-16.99746929,,,26/09/2016
010.033-16.99746930,,,26/09/2016
010.033-16.99746931,,,26/09/2016
010.033-16.99746932,,,26/09/2016
010.033-16.99746933,,,26/09/2016
010.033-16.99746934,,,26/09/2016
010.033-16.99746935,,,26/09/2016
010.033-16.99746936,,,26/09/2016
010.033-16.99746937,,,26/09/2016
010.033-16.99746938,,,26/09/2016
010.033-16.99746939,,,26/09/2016
010.033-16.99746940,,,26/09/2016
010.033-16.99746941,,,26/09/2016
010.033-16.99746942,,,26/09/2016
010.033-16.99746943,,,26/09/2016
010.033-16.99746944,,,26/09/2016
010.033-16.99746945,,,26/09/2016
010.033-16.99746946,,,26/09/2016
010.033-16.99746947,,,26/09/2016
010.033-16.99746948,,,26/09/2016
010.033-16.99746949,,,26/09/2016
010.033-16.99746950,,,26/09/2016
010.033-16.99746951,,,26/09/2016
010.033-16.99746952,,,26/09/2016
010.033-16.99746953,,,26/09/2016
010.033-16.99746954,,,26/09/2016
010.033-16.99746955,,,26/09/2016
010.033-16.99746956,,,26/09/2016
010.033-16.99746957,,,26/09/2016
010.033-16.99746958,,,26/09/2016
010.033-16.99746959,,,26/09/2016
010.033-16.99746960,,,26/09/2016
010.033-16.99746961,,,26/09/2016
010.033-16.99746962,,,26/09/2016
010.033-16.99746963,,,26/09/2016
010.033-16.99746964,,,26/09/2016
010.033-16.99746965,,,26/09/2016
010.033-16.99746966,,,26/09/2016
010.033-16.99746967,,,26/09/2016
010.033-16.99746968,,,26/09/2016
010.033-16.99746969,,,26/09/2016
010.033-16.99746970,,,26/09/2016
010.033-16.99746971,,,26/09/2016
010.033-16.99746972,,,26/09/2016
010.033-16.99746973,,,26/09/2016
010.033-16.99746974,,,26/09/2016
010.033-16.99746975,,,26/09/2016
010.033-16.99760429,,,26/09/2016
010.033-16.99760430,,,26/09/2016
010.033-16.99760431,,,26/09/2016
010.033-16.99760432,,,26/09/2016
010.033-16.99760433,,,26/09/2016
010.033-16.99760434,,,26/09/2016
010.033-16.99760435,,,26/09/2016
010.033-16.99760436,,,26/09/2016
010.033-16.99760437,,,26/09/2016
010.033-16.99760438,,,26/09/2016
010.033-16.99760439,,,26/09/2016
010.033-16.99760440,,,26/09/2016
010.033-16.99760441,,,26/09/2016
010.033-16.99760442,,,26/09/2016
010.033-16.99760443,,,26/09/2016
010.033-16.99760444,,,26/09/2016
010.033-16.99760445,,,26/09/2016
010.033-16.99760446,,,26/09/2016
010.033-16.99760447,,,26/09/2016
010.033-16.99760448,,,26/09/2016
010.033-16.99760449,,,26/09/2016
010.033-16.99760450,,,26/09/2016
010.033-16.99760451,,,26/09/2016
010.033-16.99760452,,,26/09/2016
010.033-16.99760453,,,26/09/2016
010.033-16.99760454,,,26/09/2016
010.033-16.99760455,,,26/09/2016
010.033-16.99760456,,,26/09/2016
010.033-16.99760457,,,26/09/2016
010.033-16.99760458,,,26/09/2016
010.033-16.99760459,,,26/09/2016
010.033-16.99760460,,,26/09/2016
010.033-16.99760461,,,26/09/2016
010.033-16.99760462,,,26/09/2016
010.033-16.99760463,,,26/09/2016
010.033-16.99760464,,,26/09/2016
010.033-16.99760465,,,26/09/2016
010.033-16.99760466,,,26/09/2016
010.033-16.99760467,,,26/09/2016
010.033-16.99760468,,,26/09/2016
010.033-16.99760469,,,26/09/2016
010.033-16.99760470,,,26/09/2016
010.033-16.99760471,,,26/09/2016
010.033-16.99760472,,,26/09/2016
010.033-16.99760473,,,26/09/2016
010.033-16.99760474,,,26/09/2016
010.033-16.99760475,,,26/09/2016
010.033-16.99760476,,,26/09/2016
010.033-16.99760477,,,26/09/2016
010.033-16.99760478,,,26/09/2016
010.033-16.99760479,,,26/09/2016
010.033-16.99760480,,,26/09/2016
010.033-16.99760481,,,26/09/2016
010.033-16.99760482,,,26/09/2016
010.033-16.99760483,,,26/09/2016
010.033-16.99760484,,,26/09/2016
010.033-16.99760485,,,26/09/2016
010.033-16.99760486,,,26/09/2016
010.033-16.99760487,,,26/09/2016
010.033-16.99760488,,,26/09/2016
010.033-16.99760489,,,26/09/2016
010.033-16.99760490,,,26/09/2016
010.033-16.99760491,,,26/09/2016
010.033-16.99760492,,,26/09/2016
010.033-16.99760493,,,26/09/2016
010.033-16.99760494,,,26/09/2016
010.033-16.99760495,,,26/09/2016
010.033-16.99760496,,,26/09/2016
010.033-16.99760497,,,26/09/2016
010.033-16.99760498,,,26/09/2016
010.033-16.99760499,,,26/09/2016
010.033-16.99760500,,,26/09/2016
010.033-16.99760501,,,26/09/2016
010.033-16.99760502,,,26/09/2016
010.033-16.99760503,,,26/09/2016
010.033-16.99760504,,,26/09/2016
010.033-16.99760505,,,26/09/2016
010.033-16.99760506,,,26/09/2016
010.033-16.99760507,,,26/09/2016
010.033-16.99760508,,,26/09/2016
010.033-16.99760509,,,26/09/2016
010.033-16.99760510,,,26/09/2016
010.033-16.99760511,,,26/09/2016
010.033-16.99760512,,,26/09/2016
010.033-16.99760513,,,26/09/2016
010.033-16.99760514,,,26/09/2016
010.033-16.99760515,,,26/09/2016
010.033-16.99760516,,,26/09/2016
010.033-16.99751970,,,26/09/2016
010.033-16.99751971,,,26/09/2016
010.033-16.99751972,,,26/09/2016
010.033-16.99751973,,,26/09/2016
010.033-16.99751974,,,26/09/2016
010.033-16.99751975,,,26/09/2016
010.033-16.99751976,,,26/09/2016
010.033-16.99751977,,,26/09/2016
010.033-16.99751978,,,26/09/2016
010.033-16.99751979,,,26/09/2016
010.033-16.99751980,,,26/09/2016
010.033-16.99751981,,,26/09/2016
010.033-16.99751982,,,26/09/2016
010.033-16.99751983,,,26/09/2016
010.033-16.99751984,,,26/09/2016
010.033-16.99751985,,,26/09/2016
010.033-16.99751986,,,26/09/2016
010.033-16.99751987,,,26/09/2016
010.033-16.99751988,,,26/09/2016
010.033-16.99751989,,,26/09/2016
010.033-16.99751990,,,26/09/2016
010.033-16.99751991,,,26/09/2016
010.033-16.99751992,,,26/09/2016
010.033-16.99751993,,,26/09/2016
010.033-16.99751994,,,26/09/2016
010.033-16.99751995,,,26/09/2016
010.033-16.99751996,,,26/09/2016
010.033-16.99751997,,,26/09/2016
010.033-16.99751998,,,26/09/2016
010.033-16.99751999,,,26/09/2016
010.033-16.99752000,,,26/09/2016
010.033-16.99752001,,,26/09/2016
010.033-16.99752002,,,26/09/2016
010.033-16.99752003,,,26/09/2016
010.033-16.99752004,,,26/09/2016
010.033-16.99752005,,,26/09/2016
010.033-16.99752006,,,26/09/2016
010.033-16.99752007,,,26/09/2016
010.033-16.99752008,,,26/09/2016
010.033-16.99752009,,,26/09/2016
010.033-16.99752010,,,26/09/2016
010.033-16.99752011,,,26/09/2016
010.033-16.99752012,,,26/09/2016
010.033-16.99752013,,,26/09/2016
010.033-16.99752014,,,26/09/2016
010.033-16.99752015,,,26/09/2016
010.033-16.99752016,,,26/09/2016
010.033-16.99752017,,,26/09/2016
010.033-16.99752018,,,26/09/2016
010.033-16.99752019,,,26/09/2016
010.033-16.99752020,,,26/09/2016
010.033-16.99752021,,,26/09/2016
010.033-16.99752022,,,26/09/2016
010.033-16.99752023,,,26/09/2016
010.033-16.99752024,,,26/09/2016
010.033-16.99752025,,,26/09/2016
010.033-16.99752026,,,26/09/2016
010.033-16.99752027,,,26/09/2016
010.033-16.99752028,,,26/09/2016
010.033-16.99752029,,,26/09/2016
010.033-16.99752030,,,26/09/2016
010.033-16.99752031,,,26/09/2016
010.033-16.99752032,,,26/09/2016
010.033-16.99752033,,,26/09/2016
010.033-16.99752034,,,26/09/2016
010.033-16.99752035,,,26/09/2016
010.033-16.99752036,,,26/09/2016
010.033-16.99752037,,,26/09/2016
010.033-16.99752038,,,26/09/2016
010.033-16.99752039,,,26/09/2016
010.033-16.99752040,,,26/09/2016
010.033-16.99752041,,,26/09/2016
010.033-16.99752042,,,26/09/2016
010.033-16.99752043,,,26/09/2016
010.033-16.99752044,,,26/09/2016
010.033-16.99752045,,,26/09/2016
010.033-16.99752046,,,26/09/2016
010.033-16.99752047,,,26/09/2016
010.033-16.99752048,,,26/09/2016
010.033-16.99752049,,,26/09/2016
010.033-16.99752050,,,26/09/2016
010.033-16.99752051,,,26/09/2016
010.033-16.99752052,,,26/09/2016
010.033-16.99752053,,,26/09/2016
010.033-16.99752054,,,26/09/2016
010.033-16.99752055,,,26/09/2016
010.033-16.99752056,,,26/09/2016
010.033-16.99752057,,,26/09/2016
010.033-16.99762154,,,26/09/2016
010.033-16.99762155,,,26/09/2016
010.033-16.99762156,,,26/09/2016
010.033-16.99762157,,,26/09/2016
010.033-16.99762158,,,26/09/2016
010.033-16.99762159,,,26/09/2016
010.033-16.99762160,,,26/09/2016
010.033-16.99762161,,,26/09/2016
010.033-16.99762162,,,26/09/2016
010.033-16.99762163,,,26/09/2016
010.033-16.99762164,,,26/09/2016
010.033-16.99762165,,,26/09/2016
010.033-16.99762166,,,26/09/2016
010.033-16.99762167,,,26/09/2016
010.033-16.99762168,,,26/09/2016
010.033-16.99762169,,,26/09/2016
010.033-16.99762170,,,26/09/2016
010.033-16.99762171,,,26/09/2016
010.033-16.99762172,,,26/09/2016
010.033-16.99762173,,,26/09/2016
010.033-16.99762174,,,26/09/2016
010.033-16.99762175,,,26/09/2016
010.033-16.99762176,,,26/09/2016
010.033-16.99762177,,,26/09/2016
010.033-16.99762178,,,26/09/2016
010.033-16.99762179,,,26/09/2016
010.033-16.99762180,,,26/09/2016
010.033-16.99762181,,,26/09/2016
010.033-16.99762182,,,26/09/2016
010.033-16.99762183,,,26/09/2016
010.033-16.99762184,,,26/09/2016
010.033-16.99762185,,,26/09/2016
010.033-16.99762186,,,26/09/2016
010.033-16.99762187,,,26/09/2016
010.033-16.99762188,,,26/09/2016
010.033-16.99762189,,,26/09/2016
010.033-16.99762190,,,26/09/2016
010.033-16.99762191,,,26/09/2016
010.033-16.99762192,,,26/09/2016
010.033-16.99762193,,,26/09/2016
010.033-16.99762194,,,26/09/2016
010.033-16.99762195,,,26/09/2016
010.033-16.99762196,,,26/09/2016
010.033-16.99762197,,,26/09/2016
010.033-16.99762198,,,26/09/2016
010.033-16.99762199,,,26/09/2016
010.033-16.99762200,,,26/09/2016
010.033-16.99762201,,,26/09/2016
010.033-16.99762202,,,26/09/2016
010.033-16.99762203,,,26/09/2016
010.033-16.99762204,,,26/09/2016
010.033-16.99762205,,,26/09/2016
010.033-16.99762206,,,26/09/2016
010.033-16.99762207,,,26/09/2016
010.033-16.99762208,,,26/09/2016
010.033-16.99762209,,,26/09/2016
010.033-16.99762210,,,26/09/2016
010.033-16.99762211,,,26/09/2016
010.033-16.99762212,,,26/09/2016
010.033-16.99762213,,,26/09/2016
010.033-16.99762214,,,26/09/2016
010.033-16.99762215,,,26/09/2016
010.033-16.99762216,,,26/09/2016
010.033-16.99762217,,,26/09/2016
010.033-16.99762218,,,26/09/2016
010.033-16.99762219,,,26/09/2016
010.033-16.99762220,,,26/09/2016
010.033-16.99762221,,,26/09/2016
010.033-16.99762222,,,26/09/2016
010.033-16.99762223,,,26/09/2016
010.033-16.99762224,,,26/09/2016
010.033-16.99762225,,,26/09/2016
010.033-16.99762226,,,26/09/2016
010.033-16.99762227,,,26/09/2016
010.033-16.99762228,,,26/09/2016
010.033-16.99762229,,,26/09/2016
010.033-16.99762230,,,26/09/2016
010.033-16.99762231,,,26/09/2016
010.033-16.99762232,,,26/09/2016
010.033-16.99762233,,,26/09/2016
010.033-16.99762234,,,26/09/2016
010.033-16.99762235,,,26/09/2016
010.033-16.99762236,,,26/09/2016
010.033-16.99762237,,,26/09/2016
010.033-16.99762238,,,26/09/2016
010.033-16.99762239,,,26/09/2016
010.033-16.99762240,,,26/09/2016
010.033-16.99762241,,,26/09/2016
010.033-16.99746976,,,26/09/2016
010.033-16.99746977,,,26/09/2016
010.033-16.99746978,,,26/09/2016
010.033-16.99746979,,,26/09/2016
010.033-16.99746980,,,26/09/2016
010.033-16.99746981,,,26/09/2016
010.033-16.99746982,,,26/09/2016
010.033-16.99746983,,,26/09/2016
010.033-16.99746984,,,26/09/2016
010.033-16.99746985,,,26/09/2016
010.033-16.99746986,,,26/09/2016
010.033-16.99746987,,,26/09/2016
010.033-16.99746988,,,26/09/2016
010.033-16.99746989,,,26/09/2016
010.033-16.99746990,,,26/09/2016
010.033-16.99746991,,,26/09/2016
010.033-16.99746992,,,26/09/2016
010.033-16.99746993,,,26/09/2016
010.033-16.99746994,,,26/09/2016
010.033-16.99746995,,,26/09/2016
010.033-16.99746996,,,26/09/2016
010.033-16.99746997,,,26/09/2016
010.033-16.99746998,,,26/09/2016
010.033-16.99746999,,,26/09/2016
010.033-16.99747000,,,26/09/2016
010.033-16.99747001,,,26/09/2016
010.033-16.99747002,,,26/09/2016
010.033-16.99747003,,,26/09/2016
010.033-16.99747004,,,26/09/2016
010.033-16.99747005,,,26/09/2016
010.033-16.99747006,,,26/09/2016
010.033-16.99747007,,,26/09/2016
010.033-16.99747008,,,26/09/2016
010.033-16.99747009,,,26/09/2016
010.033-16.99747010,,,26/09/2016
010.033-16.99747011,,,26/09/2016
010.033-16.99747012,,,26/09/2016
010.033-16.99747013,,,26/09/2016
010.033-16.99747014,,,26/09/2016
010.033-16.99747015,,,26/09/2016
010.033-16.99747016,,,26/09/2016
010.033-16.99747017,,,26/09/2016
010.033-16.99747018,,,26/09/2016
010.033-16.99747019,,,26/09/2016
010.033-16.99747020,,,26/09/2016
010.033-16.99747021,,,26/09/2016
010.033-16.99747022,,,26/09/2016
010.033-16.99747023,,,26/09/2016
010.033-16.99747024,,,26/09/2016
010.033-16.99747025,,,26/09/2016
010.033-16.99747026,,,26/09/2016
010.033-16.99747027,,,26/09/2016
010.033-16.99747028,,,26/09/2016
010.033-16.99747029,,,26/09/2016
010.033-16.99747030,,,26/09/2016
010.033-16.99747031,,,26/09/2016
010.033-16.99747032,,,26/09/2016
010.033-16.99747033,,,26/09/2016
010.033-16.99747034,,,26/09/2016
010.033-16.99747035,,,26/09/2016
010.033-16.99747036,,,26/09/2016
010.033-16.99747037,,,26/09/2016
010.033-16.99747038,,,26/09/2016
010.033-16.99747039,,,26/09/2016
010.033-16.99747040,,,26/09/2016
010.033-16.99747041,,,26/09/2016
010.033-16.99747042,,,26/09/2016
010.033-16.99747043,,,26/09/2016
010.033-16.99747044,,,26/09/2016
010.033-16.99747045,,,26/09/2016
010.033-16.99747046,,,26/09/2016
010.033-16.99747047,,,26/09/2016
010.033-16.99747048,,,26/09/2016
010.033-16.99747049,,,26/09/2016
010.033-16.99747050,,,26/09/2016
010.033-16.99747051,,,26/09/2016
010.033-16.99747052,,,26/09/2016
010.033-16.99747053,,,26/09/2016
010.033-16.99747054,,,26/09/2016
010.033-16.99747055,,,26/09/2016
010.033-16.99747056,,,26/09/2016
010.033-16.99747057,,,26/09/2016
010.033-16.99747058,,,26/09/2016
010.033-16.99747059,,,26/09/2016
010.033-16.99747060,,,26/09/2016
010.033-16.99747061,,,26/09/2016
010.033-16.99747062,,,26/09/2016
010.033-16.99747063,,,26/09/2016
010.033-16.99758900,,,26/09/2016
010.033-16.99758901,,,26/09/2016
010.033-16.99758902,,,26/09/2016
010.033-16.99758903,,,26/09/2016
010.033-16.99758904,,,26/09/2016
010.033-16.99758905,,,26/09/2016
010.033-16.99758906,,,26/09/2016
010.033-16.99758907,,,26/09/2016
010.033-16.99758908,,,26/09/2016
010.033-16.99758909,,,26/09/2016
010.033-16.99758910,,,26/09/2016
010.033-16.99758911,,,26/09/2016
010.033-16.99758912,,,26/09/2016
010.033-16.99758913,,,26/09/2016
010.033-16.99758914,,,26/09/2016
010.033-16.99758915,,,26/09/2016
010.033-16.99758916,,,26/09/2016
010.033-16.99758917,,,26/09/2016
010.033-16.99758918,,,26/09/2016
010.033-16.99758919,,,26/09/2016
010.033-16.99758920,,,26/09/2016
010.033-16.99758921,,,26/09/2016
010.033-16.99758922,,,26/09/2016
010.033-16.99758923,,,26/09/2016
010.033-16.99758924,,,26/09/2016
010.033-16.99758925,,,26/09/2016
010.033-16.99758926,,,26/09/2016
010.033-16.99758927,,,26/09/2016
010.033-16.99758928,,,26/09/2016
010.033-16.99758929,,,26/09/2016
010.033-16.99758930,,,26/09/2016
010.033-16.99758931,,,26/09/2016
010.033-16.99758932,,,26/09/2016
010.033-16.99758933,,,26/09/2016
010.033-16.99758934,,,26/09/2016
010.033-16.99758935,,,26/09/2016
010.033-16.99758936,,,26/09/2016
010.033-16.99758937,,,26/09/2016
010.033-16.99758938,,,26/09/2016
010.033-16.99758939,,,26/09/2016
010.033-16.99758940,,,26/09/2016
010.033-16.99758941,,,26/09/2016
010.033-16.99758942,,,26/09/2016
010.033-16.99758943,,,26/09/2016
010.033-16.99758944,,,26/09/2016
010.033-16.99758945,,,26/09/2016
010.033-16.99758946,,,26/09/2016
010.033-16.99758947,,,26/09/2016
010.033-16.99758948,,,26/09/2016
010.033-16.99758949,,,26/09/2016
010.033-16.99758950,,,26/09/2016
010.033-16.99758951,,,26/09/2016
010.033-16.99758952,,,26/09/2016
010.033-16.99758953,,,26/09/2016
010.033-16.99758954,,,26/09/2016
010.033-16.99758955,,,26/09/2016
010.033-16.99758956,,,26/09/2016
010.033-16.99758957,,,26/09/2016
010.033-16.99758958,,,26/09/2016
010.033-16.99758959,,,26/09/2016
010.033-16.99758960,,,26/09/2016
010.033-16.99758961,,,26/09/2016
010.033-16.99758962,,,26/09/2016
010.033-16.99758963,,,26/09/2016
010.033-16.99758964,,,26/09/2016
010.033-16.99758965,,,26/09/2016
010.033-16.99758966,,,26/09/2016
010.033-16.99758967,,,26/09/2016
010.033-16.99758968,,,26/09/2016
010.033-16.99758969,,,26/09/2016
010.033-16.99758970,,,26/09/2016
010.033-16.99758971,,,26/09/2016
010.033-16.99758972,,,26/09/2016
010.033-16.99758973,,,26/09/2016
010.033-16.99758974,,,26/09/2016
010.033-16.99758975,,,26/09/2016
010.033-16.99758976,,,26/09/2016
010.033-16.99758977,,,26/09/2016
010.033-16.99758978,,,26/09/2016
010.033-16.99758979,,,26/09/2016
010.033-16.99758980,,,26/09/2016
010.033-16.99758981,,,26/09/2016
010.033-16.99758982,,,26/09/2016
010.033-16.99758983,,,26/09/2016
010.033-16.99758984,,,26/09/2016
010.033-16.99758985,,,26/09/2016
010.033-16.99758986,,,26/09/2016
010.033-16.99758987,,,26/09/2016
010.033-16.99745304,,,26/09/2016
010.033-16.99745305,,,26/09/2016
010.033-16.99745306,,,26/09/2016
010.033-16.99745307,,,26/09/2016
010.033-16.99745308,,,26/09/2016
010.033-16.99745309,,,26/09/2016
010.033-16.99745310,,,26/09/2016
010.033-16.99745311,,,26/09/2016
010.033-16.99745312,,,26/09/2016
010.033-16.99745313,,,26/09/2016
010.033-16.99745314,,,26/09/2016
010.033-16.99745315,,,26/09/2016
010.033-16.99745316,,,26/09/2016
010.033-16.99745317,,,26/09/2016
010.033-16.99745318,,,26/09/2016
010.033-16.99745319,,,26/09/2016
010.033-16.99745320,,,26/09/2016
010.033-16.99745321,,,26/09/2016
010.033-16.99745322,,,26/09/2016
010.033-16.99745323,,,26/09/2016
010.033-16.99745324,,,26/09/2016
010.033-16.99745325,,,26/09/2016
010.033-16.99745326,,,26/09/2016
010.033-16.99745327,,,26/09/2016
010.033-16.99745328,,,26/09/2016
010.033-16.99745329,,,26/09/2016
010.033-16.99745330,,,26/09/2016
010.033-16.99745331,,,26/09/2016
010.033-16.99745332,,,26/09/2016
010.033-16.99745333,,,26/09/2016
010.033-16.99745334,,,26/09/2016
010.033-16.99745335,,,26/09/2016
010.033-16.99745336,,,26/09/2016
010.033-16.99745337,,,26/09/2016
010.033-16.99745338,,,26/09/2016
010.033-16.99745339,,,26/09/2016
010.033-16.99745340,,,26/09/2016
010.033-16.99745341,,,26/09/2016
010.033-16.99745342,,,26/09/2016
010.033-16.99745343,,,26/09/2016
010.033-16.99745344,,,26/09/2016
010.033-16.99745345,,,26/09/2016
010.033-16.99745346,,,26/09/2016
010.033-16.99745347,,,26/09/2016
010.033-16.99745348,,,26/09/2016
010.033-16.99745349,,,26/09/2016
010.033-16.99745350,,,26/09/2016
010.033-16.99745351,,,26/09/2016
010.033-16.99745352,,,26/09/2016
010.033-16.99745353,,,26/09/2016
010.033-16.99745354,,,26/09/2016
010.033-16.99745355,,,26/09/2016
010.033-16.99745356,,,26/09/2016
010.033-16.99745357,,,26/09/2016
010.033-16.99745358,,,26/09/2016
010.033-16.99745359,,,26/09/2016
010.033-16.99745360,,,26/09/2016
010.033-16.99745361,,,26/09/2016
010.033-16.99745362,,,26/09/2016
010.033-16.99745363,,,26/09/2016
010.033-16.99745364,,,26/09/2016
010.033-16.99745365,,,26/09/2016
010.033-16.99745366,,,26/09/2016
010.033-16.99745367,,,26/09/2016
010.033-16.99745368,,,26/09/2016
010.033-16.99745369,,,26/09/2016
010.033-16.99745370,,,26/09/2016
010.033-16.99745371,,,26/09/2016
010.033-16.99745372,,,26/09/2016
010.033-16.99745373,,,26/09/2016
010.033-16.99745374,,,26/09/2016
010.033-16.99745375,,,26/09/2016
010.033-16.99745376,,,26/09/2016
010.033-16.99745377,,,26/09/2016
010.033-16.99745378,,,26/09/2016
010.033-16.99745379,,,26/09/2016
010.033-16.99745380,,,26/09/2016
010.033-16.99745381,,,26/09/2016
010.033-16.99745382,,,26/09/2016
010.033-16.99745383,,,26/09/2016
010.033-16.99745384,,,26/09/2016
010.033-16.99745385,,,26/09/2016
010.033-16.99745386,,,26/09/2016
010.033-16.99745387,,,26/09/2016
010.033-16.99745388,,,26/09/2016
010.033-16.99745389,,,26/09/2016
010.033-16.99745390,,,26/09/2016
010.033-16.99745391,,,26/09/2016
010.033-16.99760517,,,26/09/2016
010.033-16.99760518,,,26/09/2016
010.033-16.99760519,,,26/09/2016
010.033-16.99760520,,,26/09/2016
010.033-16.99760521,,,26/09/2016
010.033-16.99760522,,,26/09/2016
010.033-16.99760523,,,26/09/2016
010.033-16.99760524,,,26/09/2016
010.033-16.99760525,,,26/09/2016
010.033-16.99760526,,,26/09/2016
010.033-16.99760527,,,26/09/2016
010.033-16.99760528,,,26/09/2016
010.033-16.99760529,,,26/09/2016
010.033-16.99760530,,,26/09/2016
010.033-16.99760531,,,26/09/2016
010.033-16.99760532,,,26/09/2016
010.033-16.99760533,,,26/09/2016
010.033-16.99760534,,,26/09/2016
010.033-16.99760535,,,26/09/2016
010.033-16.99760536,,,26/09/2016
010.033-16.99760537,,,26/09/2016
010.033-16.99760538,,,26/09/2016
010.033-16.99760539,,,26/09/2016
010.033-16.99760540,,,26/09/2016
010.033-16.99760541,,,26/09/2016
010.033-16.99760542,,,26/09/2016
010.033-16.99760543,,,26/09/2016
010.033-16.99760544,,,26/09/2016
010.033-16.99760545,,,26/09/2016
010.033-16.99760546,,,26/09/2016
010.033-16.99760547,,,26/09/2016
010.033-16.99760548,,,26/09/2016
010.033-16.99760549,,,26/09/2016
010.033-16.99760550,,,26/09/2016
010.033-16.99760551,,,26/09/2016
010.033-16.99760552,,,26/09/2016
010.033-16.99760553,,,26/09/2016
010.033-16.99760554,,,26/09/2016
010.033-16.99760555,,,26/09/2016
010.033-16.99760556,,,26/09/2016
010.033-16.99760557,,,26/09/2016
010.033-16.99760558,,,26/09/2016
010.033-16.99760559,,,26/09/2016
010.033-16.99760560,,,26/09/2016
010.033-16.99760561,,,26/09/2016
010.033-16.99760562,,,26/09/2016
010.033-16.99760563,,,26/09/2016
010.033-16.99760564,,,26/09/2016
010.033-16.99760565,,,26/09/2016
010.033-16.99760566,,,26/09/2016
010.033-16.99760567,,,26/09/2016
010.033-16.99760568,,,26/09/2016
010.033-16.99760569,,,26/09/2016
010.033-16.99760570,,,26/09/2016
010.033-16.99760571,,,26/09/2016
010.033-16.99760572,,,26/09/2016
010.033-16.99760573,,,26/09/2016
010.033-16.99760574,,,26/09/2016
010.033-16.99760575,,,26/09/2016
010.033-16.99760576,,,26/09/2016
010.033-16.99760577,,,26/09/2016
010.033-16.99760578,,,26/09/2016
010.033-16.99760579,,,26/09/2016
010.033-16.99760580,,,26/09/2016
010.033-16.99760581,,,26/09/2016
010.033-16.99760582,,,26/09/2016
010.033-16.99760583,,,26/09/2016
010.033-16.99760584,,,26/09/2016
010.033-16.99760585,,,26/09/2016
010.033-16.99760586,,,26/09/2016
010.033-16.99760587,,,26/09/2016
010.033-16.99760588,,,26/09/2016
010.033-16.99760589,,,26/09/2016
010.033-16.99760590,,,26/09/2016
010.033-16.99760591,,,26/09/2016
010.033-16.99760592,,,26/09/2016
010.033-16.99760593,,,26/09/2016
010.033-16.99760594,,,26/09/2016
010.033-16.99760595,,,26/09/2016
010.033-16.99760596,,,26/09/2016
010.033-16.99760597,,,26/09/2016
010.033-16.99760598,,,26/09/2016
010.033-16.99760599,,,26/09/2016
010.033-16.99760600,,,26/09/2016
010.033-16.99760601,,,26/09/2016
010.033-16.99760602,,,26/09/2016
010.033-16.99760603,,,26/09/2016
010.033-16.99760604,,,26/09/2016
010.033-16.99747064,,,26/09/2016
010.033-16.99747065,,,26/09/2016
010.033-16.99747066,,,26/09/2016
010.033-16.99747067,,,26/09/2016
010.033-16.99747068,,,26/09/2016
010.033-16.99747069,,,26/09/2016
010.033-16.99747070,,,26/09/2016
010.033-16.99747071,,,26/09/2016
010.033-16.99747072,,,26/09/2016
010.033-16.99747073,,,26/09/2016
010.033-16.99747074,,,26/09/2016
010.033-16.99747075,,,26/09/2016
010.033-16.99747076,,,26/09/2016
010.033-16.99747077,,,26/09/2016
010.033-16.99747078,,,26/09/2016
010.033-16.99747079,,,26/09/2016
010.033-16.99747080,,,26/09/2016
010.033-16.99747081,,,26/09/2016
010.033-16.99747082,,,26/09/2016
010.033-16.99747083,,,26/09/2016
010.033-16.99747084,,,26/09/2016
010.033-16.99747085,,,26/09/2016
010.033-16.99747086,,,26/09/2016
010.033-16.99747087,,,26/09/2016
010.033-16.99747088,,,26/09/2016
010.033-16.99747089,,,26/09/2016
010.033-16.99747090,,,26/09/2016
010.033-16.99747091,,,26/09/2016
010.033-16.99747092,,,26/09/2016
010.033-16.99747093,,,26/09/2016
010.033-16.99747094,,,26/09/2016
010.033-16.99747095,,,26/09/2016
010.033-16.99747096,,,26/09/2016
010.033-16.99747097,,,26/09/2016
010.033-16.99747098,,,26/09/2016
010.033-16.99747099,,,26/09/2016
010.033-16.99747100,,,26/09/2016
010.033-16.99747101,,,26/09/2016
010.033-16.99747102,,,26/09/2016
010.033-16.99747103,,,26/09/2016
010.033-16.99747104,,,26/09/2016
010.033-16.99747105,,,26/09/2016
010.033-16.99747106,,,26/09/2016
010.033-16.99747107,,,26/09/2016
010.033-16.99747108,,,26/09/2016
010.033-16.99747109,,,26/09/2016
010.033-16.99747110,,,26/09/2016
010.033-16.99747111,,,26/09/2016
010.033-16.99747112,,,26/09/2016
010.033-16.99747113,,,26/09/2016
010.033-16.99747114,,,26/09/2016
010.033-16.99747115,,,26/09/2016
010.033-16.99747116,,,26/09/2016
010.033-16.99747117,,,26/09/2016
010.033-16.99747118,,,26/09/2016
010.033-16.99747119,,,26/09/2016
010.033-16.99747120,,,26/09/2016
010.033-16.99747121,,,26/09/2016
010.033-16.99747122,,,26/09/2016
010.033-16.99747123,,,26/09/2016
010.033-16.99747124,,,26/09/2016
010.033-16.99747125,,,26/09/2016
010.033-16.99747126,,,26/09/2016
010.033-16.99747127,,,26/09/2016
010.033-16.99747128,,,26/09/2016
010.033-16.99747129,,,26/09/2016
010.033-16.99747130,,,26/09/2016
010.033-16.99747131,,,26/09/2016
010.033-16.99747132,,,26/09/2016
010.033-16.99747133,,,26/09/2016
010.033-16.99747134,,,26/09/2016
010.033-16.99747135,,,26/09/2016
010.033-16.99747136,,,26/09/2016
010.033-16.99747137,,,26/09/2016
010.033-16.99747138,,,26/09/2016
010.033-16.99747139,,,26/09/2016
010.033-16.99747140,,,26/09/2016
010.033-16.99747141,,,26/09/2016
010.033-16.99747142,,,26/09/2016
010.033-16.99747143,,,26/09/2016
010.033-16.99747144,,,26/09/2016
010.033-16.99747145,,,26/09/2016
010.033-16.99747146,,,26/09/2016
010.033-16.99747147,,,26/09/2016
010.033-16.99747148,,,26/09/2016
010.033-16.99747149,,,26/09/2016
010.033-16.99747150,,,26/09/2016
010.033-16.99747151,,,26/09/2016
010.033-16.99758988,,,26/09/2016
010.033-16.99758989,,,26/09/2016
010.033-16.99758990,,,26/09/2016
010.033-16.99758991,,,26/09/2016
010.033-16.99758992,,,26/09/2016
010.033-16.99758993,,,26/09/2016
010.033-16.99758994,,,26/09/2016
010.033-16.99758995,,,26/09/2016
010.033-16.99758996,,,26/09/2016
010.033-16.99758997,,,26/09/2016
010.033-16.99758998,,,26/09/2016
010.033-16.99758999,,,26/09/2016
010.033-16.99759000,,,26/09/2016
010.033-16.99759001,,,26/09/2016
010.033-16.99759002,,,26/09/2016
010.033-16.99759003,,,26/09/2016
010.033-16.99759004,,,26/09/2016
010.033-16.99759005,,,26/09/2016
010.033-16.99759006,,,26/09/2016
010.033-16.99759007,,,26/09/2016
010.033-16.99759008,,,26/09/2016
010.033-16.99759009,,,26/09/2016
010.033-16.99759010,,,26/09/2016
010.033-16.99759011,,,26/09/2016
010.033-16.99759012,,,26/09/2016
010.033-16.99759013,,,26/09/2016
010.033-16.99759014,,,26/09/2016
010.033-16.99759015,,,26/09/2016
010.033-16.99759016,,,26/09/2016
010.033-16.99759017,,,26/09/2016
010.033-16.99759018,,,26/09/2016
010.033-16.99759019,,,26/09/2016
010.033-16.99759020,,,26/09/2016
010.033-16.99759021,,,26/09/2016
010.033-16.99759022,,,26/09/2016
010.033-16.99759023,,,26/09/2016
010.033-16.99759024,,,26/09/2016
010.033-16.99759025,,,26/09/2016
010.033-16.99759026,,,26/09/2016
010.033-16.99759027,,,26/09/2016
010.033-16.99759028,,,26/09/2016
010.033-16.99759029,,,26/09/2016
010.033-16.99759030,,,26/09/2016
010.033-16.99759031,,,26/09/2016
010.033-16.99759032,,,26/09/2016
010.033-16.99759033,,,26/09/2016
010.033-16.99759034,,,26/09/2016
010.033-16.99759035,,,26/09/2016
010.033-16.99759036,,,26/09/2016
010.033-16.99759037,,,26/09/2016
010.033-16.99759038,,,26/09/2016
010.033-16.99759039,,,26/09/2016
010.033-16.99759040,,,26/09/2016
010.033-16.99759041,,,26/09/2016
010.033-16.99759042,,,26/09/2016
010.033-16.99759043,,,26/09/2016
010.033-16.99759044,,,26/09/2016
010.033-16.99759045,,,26/09/2016
010.033-16.99759046,,,26/09/2016
010.033-16.99759047,,,26/09/2016
010.033-16.99759048,,,26/09/2016
010.033-16.99759049,,,26/09/2016
010.033-16.99759050,,,26/09/2016
010.033-16.99759051,,,26/09/2016
010.033-16.99759052,,,26/09/2016
010.033-16.99759053,,,26/09/2016
010.033-16.99759054,,,26/09/2016
010.033-16.99759055,,,26/09/2016
010.033-16.99759056,,,26/09/2016
010.033-16.99759057,,,26/09/2016
010.033-16.99759058,,,26/09/2016
010.033-16.99759059,,,26/09/2016
010.033-16.99759060,,,26/09/2016
010.033-16.99759061,,,26/09/2016
010.033-16.99759062,,,26/09/2016
010.033-16.99759063,,,26/09/2016
010.033-16.99759064,,,26/09/2016
010.033-16.99759065,,,26/09/2016
010.033-16.99759066,,,26/09/2016
010.033-16.99759067,,,26/09/2016
010.033-16.99759068,,,26/09/2016
010.033-16.99759069,,,26/09/2016
010.033-16.99759070,,,26/09/2016
010.033-16.99759071,,,26/09/2016
010.033-16.99759072,,,26/09/2016
010.033-16.99759073,,,26/09/2016
010.033-16.99759074,,,26/09/2016
010.033-16.99759075,,,26/09/2016
010.033-16.99745392,,,26/09/2016
010.033-16.99745393,,,26/09/2016
010.033-16.99745394,,,26/09/2016
010.033-16.99745395,,,26/09/2016
010.033-16.99745396,,,26/09/2016
010.033-16.99745397,,,26/09/2016
010.033-16.99745398,,,26/09/2016
010.033-16.99745399,,,26/09/2016
010.033-16.99745400,,,26/09/2016
010.033-16.99745401,,,26/09/2016
010.033-16.99745402,,,26/09/2016
010.033-16.99745403,,,26/09/2016
010.033-16.99745404,,,26/09/2016
010.033-16.99745405,,,26/09/2016
010.033-16.99745406,,,26/09/2016
010.033-16.99745407,,,26/09/2016
010.033-16.99745408,,,26/09/2016
010.033-16.99745409,,,26/09/2016
010.033-16.99745410,,,26/09/2016
010.033-16.99745411,,,26/09/2016
010.033-16.99745412,,,26/09/2016
010.033-16.99745413,,,26/09/2016
010.033-16.99745414,,,26/09/2016
010.033-16.99745415,,,26/09/2016
010.033-16.99745416,,,26/09/2016
010.033-16.99745417,,,26/09/2016
010.033-16.99745418,,,26/09/2016
010.033-16.99745419,,,26/09/2016
010.033-16.99745420,,,26/09/2016
010.033-16.99745421,,,26/09/2016
010.033-16.99745422,,,26/09/2016
010.033-16.99745423,,,26/09/2016
010.033-16.99745424,,,26/09/2016
010.033-16.99745425,,,26/09/2016
010.033-16.99745426,,,26/09/2016
010.033-16.99745427,,,26/09/2016
010.033-16.99745428,,,26/09/2016
010.033-16.99745429,,,26/09/2016
010.033-16.99745430,,,26/09/2016
010.033-16.99745431,,,26/09/2016
010.033-16.99745432,,,26/09/2016
010.033-16.99745433,,,26/09/2016
010.033-16.99745434,,,26/09/2016
010.033-16.99745435,,,26/09/2016
010.033-16.99745436,,,26/09/2016
010.033-16.99745437,,,26/09/2016
010.033-16.99745438,,,26/09/2016
010.033-16.99745439,,,26/09/2016
010.033-16.99745440,,,26/09/2016
010.033-16.99745441,,,26/09/2016
010.033-16.99745442,,,26/09/2016
010.033-16.99745443,,,26/09/2016
010.033-16.99745444,,,26/09/2016
010.033-16.99745445,,,26/09/2016
010.033-16.99745446,,,26/09/2016
010.033-16.99745447,,,26/09/2016
010.033-16.99745448,,,26/09/2016
010.033-16.99745449,,,26/09/2016
010.033-16.99745450,,,26/09/2016
010.033-16.99745451,,,26/09/2016
010.033-16.99745452,,,26/09/2016
010.033-16.99745453,,,26/09/2016
010.033-16.99745454,,,26/09/2016
010.033-16.99745455,,,26/09/2016
010.033-16.99745456,,,26/09/2016
010.033-16.99745457,,,26/09/2016
010.033-16.99745458,,,26/09/2016
010.033-16.99745459,,,26/09/2016
010.033-16.99745460,,,26/09/2016
010.033-16.99745461,,,26/09/2016
010.033-16.99745462,,,26/09/2016
010.033-16.99745463,,,26/09/2016
010.033-16.99745464,,,26/09/2016
010.033-16.99745465,,,26/09/2016
010.033-16.99745466,,,26/09/2016
010.033-16.99745467,,,26/09/2016
010.033-16.99745468,,,26/09/2016
010.033-16.99745469,,,26/09/2016
010.033-16.99745470,,,26/09/2016
010.033-16.99745471,,,26/09/2016
010.033-16.99745472,,,26/09/2016
010.033-16.99745473,,,26/09/2016
010.033-16.99745474,,,26/09/2016
010.033-16.99745475,,,26/09/2016
010.033-16.99745476,,,26/09/2016
010.033-16.99745477,,,26/09/2016
010.033-16.99745478,,,26/09/2016
010.033-16.99745479,,,26/09/2016
010.033-16.99752058,,,26/09/2016
010.033-16.99752059,,,26/09/2016
010.033-16.99752060,,,26/09/2016
010.033-16.99752061,,,26/09/2016
010.033-16.99752062,,,26/09/2016
010.033-16.99752063,,,26/09/2016
010.033-16.99752064,,,26/09/2016
010.033-16.99752065,,,26/09/2016
010.033-16.99752066,,,26/09/2016
010.033-16.99752067,,,26/09/2016
010.033-16.99752068,,,26/09/2016
010.033-16.99752069,,,26/09/2016
010.033-16.99752070,,,26/09/2016
010.033-16.99752071,,,26/09/2016
010.033-16.99752072,,,26/09/2016
010.033-16.99752073,,,26/09/2016
010.033-16.99752074,,,26/09/2016
010.033-16.99752075,,,26/09/2016
010.033-16.99752076,,,26/09/2016
010.033-16.99752077,,,26/09/2016
010.033-16.99752078,,,26/09/2016
010.033-16.99752079,,,26/09/2016
010.033-16.99752080,,,26/09/2016
010.033-16.99752081,,,26/09/2016
010.033-16.99752082,,,26/09/2016
010.033-16.99752083,,,26/09/2016
010.033-16.99752084,,,26/09/2016
010.033-16.99752085,,,26/09/2016
010.033-16.99752086,,,26/09/2016
010.033-16.99752087,,,26/09/2016
010.033-16.99752088,,,26/09/2016
010.033-16.99752089,,,26/09/2016
010.033-16.99752090,,,26/09/2016
010.033-16.99752091,,,26/09/2016
010.033-16.99752092,,,26/09/2016
010.033-16.99752093,,,26/09/2016
010.033-16.99752094,,,26/09/2016
010.033-16.99752095,,,26/09/2016
010.033-16.99752096,,,26/09/2016
010.033-16.99752097,,,26/09/2016
010.033-16.99752098,,,26/09/2016
010.033-16.99752099,,,26/09/2016
010.033-16.99752100,,,26/09/2016
010.033-16.99752101,,,26/09/2016
010.033-16.99752102,,,26/09/2016
010.033-16.99752103,,,26/09/2016
010.033-16.99752104,,,26/09/2016
010.033-16.99752105,,,26/09/2016
010.033-16.99752106,,,26/09/2016
010.033-16.99752107,,,26/09/2016
010.033-16.99752108,,,26/09/2016
010.033-16.99752109,,,26/09/2016
010.033-16.99752110,,,26/09/2016
010.033-16.99752111,,,26/09/2016
010.033-16.99752112,,,26/09/2016
010.033-16.99752113,,,26/09/2016
010.033-16.99752114,,,26/09/2016
010.033-16.99752115,,,26/09/2016
010.033-16.99752116,,,26/09/2016
010.033-16.99752117,,,26/09/2016
010.033-16.99752118,,,26/09/2016
010.033-16.99752119,,,26/09/2016
010.033-16.99752120,,,26/09/2016
010.033-16.99752121,,,26/09/2016
010.033-16.99752122,,,26/09/2016
010.033-16.99752123,,,26/09/2016
010.033-16.99752124,,,26/09/2016
010.033-16.99752125,,,26/09/2016
010.033-16.99752126,,,26/09/2016
010.033-16.99752127,,,26/09/2016
010.033-16.99752128,,,26/09/2016
010.033-16.99752129,,,26/09/2016
010.033-16.99752130,,,26/09/2016
010.033-16.99752131,,,26/09/2016
010.033-16.99752132,,,26/09/2016
010.033-16.99752133,,,26/09/2016
010.033-16.99752134,,,26/09/2016
010.033-16.99752135,,,26/09/2016
010.033-16.99752136,,,26/09/2016
010.033-16.99752137,,,26/09/2016
010.033-16.99752138,,,26/09/2016
010.033-16.99752139,,,26/09/2016
010.033-16.99752140,,,26/09/2016
010.033-16.99752141,,,26/09/2016
010.033-16.99752142,,,26/09/2016
010.033-16.99752143,,,26/09/2016
010.033-16.99752144,,,26/09/2016
010.033-16.99752145,,,26/09/2016
010.033-16.99748505,,,26/09/2016
010.033-16.99748506,,,26/09/2016
010.033-16.99748507,,,26/09/2016
010.033-16.99748508,,,26/09/2016
010.033-16.99748509,,,26/09/2016
010.033-16.99748510,,,26/09/2016
010.033-16.99748511,,,26/09/2016
010.033-16.99748512,,,26/09/2016
010.033-16.99748513,,,26/09/2016
010.033-16.99748514,,,26/09/2016
010.033-16.99748515,,,26/09/2016
010.033-16.99748516,,,26/09/2016
010.033-16.99748517,,,26/09/2016
010.033-16.99748518,,,26/09/2016
010.033-16.99748519,,,26/09/2016
010.033-16.99748520,,,26/09/2016
010.033-16.99748521,,,26/09/2016
010.033-16.99748522,,,26/09/2016
010.033-16.99748523,,,26/09/2016
010.033-16.99748524,,,26/09/2016
010.033-16.99748525,,,26/09/2016
010.033-16.99748526,,,26/09/2016
010.033-16.99748527,,,26/09/2016
010.033-16.99748528,,,26/09/2016
010.033-16.99748529,,,26/09/2016
010.033-16.99748530,,,26/09/2016
010.033-16.99748531,,,26/09/2016
010.033-16.99748532,,,26/09/2016
010.033-16.99748533,,,26/09/2016
010.033-16.99748534,,,26/09/2016
010.033-16.99748535,,,26/09/2016
010.033-16.99748536,,,26/09/2016
010.033-16.99748537,,,26/09/2016
010.033-16.99748538,,,26/09/2016
010.033-16.99748539,,,26/09/2016
010.033-16.99748540,,,26/09/2016
010.033-16.99748541,,,26/09/2016
010.033-16.99748542,,,26/09/2016
010.033-16.99748543,,,26/09/2016
010.033-16.99748544,,,26/09/2016
010.033-16.99748545,,,26/09/2016
010.033-16.99748546,,,26/09/2016
010.033-16.99748547,,,26/09/2016
010.033-16.99748548,,,26/09/2016
010.033-16.99748549,,,26/09/2016
010.033-16.99748550,,,26/09/2016
010.033-16.99748551,,,26/09/2016
010.033-16.99748552,,,26/09/2016
010.033-16.99748553,,,26/09/2016
010.033-16.99748554,,,26/09/2016
010.033-16.99748555,,,26/09/2016
010.033-16.99748556,,,26/09/2016
010.033-16.99748557,,,26/09/2016
010.033-16.99748558,,,26/09/2016
010.033-16.99748559,,,26/09/2016
010.033-16.99748560,,,26/09/2016
010.033-16.99748561,,,26/09/2016
010.033-16.99748562,,,26/09/2016
010.033-16.99748563,,,26/09/2016
010.033-16.99748564,,,26/09/2016
010.033-16.99748565,,,26/09/2016
010.033-16.99748566,,,26/09/2016
010.033-16.99748567,,,26/09/2016
010.033-16.99748568,,,26/09/2016
010.033-16.99748569,,,26/09/2016
010.033-16.99748570,,,26/09/2016
010.033-16.99748571,,,26/09/2016
010.033-16.99748572,,,26/09/2016
010.033-16.99748573,,,26/09/2016
010.033-16.99748574,,,26/09/2016
010.033-16.99748575,,,26/09/2016
010.033-16.99748576,,,26/09/2016
010.033-16.99748577,,,26/09/2016
010.033-16.99748578,,,26/09/2016
010.033-16.99748579,,,26/09/2016
010.033-16.99748580,,,26/09/2016
010.033-16.99748581,,,26/09/2016
010.033-16.99748582,,,26/09/2016
010.033-16.99748583,,,26/09/2016
010.033-16.99748584,,,26/09/2016
010.033-16.99748585,,,26/09/2016
010.033-16.99748586,,,26/09/2016
010.033-16.99748587,,,26/09/2016
010.033-16.99748588,,,26/09/2016
010.033-16.99748589,,,26/09/2016
010.033-16.99748590,,,26/09/2016
010.033-16.99748591,,,26/09/2016
010.033-16.99748592,,,26/09/2016
010.033-16.99759076,,,26/09/2016
010.033-16.99759077,,,26/09/2016
010.033-16.99759078,,,26/09/2016
010.033-16.99759079,,,26/09/2016
010.033-16.99759080,,,26/09/2016
010.033-16.99759081,,,26/09/2016
010.033-16.99759082,,,26/09/2016
010.033-16.99759083,,,26/09/2016
010.033-16.99759084,,,26/09/2016
010.033-16.99759085,,,26/09/2016
010.033-16.99759086,,,26/09/2016
010.033-16.99759087,,,26/09/2016
010.033-16.99759088,,,26/09/2016
010.033-16.99759089,,,26/09/2016
010.033-16.99759090,,,26/09/2016
010.033-16.99759091,,,26/09/2016
010.033-16.99759092,,,26/09/2016
010.033-16.99759093,,,26/09/2016
010.033-16.99759094,,,26/09/2016
010.033-16.99759095,,,26/09/2016
010.033-16.99759096,,,26/09/2016
010.033-16.99759097,,,26/09/2016
010.033-16.99759098,,,26/09/2016
010.033-16.99759099,,,26/09/2016
010.033-16.99759100,,,26/09/2016
010.033-16.99759101,,,26/09/2016
010.033-16.99759102,,,26/09/2016
010.033-16.99759103,,,26/09/2016
010.033-16.99759104,,,26/09/2016
010.033-16.99759105,,,26/09/2016
010.033-16.99759106,,,26/09/2016
010.033-16.99759107,,,26/09/2016
010.033-16.99759108,,,26/09/2016
010.033-16.99759109,,,26/09/2016
010.033-16.99759110,,,26/09/2016
010.033-16.99759111,,,26/09/2016
010.033-16.99759112,,,26/09/2016
010.033-16.99759113,,,26/09/2016
010.033-16.99759114,,,26/09/2016
010.033-16.99759115,,,26/09/2016
010.033-16.99759116,,,26/09/2016
010.033-16.99759117,,,26/09/2016
010.033-16.99759118,,,26/09/2016
010.033-16.99759119,,,26/09/2016
010.033-16.99759120,,,26/09/2016
010.033-16.99759121,,,26/09/2016
010.033-16.99759122,,,26/09/2016
010.033-16.99759123,,,26/09/2016
010.033-16.99759124,,,26/09/2016
010.033-16.99759125,,,26/09/2016
010.033-16.99759126,,,26/09/2016
010.033-16.99759127,,,26/09/2016
010.033-16.99759128,,,26/09/2016
010.033-16.99759129,,,26/09/2016
010.033-16.99759130,,,26/09/2016
010.033-16.99759131,,,26/09/2016
010.033-16.99759132,,,26/09/2016
010.033-16.99759133,,,26/09/2016
010.033-16.99759134,,,26/09/2016
010.033-16.99759135,,,26/09/2016
010.033-16.99759136,,,26/09/2016
010.033-16.99759137,,,26/09/2016
010.033-16.99759138,,,26/09/2016
010.033-16.99759139,,,26/09/2016
010.033-16.99759140,,,26/09/2016
010.033-16.99759141,,,26/09/2016
010.033-16.99759142,,,26/09/2016
010.033-16.99759143,,,26/09/2016
010.033-16.99759144,,,26/09/2016
010.033-16.99759145,,,26/09/2016
010.033-16.99759146,,,26/09/2016
010.033-16.99759147,,,26/09/2016
010.033-16.99759148,,,26/09/2016
010.033-16.99759149,,,26/09/2016
010.033-16.99759150,,,26/09/2016
010.033-16.99759151,,,26/09/2016
010.033-16.99759152,,,26/09/2016
010.033-16.99759153,,,26/09/2016
010.033-16.99759154,,,26/09/2016
010.033-16.99759155,,,26/09/2016
010.033-16.99759156,,,26/09/2016
010.033-16.99759157,,,26/09/2016
010.033-16.99759158,,,26/09/2016
010.033-16.99759159,,,26/09/2016
010.033-16.99759160,,,26/09/2016
010.033-16.99759161,,,26/09/2016
010.033-16.99759162,,,26/09/2016
010.033-16.99759163,,,26/09/2016
010.033-16.99759164,,,26/09/2016
010.033-16.99759165,,,26/09/2016
010.033-16.99759166,,,26/09/2016
010.033-16.99759167,,,26/09/2016
010.033-16.99759168,,,26/09/2016
010.033-16.99759169,,,26/09/2016
010.033-16.99759170,,,26/09/2016
010.033-16.99759171,,,26/09/2016
010.033-16.99759172,,,26/09/2016
010.033-16.99759173,,,26/09/2016
010.033-16.99759174,,,26/09/2016
010.033-16.99759175,,,26/09/2016
010.033-16.99759176,,,26/09/2016
010.033-16.99759177,,,26/09/2016
010.033-16.99759178,,,26/09/2016
010.033-16.99759179,,,26/09/2016
010.033-16.99759180,,,26/09/2016
010.033-16.99759181,,,26/09/2016
010.033-16.99759182,,,26/09/2016
010.033-16.99759183,,,26/09/2016
010.033-16.99759184,,,26/09/2016
010.033-16.99759185,,,26/09/2016
010.033-16.99759186,,,26/09/2016
010.033-16.99759187,,,26/09/2016
010.033-16.99759188,,,26/09/2016
010.033-16.99759189,,,26/09/2016
010.033-16.99759190,,,26/09/2016
010.033-16.99759191,,,26/09/2016
010.033-16.99759192,,,26/09/2016
010.033-16.99759193,,,26/09/2016
010.033-16.99759194,,,26/09/2016
010.033-16.99759195,,,26/09/2016
010.033-16.99759196,,,26/09/2016
010.033-16.99759197,,,26/09/2016
010.033-16.99759198,,,26/09/2016
010.033-16.99759199,,,26/09/2016
010.033-16.99759200,,,26/09/2016
010.033-16.99759201,,,26/09/2016
010.033-16.99759202,,,26/09/2016
010.033-16.99759203,,,26/09/2016
010.033-16.99759204,,,26/09/2016
010.033-16.99759205,,,26/09/2016
010.033-16.99759206,,,26/09/2016
010.033-16.99759207,,,26/09/2016
010.033-16.99759208,,,26/09/2016
010.033-16.99759209,,,26/09/2016
010.033-16.99759210,,,26/09/2016
010.033-16.99759211,,,26/09/2016
010.033-16.99759212,,,26/09/2016
010.033-16.99759213,,,26/09/2016
010.033-16.99759214,,,26/09/2016
010.033-16.99759215,,,26/09/2016
010.033-16.99759216,,,26/09/2016
010.033-16.99759217,,,26/09/2016
010.033-16.99759218,,,26/09/2016
010.033-16.99759219,,,26/09/2016
010.033-16.99759220,,,26/09/2016
010.033-16.99759221,,,26/09/2016
010.033-16.99759222,,,26/09/2016
010.033-16.99759223,,,26/09/2016
010.033-16.99759224,,,26/09/2016
010.033-16.99759225,,,26/09/2016
010.033-16.99759226,,,26/09/2016
010.033-16.99759227,,,26/09/2016
010.033-16.99759228,,,26/09/2016
010.033-16.99759229,,,26/09/2016
010.033-16.99759230,,,26/09/2016
010.033-16.99759231,,,26/09/2016
010.033-16.99759232,,,26/09/2016
010.033-16.99759233,,,26/09/2016
010.033-16.99759234,,,26/09/2016
010.033-16.99759235,,,26/09/2016
010.033-16.99759236,,,26/09/2016
010.033-16.99759237,,,26/09/2016
010.033-16.99759238,,,26/09/2016
010.033-16.99759239,,,26/09/2016
010.033-16.99759240,,,26/09/2016
010.033-16.99759241,,,26/09/2016
010.033-16.99759242,,,26/09/2016
010.033-16.99759243,,,26/09/2016
010.033-16.99759244,,,26/09/2016
010.033-16.99759245,,,26/09/2016
010.033-16.99759246,,,26/09/2016
010.033-16.99759247,,,26/09/2016
010.033-16.99759248,,,26/09/2016
010.033-16.99759249,,,26/09/2016
010.033-16.99759250,,,26/09/2016
010.033-16.99759251,,,26/09/2016
010.033-16.99748593,,,26/09/2016
010.033-16.99748594,,,26/09/2016
010.033-16.99748595,,,26/09/2016
010.033-16.99748596,,,26/09/2016
010.033-16.99748597,,,26/09/2016
010.033-16.99748598,,,26/09/2016
010.033-16.99748599,,,26/09/2016
010.033-16.99748600,,,26/09/2016
010.033-16.99748601,,,26/09/2016
010.033-16.99748602,,,26/09/2016
010.033-16.99748603,,,26/09/2016
010.033-16.99748604,,,26/09/2016
010.033-16.99748605,,,26/09/2016
010.033-16.99748606,,,26/09/2016
010.033-16.99748607,,,26/09/2016
010.033-16.99748608,,,26/09/2016
010.033-16.99748609,,,26/09/2016
010.033-16.99748610,,,26/09/2016
010.033-16.99748611,,,26/09/2016
010.033-16.99748612,,,26/09/2016
010.033-16.99748613,,,26/09/2016
010.033-16.99748614,,,26/09/2016
010.033-16.99748615,,,26/09/2016
010.033-16.99748616,,,26/09/2016
010.033-16.99748617,,,26/09/2016
010.033-16.99748618,,,26/09/2016
010.033-16.99748619,,,26/09/2016
010.033-16.99748620,,,26/09/2016
010.033-16.99748621,,,26/09/2016
010.033-16.99748622,,,26/09/2016
010.033-16.99748623,,,26/09/2016
010.033-16.99748624,,,26/09/2016
010.033-16.99748625,,,26/09/2016
010.033-16.99748626,,,26/09/2016
010.033-16.99748627,,,26/09/2016
010.033-16.99748628,,,26/09/2016
010.033-16.99748629,,,26/09/2016
010.033-16.99748630,,,26/09/2016
010.033-16.99748631,,,26/09/2016
010.033-16.99748632,,,26/09/2016
010.033-16.99748633,,,26/09/2016
010.033-16.99748634,,,26/09/2016
010.033-16.99748635,,,26/09/2016
010.033-16.99748636,,,26/09/2016
010.033-16.99748637,,,26/09/2016
010.033-16.99748638,,,26/09/2016
010.033-16.99748639,,,26/09/2016
010.033-16.99748640,,,26/09/2016
010.033-16.99748641,,,26/09/2016
010.033-16.99748642,,,26/09/2016
010.033-16.99748643,,,26/09/2016
010.033-16.99748644,,,26/09/2016
010.033-16.99748645,,,26/09/2016
010.033-16.99748646,,,26/09/2016
010.033-16.99748647,,,26/09/2016
010.033-16.99748648,,,26/09/2016
010.033-16.99748649,,,26/09/2016
010.033-16.99748650,,,26/09/2016
010.033-16.99748651,,,26/09/2016
010.033-16.99748652,,,26/09/2016
010.033-16.99748653,,,26/09/2016
010.033-16.99748654,,,26/09/2016
010.033-16.99748655,,,26/09/2016
010.033-16.99748656,,,26/09/2016
010.033-16.99748657,,,26/09/2016
010.033-16.99748658,,,26/09/2016
010.033-16.99748659,,,26/09/2016
010.033-16.99748660,,,26/09/2016
010.033-16.99748661,,,26/09/2016
010.033-16.99748662,,,26/09/2016
010.033-16.99748663,,,26/09/2016
010.033-16.99748664,,,26/09/2016
010.033-16.99748665,,,26/09/2016
010.033-16.99748666,,,26/09/2016
010.033-16.99748667,,,26/09/2016
010.033-16.99748668,,,26/09/2016
010.033-16.99748669,,,26/09/2016
010.033-16.99748670,,,26/09/2016
010.033-16.99748671,,,26/09/2016
010.033-16.99748672,,,26/09/2016
010.033-16.99748673,,,26/09/2016
010.033-16.99748674,,,26/09/2016
010.033-16.99748675,,,26/09/2016
010.033-16.99748676,,,26/09/2016
010.033-16.99748677,,,26/09/2016
010.033-16.99748678,,,26/09/2016
010.033-16.99748679,,,26/09/2016
010.033-16.99748680,,,26/09/2016
010.033-16.99747152,,,26/09/2016
010.033-16.99747153,,,26/09/2016
010.033-16.99747154,,,26/09/2016
010.033-16.99747155,,,26/09/2016
010.033-16.99747156,,,26/09/2016
010.033-16.99747157,,,26/09/2016
010.033-16.99747158,,,26/09/2016
010.033-16.99747159,,,26/09/2016
010.033-16.99747160,,,26/09/2016
010.033-16.99747161,,,26/09/2016
010.033-16.99747162,,,26/09/2016
010.033-16.99747163,,,26/09/2016
010.033-16.99747164,,,26/09/2016
010.033-16.99747165,,,26/09/2016
010.033-16.99747166,,,26/09/2016
010.033-16.99747167,,,26/09/2016
010.033-16.99747168,,,26/09/2016
010.033-16.99747169,,,26/09/2016
010.033-16.99747170,,,26/09/2016
010.033-16.99747171,,,26/09/2016
010.033-16.99747172,,,26/09/2016
010.033-16.99747173,,,26/09/2016
010.033-16.99747174,,,26/09/2016
010.033-16.99747175,,,26/09/2016
010.033-16.99747176,,,26/09/2016
010.033-16.99747177,,,26/09/2016
010.033-16.99747178,,,26/09/2016
010.033-16.99747179,,,26/09/2016
010.033-16.99747180,,,26/09/2016
010.033-16.99747181,,,26/09/2016
010.033-16.99747182,,,26/09/2016
010.033-16.99747183,,,26/09/2016
010.033-16.99747184,,,26/09/2016
010.033-16.99747185,,,26/09/2016
010.033-16.99747186,,,26/09/2016
010.033-16.99747187,,,26/09/2016
010.033-16.99747188,,,26/09/2016
010.033-16.99747189,,,26/09/2016
010.033-16.99747190,,,26/09/2016
010.033-16.99747191,,,26/09/2016
010.033-16.99747192,,,26/09/2016
010.033-16.99747193,,,26/09/2016
010.033-16.99747194,,,26/09/2016
010.033-16.99747195,,,26/09/2016
010.033-16.99747196,,,26/09/2016
010.033-16.99747197,,,26/09/2016
010.033-16.99747198,,,26/09/2016
010.033-16.99747199,,,26/09/2016
010.033-16.99747200,,,26/09/2016
010.033-16.99747201,,,26/09/2016
010.033-16.99747202,,,26/09/2016
010.033-16.99747203,,,26/09/2016
010.033-16.99747204,,,26/09/2016
010.033-16.99747205,,,26/09/2016
010.033-16.99747206,,,26/09/2016
010.033-16.99747207,,,26/09/2016
010.033-16.99747208,,,26/09/2016
010.033-16.99747209,,,26/09/2016
010.033-16.99747210,,,26/09/2016
010.033-16.99747211,,,26/09/2016
010.033-16.99747212,,,26/09/2016
010.033-16.99747213,,,26/09/2016
010.033-16.99747214,,,26/09/2016
010.033-16.99747215,,,26/09/2016
010.033-16.99747216,,,26/09/2016
010.033-16.99747217,,,26/09/2016
010.033-16.99747218,,,26/09/2016
010.033-16.99747219,,,26/09/2016
010.033-16.99747220,,,26/09/2016
010.033-16.99747221,,,26/09/2016
010.033-16.99747222,,,26/09/2016
010.033-16.99747223,,,26/09/2016
010.033-16.99747224,,,26/09/2016
010.033-16.99747225,,,26/09/2016
010.033-16.99747226,,,26/09/2016
010.033-16.99747227,,,26/09/2016
010.033-16.99747228,,,26/09/2016
010.033-16.99747229,,,26/09/2016
010.033-16.99747230,,,26/09/2016
010.033-16.99747231,,,26/09/2016
010.033-16.99747232,,,26/09/2016
010.033-16.99747233,,,26/09/2016
010.033-16.99747234,,,26/09/2016
010.033-16.99747235,,,26/09/2016
010.033-16.99747236,,,26/09/2016
010.033-16.99747237,,,26/09/2016
010.033-16.99747238,,,26/09/2016
010.033-16.99747239,,,26/09/2016
010.033-16.99748681,,,26/09/2016
010.033-16.99748682,,,26/09/2016
010.033-16.99748683,,,26/09/2016
010.033-16.99748684,,,26/09/2016
010.033-16.99748685,,,26/09/2016
010.033-16.99748686,,,26/09/2016
010.033-16.99748687,,,26/09/2016
010.033-16.99748688,,,26/09/2016
010.033-16.99748689,,,26/09/2016
010.033-16.99748690,,,26/09/2016
010.033-16.99748691,,,26/09/2016
010.033-16.99748692,,,26/09/2016
010.033-16.99748693,,,26/09/2016
010.033-16.99748694,,,26/09/2016
010.033-16.99748695,,,26/09/2016
010.033-16.99748696,,,26/09/2016
010.033-16.99748697,,,26/09/2016
010.033-16.99748698,,,26/09/2016
010.033-16.99748699,,,26/09/2016
010.033-16.99748700,,,26/09/2016
010.033-16.99748701,,,26/09/2016
010.033-16.99748702,,,26/09/2016
010.033-16.99748703,,,26/09/2016
010.033-16.99748704,,,26/09/2016
010.033-16.99748705,,,26/09/2016
010.033-16.99748706,,,26/09/2016
010.033-16.99748707,,,26/09/2016
010.033-16.99748708,,,26/09/2016
010.033-16.99748709,,,26/09/2016
010.033-16.99748710,,,26/09/2016
010.033-16.99748711,,,26/09/2016
010.033-16.99748712,,,26/09/2016
010.033-16.99748713,,,26/09/2016
010.033-16.99748714,,,26/09/2016
010.033-16.99748715,,,26/09/2016
010.033-16.99748716,,,26/09/2016
010.033-16.99748717,,,26/09/2016
010.033-16.99748718,,,26/09/2016
010.033-16.99748719,,,26/09/2016
010.033-16.99748720,,,26/09/2016
010.033-16.99748721,,,26/09/2016
010.033-16.99748722,,,26/09/2016
010.033-16.99748723,,,26/09/2016
010.033-16.99748724,,,26/09/2016
010.033-16.99748725,,,26/09/2016
010.033-16.99748726,,,26/09/2016
010.033-16.99748727,,,26/09/2016
010.033-16.99748728,,,26/09/2016
010.033-16.99748729,,,26/09/2016
010.033-16.99748730,,,26/09/2016
010.033-16.99748731,,,26/09/2016
010.033-16.99748732,,,26/09/2016
010.033-16.99748733,,,26/09/2016
010.033-16.99748734,,,26/09/2016
010.033-16.99748735,,,26/09/2016
010.033-16.99748736,,,26/09/2016
010.033-16.99748737,,,26/09/2016
010.033-16.99748738,,,26/09/2016
010.033-16.99748739,,,26/09/2016
010.033-16.99748740,,,26/09/2016
010.033-16.99748741,,,26/09/2016
010.033-16.99748742,,,26/09/2016
010.033-16.99748743,,,26/09/2016
010.033-16.99748744,,,26/09/2016
010.033-16.99748745,,,26/09/2016
010.033-16.99748746,,,26/09/2016
010.033-16.99748747,,,26/09/2016
010.033-16.99748748,,,26/09/2016
010.033-16.99748749,,,26/09/2016
010.033-16.99748750,,,26/09/2016
010.033-16.99748751,,,26/09/2016
010.033-16.99748752,,,26/09/2016
010.033-16.99748753,,,26/09/2016
010.033-16.99748754,,,26/09/2016
010.033-16.99748755,,,26/09/2016
010.033-16.99748756,,,26/09/2016
010.033-16.99748757,,,26/09/2016
010.033-16.99748758,,,26/09/2016
010.033-16.99748759,,,26/09/2016
010.033-16.99748760,,,26/09/2016
010.033-16.99748761,,,26/09/2016
010.033-16.99748762,,,26/09/2016
010.033-16.99748763,,,26/09/2016
010.033-16.99748764,,,26/09/2016
010.033-16.99748765,,,26/09/2016
010.033-16.99748766,,,26/09/2016
010.033-16.99748767,,,26/09/2016
010.033-16.99748768,,,26/09/2016
010.033-16.99745480,,,26/09/2016
010.033-16.99745481,,,26/09/2016
010.033-16.99745482,,,26/09/2016
010.033-16.99745483,,,26/09/2016
010.033-16.99745484,,,26/09/2016
010.033-16.99745485,,,26/09/2016
010.033-16.99745486,,,26/09/2016
010.033-16.99745487,,,26/09/2016
010.033-16.99745488,,,26/09/2016
010.033-16.99745489,,,26/09/2016
010.033-16.99745490,,,26/09/2016
010.033-16.99745491,,,26/09/2016
010.033-16.99745492,,,26/09/2016
010.033-16.99745493,,,26/09/2016
010.033-16.99745494,,,26/09/2016
010.033-16.99745495,,,26/09/2016
010.033-16.99745496,,,26/09/2016
010.033-16.99745497,,,26/09/2016
010.033-16.99745498,,,26/09/2016
010.033-16.99745499,,,26/09/2016
010.033-16.99745500,,,26/09/2016
010.033-16.99745501,,,26/09/2016
010.033-16.99745502,,,26/09/2016
010.033-16.99745503,,,26/09/2016
010.033-16.99745504,,,26/09/2016
010.033-16.99745505,,,26/09/2016
010.033-16.99745506,,,26/09/2016
010.033-16.99745507,,,26/09/2016
010.033-16.99745508,,,26/09/2016
010.033-16.99745509,,,26/09/2016
010.033-16.99745510,,,26/09/2016
010.033-16.99745511,,,26/09/2016
010.033-16.99745512,,,26/09/2016
010.033-16.99745513,,,26/09/2016
010.033-16.99745514,,,26/09/2016
010.033-16.99745515,,,26/09/2016
010.033-16.99745516,,,26/09/2016
010.033-16.99745517,,,26/09/2016
010.033-16.99745518,,,26/09/2016
010.033-16.99745519,,,26/09/2016
010.033-16.99745520,,,26/09/2016
010.033-16.99745521,,,26/09/2016
010.033-16.99745522,,,26/09/2016
010.033-16.99745523,,,26/09/2016
010.033-16.99745524,,,26/09/2016
010.033-16.99745525,,,26/09/2016
010.033-16.99745526,,,26/09/2016
010.033-16.99745527,,,26/09/2016
010.033-16.99745528,,,26/09/2016
010.033-16.99745529,,,26/09/2016
010.033-16.99745530,,,26/09/2016
010.033-16.99745531,,,26/09/2016
010.033-16.99745532,,,26/09/2016
010.033-16.99745533,,,26/09/2016
010.033-16.99745534,,,26/09/2016
010.033-16.99745535,,,26/09/2016
010.033-16.99745536,,,26/09/2016
010.033-16.99745537,,,26/09/2016
010.033-16.99745538,,,26/09/2016
010.033-16.99745539,,,26/09/2016
010.033-16.99745540,,,26/09/2016
010.033-16.99745541,,,26/09/2016
010.033-16.99745542,,,26/09/2016
010.033-16.99745543,,,26/09/2016
010.033-16.99745544,,,26/09/2016
010.033-16.99745545,,,26/09/2016
010.033-16.99745546,,,26/09/2016
010.033-16.99745547,,,26/09/2016
010.033-16.99745548,,,26/09/2016
010.033-16.99745549,,,26/09/2016
010.033-16.99745550,,,26/09/2016
010.033-16.99745551,,,26/09/2016
010.033-16.99745552,,,26/09/2016
010.033-16.99745553,,,26/09/2016
010.033-16.99745554,,,26/09/2016
010.033-16.99745555,,,26/09/2016
010.033-16.99745556,,,26/09/2016
010.033-16.99745557,,,26/09/2016
010.033-16.99745558,,,26/09/2016
010.033-16.99745559,,,26/09/2016
010.033-16.99745560,,,26/09/2016
010.033-16.99745561,,,26/09/2016
010.033-16.99745562,,,26/09/2016
010.033-16.99745563,,,26/09/2016
010.033-16.99745564,,,26/09/2016
010.033-16.99745565,,,26/09/2016
010.033-16.99745566,,,26/09/2016
010.033-16.99745567,,,26/09/2016
010.033-16.99759252,,,26/09/2016
010.033-16.99759253,,,26/09/2016
010.033-16.99759254,,,26/09/2016
010.033-16.99759255,,,26/09/2016
010.033-16.99759256,,,26/09/2016
010.033-16.99759257,,,26/09/2016
010.033-16.99759258,,,26/09/2016
010.033-16.99759259,,,26/09/2016
010.033-16.99759260,,,26/09/2016
010.033-16.99759261,,,26/09/2016
010.033-16.99759262,,,26/09/2016
010.033-16.99759263,,,26/09/2016
010.033-16.99759264,,,26/09/2016
010.033-16.99759265,,,26/09/2016
010.033-16.99759266,,,26/09/2016
010.033-16.99759267,,,26/09/2016
010.033-16.99759268,,,26/09/2016
010.033-16.99759269,,,26/09/2016
010.033-16.99759270,,,26/09/2016
010.033-16.99759271,,,26/09/2016
010.033-16.99759272,,,26/09/2016
010.033-16.99759273,,,26/09/2016
010.033-16.99759274,,,26/09/2016
010.033-16.99759275,,,26/09/2016
010.033-16.99759276,,,26/09/2016
010.033-16.99759277,,,26/09/2016
010.033-16.99759278,,,26/09/2016
010.033-16.99759279,,,26/09/2016
010.033-16.99759280,,,26/09/2016
010.033-16.99759281,,,26/09/2016
010.033-16.99759282,,,26/09/2016
010.033-16.99759283,,,26/09/2016
010.033-16.99759284,,,26/09/2016
010.033-16.99759285,,,26/09/2016
010.033-16.99759286,,,26/09/2016
010.033-16.99759287,,,26/09/2016
010.033-16.99759288,,,26/09/2016
010.033-16.99759289,,,26/09/2016
010.033-16.99759290,,,26/09/2016
010.033-16.99759291,,,26/09/2016
010.033-16.99759292,,,26/09/2016
010.033-16.99759293,,,26/09/2016
010.033-16.99759294,,,26/09/2016
010.033-16.99759295,,,26/09/2016
010.033-16.99759296,,,26/09/2016
010.033-16.99759297,,,26/09/2016
010.033-16.99759298,,,26/09/2016
010.033-16.99759299,,,26/09/2016
010.033-16.99759300,,,26/09/2016
010.033-16.99759301,,,26/09/2016
010.033-16.99759302,,,26/09/2016
010.033-16.99759303,,,26/09/2016
010.033-16.99759304,,,26/09/2016
010.033-16.99759305,,,26/09/2016
010.033-16.99759306,,,26/09/2016
010.033-16.99759307,,,26/09/2016
010.033-16.99759308,,,26/09/2016
010.033-16.99759309,,,26/09/2016
010.033-16.99759310,,,26/09/2016
010.033-16.99759311,,,26/09/2016
010.033-16.99759312,,,26/09/2016
010.033-16.99759313,,,26/09/2016
010.033-16.99759314,,,26/09/2016
010.033-16.99759315,,,26/09/2016
010.033-16.99759316,,,26/09/2016
010.033-16.99759317,,,26/09/2016
010.033-16.99759318,,,26/09/2016
010.033-16.99759319,,,26/09/2016
010.033-16.99759320,,,26/09/2016
010.033-16.99759321,,,26/09/2016
010.033-16.99759322,,,26/09/2016
010.033-16.99759323,,,26/09/2016
010.033-16.99759324,,,26/09/2016
010.033-16.99759325,,,26/09/2016
010.033-16.99759326,,,26/09/2016
010.033-16.99759327,,,26/09/2016
010.033-16.99759328,,,26/09/2016
010.033-16.99759329,,,26/09/2016
010.033-16.99759330,,,26/09/2016
010.033-16.99759331,,,26/09/2016
010.033-16.99759332,,,26/09/2016
010.033-16.99759333,,,26/09/2016
010.033-16.99759334,,,26/09/2016
010.033-16.99759335,,,26/09/2016
010.033-16.99759336,,,26/09/2016
010.033-16.99759337,,,26/09/2016
010.033-16.99759338,,,26/09/2016
010.033-16.99759339,,,26/09/2016
010.033-16.99752146,,,26/09/2016
010.033-16.99752147,,,26/09/2016
010.033-16.99752148,,,26/09/2016
010.033-16.99752149,,,26/09/2016
010.033-16.99752150,,,26/09/2016
010.033-16.99752151,,,26/09/2016
010.033-16.99752152,,,26/09/2016
010.033-16.99752153,,,26/09/2016
010.033-16.99752154,,,26/09/2016
010.033-16.99752155,,,26/09/2016
010.033-16.99752156,,,26/09/2016
010.033-16.99752157,,,26/09/2016
010.033-16.99752158,,,26/09/2016
010.033-16.99752159,,,26/09/2016
010.033-16.99752160,,,26/09/2016
010.033-16.99752161,,,26/09/2016
010.033-16.99752162,,,26/09/2016
010.033-16.99752163,,,26/09/2016
010.033-16.99752164,,,26/09/2016
010.033-16.99752165,,,26/09/2016
010.033-16.99752166,,,26/09/2016
010.033-16.99752167,,,26/09/2016
010.033-16.99752168,,,26/09/2016
010.033-16.99752169,,,26/09/2016
010.033-16.99752170,,,26/09/2016
010.033-16.99752171,,,26/09/2016
010.033-16.99752172,,,26/09/2016
010.033-16.99752173,,,26/09/2016
010.033-16.99752174,,,26/09/2016
010.033-16.99752175,,,26/09/2016
010.033-16.99752176,,,26/09/2016
010.033-16.99752177,,,26/09/2016
010.033-16.99752178,,,26/09/2016
010.033-16.99752179,,,26/09/2016
010.033-16.99752180,,,26/09/2016
010.033-16.99752181,,,26/09/2016
010.033-16.99752182,,,26/09/2016
010.033-16.99752183,,,26/09/2016
010.033-16.99752184,,,26/09/2016
010.033-16.99752185,,,26/09/2016
010.033-16.99752186,,,26/09/2016
010.033-16.99752187,,,26/09/2016
010.033-16.99752188,,,26/09/2016
010.033-16.99752189,,,26/09/2016
010.033-16.99752190,,,26/09/2016
010.033-16.99752191,,,26/09/2016
010.033-16.99752192,,,26/09/2016
010.033-16.99752193,,,26/09/2016
010.033-16.99752194,,,26/09/2016
010.033-16.99752195,,,26/09/2016
010.033-16.99752196,,,26/09/2016
010.033-16.99752197,,,26/09/2016
010.033-16.99752198,,,26/09/2016
010.033-16.99752199,,,26/09/2016
010.033-16.99752200,,,26/09/2016
010.033-16.99752201,,,26/09/2016
010.033-16.99752202,,,26/09/2016
010.033-16.99752203,,,26/09/2016
010.033-16.99752204,,,26/09/2016
010.033-16.99752205,,,26/09/2016
010.033-16.99752206,,,26/09/2016
010.033-16.99752207,,,26/09/2016
010.033-16.99752208,,,26/09/2016
010.033-16.99752209,,,26/09/2016
010.033-16.99752210,,,26/09/2016
010.033-16.99752211,,,26/09/2016
010.033-16.99752212,,,26/09/2016
010.033-16.99752213,,,26/09/2016
010.033-16.99752214,,,26/09/2016
010.033-16.99752215,,,26/09/2016
010.033-16.99752216,,,26/09/2016
010.033-16.99752217,,,26/09/2016
010.033-16.99752218,,,26/09/2016
010.033-16.99752219,,,26/09/2016
010.033-16.99752220,,,26/09/2016
010.033-16.99752221,,,26/09/2016
010.033-16.99752222,,,26/09/2016
010.033-16.99752223,,,26/09/2016
010.033-16.99752224,,,26/09/2016
010.033-16.99752225,,,26/09/2016
010.033-16.99752226,,,26/09/2016
010.033-16.99752227,,,26/09/2016
010.033-16.99752228,,,26/09/2016
010.033-16.99752229,,,26/09/2016
010.033-16.99752230,,,26/09/2016
010.033-16.99752231,,,26/09/2016
010.033-16.99752232,,,26/09/2016
010.033-16.99752233,,,26/09/2016
010.033-16.99747240,,,26/09/2016
010.033-16.99747241,,,26/09/2016
010.033-16.99747242,,,26/09/2016
010.033-16.99747243,,,26/09/2016
010.033-16.99747244,,,26/09/2016
010.033-16.99747245,,,26/09/2016
010.033-16.99747246,,,26/09/2016
010.033-16.99747247,,,26/09/2016
010.033-16.99747248,,,26/09/2016
010.033-16.99747249,,,26/09/2016
010.033-16.99747250,,,26/09/2016
010.033-16.99747251,,,26/09/2016
010.033-16.99747252,,,26/09/2016
010.033-16.99747253,,,26/09/2016
010.033-16.99747254,,,26/09/2016
010.033-16.99747255,,,26/09/2016
010.033-16.99747256,,,26/09/2016
010.033-16.99747257,,,26/09/2016
010.033-16.99747258,,,26/09/2016
010.033-16.99747259,,,26/09/2016
010.033-16.99747260,,,26/09/2016
010.033-16.99747261,,,26/09/2016
010.033-16.99747262,,,26/09/2016
010.033-16.99747263,,,26/09/2016
010.033-16.99747264,,,26/09/2016
010.033-16.99747265,,,26/09/2016
010.033-16.99747266,,,26/09/2016
010.033-16.99747267,,,26/09/2016
010.033-16.99747268,,,26/09/2016
010.033-16.99747269,,,26/09/2016
010.033-16.99747270,,,26/09/2016
010.033-16.99747271,,,26/09/2016
010.033-16.99747272,,,26/09/2016
010.033-16.99747273,,,26/09/2016
010.033-16.99747274,,,26/09/2016
010.033-16.99747275,,,26/09/2016
010.033-16.99747276,,,26/09/2016
010.033-16.99747277,,,26/09/2016
010.033-16.99747278,,,26/09/2016
010.033-16.99747279,,,26/09/2016
010.033-16.99747280,,,26/09/2016
010.033-16.99747281,,,26/09/2016
010.033-16.99747282,,,26/09/2016
010.033-16.99747283,,,26/09/2016
010.033-16.99747284,,,26/09/2016
010.033-16.99747285,,,26/09/2016
010.033-16.99747286,,,26/09/2016
010.033-16.99747287,,,26/09/2016
010.033-16.99747288,,,26/09/2016
010.033-16.99747289,,,26/09/2016
010.033-16.99747290,,,26/09/2016
010.033-16.99747291,,,26/09/2016
010.033-16.99747292,,,26/09/2016
010.033-16.99747293,,,26/09/2016
010.033-16.99747294,,,26/09/2016
010.033-16.99747295,,,26/09/2016
010.033-16.99747296,,,26/09/2016
010.033-16.99747297,,,26/09/2016
010.033-16.99747298,,,26/09/2016
010.033-16.99747299,,,26/09/2016
010.033-16.99747300,,,26/09/2016
010.033-16.99747301,,,26/09/2016
010.033-16.99747302,,,26/09/2016
010.033-16.99747303,,,26/09/2016
010.033-16.99747304,,,26/09/2016
010.033-16.99747305,,,26/09/2016
010.033-16.99747306,,,26/09/2016
010.033-16.99747307,,,26/09/2016
010.033-16.99747308,,,26/09/2016
010.033-16.99747309,,,26/09/2016
010.033-16.99747310,,,26/09/2016
010.033-16.99747311,,,26/09/2016
010.033-16.99747312,,,26/09/2016
010.033-16.99747313,,,26/09/2016
010.033-16.99747314,,,26/09/2016
010.033-16.99747315,,,26/09/2016
010.033-16.99747316,,,26/09/2016
010.033-16.99747317,,,26/09/2016
010.033-16.99747318,,,26/09/2016
010.033-16.99747319,,,26/09/2016
010.033-16.99747320,,,26/09/2016
010.033-16.99747321,,,26/09/2016
010.033-16.99747322,,,26/09/2016
010.033-16.99747323,,,26/09/2016
010.033-16.99747324,,,26/09/2016
010.033-16.99747325,,,26/09/2016
010.033-16.99747326,,,26/09/2016
010.033-16.99747327,,,26/09/2016
010.033-16.99745568,,,26/09/2016
010.033-16.99745569,,,26/09/2016
010.033-16.99745570,,,26/09/2016
010.033-16.99745571,,,26/09/2016
010.033-16.99745572,,,26/09/2016
010.033-16.99745573,,,26/09/2016
010.033-16.99745574,,,26/09/2016
010.033-16.99745575,,,26/09/2016
010.033-16.99745576,,,26/09/2016
010.033-16.99745577,,,26/09/2016
010.033-16.99745578,,,26/09/2016
010.033-16.99745579,,,26/09/2016
010.033-16.99745580,,,26/09/2016
010.033-16.99745581,,,26/09/2016
010.033-16.99745582,,,26/09/2016
010.033-16.99745583,,,26/09/2016
010.033-16.99745584,,,26/09/2016
010.033-16.99745585,,,26/09/2016
010.033-16.99745586,,,26/09/2016
010.033-16.99745587,,,26/09/2016
010.033-16.99745588,,,26/09/2016
010.033-16.99745589,,,26/09/2016
010.033-16.99745590,,,26/09/2016
010.033-16.99745591,,,26/09/2016
010.033-16.99745592,,,26/09/2016
010.033-16.99745593,,,26/09/2016
010.033-16.99745594,,,26/09/2016
010.033-16.99745595,,,26/09/2016
010.033-16.99745596,,,26/09/2016
010.033-16.99745597,,,26/09/2016
010.033-16.99745598,,,26/09/2016
010.033-16.99745599,,,26/09/2016
010.033-16.99745600,,,26/09/2016
010.033-16.99745601,,,26/09/2016
010.033-16.99745602,,,26/09/2016
010.033-16.99745603,,,26/09/2016
010.033-16.99745604,,,26/09/2016
010.033-16.99745605,,,26/09/2016
010.033-16.99745606,,,26/09/2016
010.033-16.99745607,,,26/09/2016
010.033-16.99745608,,,26/09/2016
010.033-16.99745609,,,26/09/2016
010.033-16.99745610,,,26/09/2016
010.033-16.99745611,,,26/09/2016
010.033-16.99745612,,,26/09/2016
010.033-16.99745613,,,26/09/2016
010.033-16.99745614,,,26/09/2016
010.033-16.99745615,,,26/09/2016
010.033-16.99745616,,,26/09/2016
010.033-16.99745617,,,26/09/2016
010.033-16.99745618,,,26/09/2016
010.033-16.99745619,,,26/09/2016
010.033-16.99745620,,,26/09/2016
010.033-16.99745621,,,26/09/2016
010.033-16.99745622,,,26/09/2016
010.033-16.99745623,,,26/09/2016
010.033-16.99745624,,,26/09/2016
010.033-16.99745625,,,26/09/2016
010.033-16.99745626,,,26/09/2016
010.033-16.99745627,,,26/09/2016
010.033-16.99745628,,,26/09/2016
010.033-16.99745629,,,26/09/2016
010.033-16.99745630,,,26/09/2016
010.033-16.99745631,,,26/09/2016
010.033-16.99745632,,,26/09/2016
010.033-16.99745633,,,26/09/2016
010.033-16.99745634,,,26/09/2016
010.033-16.99745635,,,26/09/2016
010.033-16.99745636,,,26/09/2016
010.033-16.99745637,,,26/09/2016
010.033-16.99745638,,,26/09/2016
010.033-16.99745639,,,26/09/2016
010.033-16.99745640,,,26/09/2016
010.033-16.99745641,,,26/09/2016
010.033-16.99745642,,,26/09/2016
010.033-16.99745643,,,26/09/2016
010.033-16.99745644,,,26/09/2016
010.033-16.99745645,,,26/09/2016
010.033-16.99745646,,,26/09/2016
010.033-16.99745647,,,26/09/2016
010.033-16.99745648,,,26/09/2016
010.033-16.99745649,,,26/09/2016
010.033-16.99745650,,,26/09/2016
010.033-16.99745651,,,26/09/2016
010.033-16.99745652,,,26/09/2016
010.033-16.99745653,,,26/09/2016
010.033-16.99745654,,,26/09/2016
010.033-16.99745655,,,26/09/2016
010.033-16.99750529,,,26/09/2016
010.033-16.99750530,,,26/09/2016
010.033-16.99750531,,,26/09/2016
010.033-16.99750532,,,26/09/2016
010.033-16.99750533,,,26/09/2016
010.033-16.99750534,,,26/09/2016
010.033-16.99750535,,,26/09/2016
010.033-16.99750536,,,26/09/2016
010.033-16.99750537,,,26/09/2016
010.033-16.99750538,,,26/09/2016
010.033-16.99750539,,,26/09/2016
010.033-16.99750540,,,26/09/2016
010.033-16.99750541,,,26/09/2016
010.033-16.99750542,,,26/09/2016
010.033-16.99750543,,,26/09/2016
010.033-16.99750544,,,26/09/2016
010.033-16.99750545,,,26/09/2016
010.033-16.99750546,,,26/09/2016
010.033-16.99750547,,,26/09/2016
010.033-16.99750548,,,26/09/2016
010.033-16.99750549,,,26/09/2016
010.033-16.99750550,,,26/09/2016
010.033-16.99750551,,,26/09/2016
010.033-16.99750552,,,26/09/2016
010.033-16.99750553,,,26/09/2016
010.033-16.99750554,,,26/09/2016
010.033-16.99750555,,,26/09/2016
010.033-16.99750556,,,26/09/2016
010.033-16.99750557,,,26/09/2016
010.033-16.99750558,,,26/09/2016
010.033-16.99750559,,,26/09/2016
010.033-16.99750560,,,26/09/2016
010.033-16.99750561,,,26/09/2016
010.033-16.99750562,,,26/09/2016
010.033-16.99750563,,,26/09/2016
010.033-16.99750564,,,26/09/2016
010.033-16.99750565,,,26/09/2016
010.033-16.99750566,,,26/09/2016
010.033-16.99750567,,,26/09/2016
010.033-16.99750568,,,26/09/2016
010.033-16.99750569,,,26/09/2016
010.033-16.99750570,,,26/09/2016
010.033-16.99750571,,,26/09/2016
010.033-16.99750572,,,26/09/2016
010.033-16.99750573,,,26/09/2016
010.033-16.99750574,,,26/09/2016
010.033-16.99750575,,,26/09/2016
010.033-16.99750576,,,26/09/2016
010.033-16.99750577,,,26/09/2016
010.033-16.99750578,,,26/09/2016
010.033-16.99750579,,,26/09/2016
010.033-16.99750580,,,26/09/2016
010.033-16.99750581,,,26/09/2016
010.033-16.99750582,,,26/09/2016
010.033-16.99750583,,,26/09/2016
010.033-16.99750584,,,26/09/2016
010.033-16.99750585,,,26/09/2016
010.033-16.99750586,,,26/09/2016
010.033-16.99750587,,,26/09/2016
010.033-16.99750588,,,26/09/2016
010.033-16.99750589,,,26/09/2016
010.033-16.99750590,,,26/09/2016
010.033-16.99750591,,,26/09/2016
010.033-16.99750592,,,26/09/2016
010.033-16.99750593,,,26/09/2016
010.033-16.99750594,,,26/09/2016
010.033-16.99750595,,,26/09/2016
010.033-16.99750596,,,26/09/2016
010.033-16.99750597,,,26/09/2016
010.033-16.99750598,,,26/09/2016
010.033-16.99750599,,,26/09/2016
010.033-16.99750600,,,26/09/2016
010.033-16.99750601,,,26/09/2016
010.033-16.99750602,,,26/09/2016
010.033-16.99750603,,,26/09/2016
010.033-16.99750604,,,26/09/2016
010.033-16.99750605,,,26/09/2016
010.033-16.99750606,,,26/09/2016
010.033-16.99750607,,,26/09/2016
010.033-16.99750608,,,26/09/2016
010.033-16.99750609,,,26/09/2016
010.033-16.99750610,,,26/09/2016
010.033-16.99750611,,,26/09/2016
010.033-16.99750612,,,26/09/2016
010.033-16.99750613,,,26/09/2016
010.033-16.99750614,,,26/09/2016
010.033-16.99750615,,,26/09/2016
010.033-16.99750616,,,26/09/2016
010.033-16.99760605,,,26/09/2016
010.033-16.99760606,,,26/09/2016
010.033-16.99760607,,,26/09/2016
010.033-16.99760608,,,26/09/2016
010.033-16.99760609,,,26/09/2016
010.033-16.99760610,,,26/09/2016
010.033-16.99760611,,,26/09/2016
010.033-16.99760612,,,26/09/2016
010.033-16.99760613,,,26/09/2016
010.033-16.99760614,,,26/09/2016
010.033-16.99760615,,,26/09/2016
010.033-16.99760616,,,26/09/2016
010.033-16.99760617,,,26/09/2016
010.033-16.99760618,,,26/09/2016
010.033-16.99760619,,,26/09/2016
010.033-16.99760620,,,26/09/2016
010.033-16.99760621,,,26/09/2016
010.033-16.99760622,,,26/09/2016
010.033-16.99760623,,,26/09/2016
010.033-16.99760624,,,26/09/2016
010.033-16.99760625,,,26/09/2016
010.033-16.99760626,,,26/09/2016
010.033-16.99760627,,,26/09/2016
010.033-16.99760628,,,26/09/2016
010.033-16.99760629,,,26/09/2016
010.033-16.99760630,,,26/09/2016
010.033-16.99760631,,,26/09/2016
010.033-16.99760632,,,26/09/2016
010.033-16.99760633,,,26/09/2016
010.033-16.99760634,,,26/09/2016
010.033-16.99760635,,,26/09/2016
010.033-16.99760636,,,26/09/2016
010.033-16.99760637,,,26/09/2016
010.033-16.99760638,,,26/09/2016
010.033-16.99760639,,,26/09/2016
010.033-16.99760640,,,26/09/2016
010.033-16.99760641,,,26/09/2016
010.033-16.99760642,,,26/09/2016
010.033-16.99760643,,,26/09/2016
010.033-16.99760644,,,26/09/2016
010.033-16.99760645,,,26/09/2016
010.033-16.99760646,,,26/09/2016
010.033-16.99760647,,,26/09/2016
010.033-16.99760648,,,26/09/2016
010.033-16.99760649,,,26/09/2016
010.033-16.99760650,,,26/09/2016
010.033-16.99760651,,,26/09/2016
010.033-16.99760652,,,26/09/2016
010.033-16.99760653,,,26/09/2016
010.033-16.99760654,,,26/09/2016
010.033-16.99760655,,,26/09/2016
010.033-16.99760656,,,26/09/2016
010.033-16.99760657,,,26/09/2016
010.033-16.99760658,,,26/09/2016
010.033-16.99760659,,,26/09/2016
010.033-16.99760660,,,26/09/2016
010.033-16.99760661,,,26/09/2016
010.033-16.99760662,,,26/09/2016
010.033-16.99760663,,,26/09/2016
010.033-16.99760664,,,26/09/2016
010.033-16.99760665,,,26/09/2016
010.033-16.99760666,,,26/09/2016
010.033-16.99760667,,,26/09/2016
010.033-16.99760668,,,26/09/2016
010.033-16.99760669,,,26/09/2016
010.033-16.99760670,,,26/09/2016
010.033-16.99760671,,,26/09/2016
010.033-16.99760672,,,26/09/2016
010.033-16.99760673,,,26/09/2016
010.033-16.99760674,,,26/09/2016
010.033-16.99760675,,,26/09/2016
010.033-16.99760676,,,26/09/2016
010.033-16.99760677,,,26/09/2016
010.033-16.99760678,,,26/09/2016
010.033-16.99760679,,,26/09/2016
010.033-16.99760680,,,26/09/2016
010.033-16.99760681,,,26/09/2016
010.033-16.99760682,,,26/09/2016
010.033-16.99760683,,,26/09/2016
010.033-16.99760684,,,26/09/2016
010.033-16.99760685,,,26/09/2016
010.033-16.99760686,,,26/09/2016
010.033-16.99760687,,,26/09/2016
010.033-16.99760688,,,26/09/2016
010.033-16.99760689,,,26/09/2016
010.033-16.99760690,,,26/09/2016
010.033-16.99760691,,,26/09/2016
010.033-16.99760692,,,26/09/2016
010.033-16.99748769,,,26/09/2016
010.033-16.99748770,,,26/09/2016
010.033-16.99748771,,,26/09/2016
010.033-16.99748772,,,26/09/2016
010.033-16.99748773,,,26/09/2016
010.033-16.99748774,,,26/09/2016
010.033-16.99748775,,,26/09/2016
010.033-16.99748776,,,26/09/2016
010.033-16.99748777,,,26/09/2016
010.033-16.99748778,,,26/09/2016
010.033-16.99748779,,,26/09/2016
010.033-16.99748780,,,26/09/2016
010.033-16.99748781,,,26/09/2016
010.033-16.99748782,,,26/09/2016
010.033-16.99748783,,,26/09/2016
010.033-16.99748784,,,26/09/2016
010.033-16.99748785,,,26/09/2016
010.033-16.99748786,,,26/09/2016
010.033-16.99748787,,,26/09/2016
010.033-16.99748788,,,26/09/2016
010.033-16.99748789,,,26/09/2016
010.033-16.99748790,,,26/09/2016
010.033-16.99748791,,,26/09/2016
010.033-16.99748792,,,26/09/2016
010.033-16.99748793,,,26/09/2016
010.033-16.99748794,,,26/09/2016
010.033-16.99748795,,,26/09/2016
010.033-16.99748796,,,26/09/2016
010.033-16.99748797,,,26/09/2016
010.033-16.99748798,,,26/09/2016
010.033-16.99748799,,,26/09/2016
010.033-16.99748800,,,26/09/2016
010.033-16.99748801,,,26/09/2016
010.033-16.99748802,,,26/09/2016
010.033-16.99748803,,,26/09/2016
010.033-16.99748804,,,26/09/2016
010.033-16.99748805,,,26/09/2016
010.033-16.99748806,,,26/09/2016
010.033-16.99748807,,,26/09/2016
010.033-16.99748808,,,26/09/2016
010.033-16.99748809,,,26/09/2016
010.033-16.99748810,,,26/09/2016
010.033-16.99748811,,,26/09/2016
010.033-16.99748812,,,26/09/2016
010.033-16.99748813,,,26/09/2016
010.033-16.99748814,,,26/09/2016
010.033-16.99748815,,,26/09/2016
010.033-16.99748816,,,26/09/2016
010.033-16.99748817,,,26/09/2016
010.033-16.99748818,,,26/09/2016
010.033-16.99748819,,,26/09/2016
010.033-16.99748820,,,26/09/2016
010.033-16.99748821,,,26/09/2016
010.033-16.99748822,,,26/09/2016
010.033-16.99748823,,,26/09/2016
010.033-16.99748824,,,26/09/2016
010.033-16.99748825,,,26/09/2016
010.033-16.99748826,,,26/09/2016
010.033-16.99748827,,,26/09/2016
010.033-16.99748828,,,26/09/2016
010.033-16.99748829,,,26/09/2016
010.033-16.99748830,,,26/09/2016
010.033-16.99748831,,,26/09/2016
010.033-16.99748832,,,26/09/2016
010.033-16.99748833,,,26/09/2016
010.033-16.99748834,,,26/09/2016
010.033-16.99748835,,,26/09/2016
010.033-16.99748836,,,26/09/2016
010.033-16.99748837,,,26/09/2016
010.033-16.99748838,,,26/09/2016
010.033-16.99748839,,,26/09/2016
010.033-16.99748840,,,26/09/2016
010.033-16.99748841,,,26/09/2016
010.033-16.99748842,,,26/09/2016
010.033-16.99748843,,,26/09/2016
010.033-16.99748844,,,26/09/2016
010.033-16.99748845,,,26/09/2016
010.033-16.99748846,,,26/09/2016
010.033-16.99748847,,,26/09/2016
010.033-16.99748848,,,26/09/2016
010.033-16.99748849,,,26/09/2016
010.033-16.99748850,,,26/09/2016
010.033-16.99748851,,,26/09/2016
010.033-16.99748852,,,26/09/2016
010.033-16.99748853,,,26/09/2016
010.033-16.99748854,,,26/09/2016
010.033-16.99748855,,,26/09/2016
010.033-16.99748856,,,26/09/2016
010.033-16.99748857,,,26/09/2016
010.033-16.99748858,,,26/09/2016
010.033-16.99748859,,,26/09/2016
010.033-16.99748860,,,26/09/2016
010.033-16.99748861,,,26/09/2016
010.033-16.99748862,,,26/09/2016
010.033-16.99748863,,,26/09/2016
010.033-16.99748864,,,26/09/2016
010.033-16.99748865,,,26/09/2016
010.033-16.99748866,,,26/09/2016
010.033-16.99748867,,,26/09/2016
010.033-16.99748868,,,26/09/2016
010.033-16.99748869,,,26/09/2016
010.033-16.99748870,,,26/09/2016
010.033-16.99748871,,,26/09/2016
010.033-16.99748872,,,26/09/2016
010.033-16.99748873,,,26/09/2016
010.033-16.99748874,,,26/09/2016
010.033-16.99748875,,,26/09/2016
010.033-16.99748876,,,26/09/2016
010.033-16.99748877,,,26/09/2016
010.033-16.99748878,,,26/09/2016
010.033-16.99748879,,,26/09/2016
010.033-16.99748880,,,26/09/2016
010.033-16.99748881,,,26/09/2016
010.033-16.99748882,,,26/09/2016
010.033-16.99748883,,,26/09/2016
010.033-16.99748884,,,26/09/2016
010.033-16.99748885,,,26/09/2016
010.033-16.99748886,,,26/09/2016
010.033-16.99748887,,,26/09/2016
010.033-16.99748888,,,26/09/2016
010.033-16.99748889,,,26/09/2016
010.033-16.99748890,,,26/09/2016
010.033-16.99748891,,,26/09/2016
010.033-16.99748892,,,26/09/2016
010.033-16.99748893,,,26/09/2016
010.033-16.99748894,,,26/09/2016
010.033-16.99748895,,,26/09/2016
010.033-16.99748896,,,26/09/2016
010.033-16.99748897,,,26/09/2016
010.033-16.99748898,,,26/09/2016
010.033-16.99748899,,,26/09/2016
010.033-16.99748900,,,26/09/2016
010.033-16.99748901,,,26/09/2016
010.033-16.99748902,,,26/09/2016
010.033-16.99748903,,,26/09/2016
010.033-16.99748904,,,26/09/2016
010.033-16.99748905,,,26/09/2016
010.033-16.99748906,,,26/09/2016
010.033-16.99748907,,,26/09/2016
010.033-16.99748908,,,26/09/2016
010.033-16.99748909,,,26/09/2016
010.033-16.99748910,,,26/09/2016
010.033-16.99748911,,,26/09/2016
010.033-16.99748912,,,26/09/2016
010.033-16.99748913,,,26/09/2016
010.033-16.99748914,,,26/09/2016
010.033-16.99748915,,,26/09/2016
010.033-16.99748916,,,26/09/2016
010.033-16.99748917,,,26/09/2016
010.033-16.99748918,,,26/09/2016
010.033-16.99748919,,,26/09/2016
010.033-16.99748920,,,26/09/2016
010.033-16.99748921,,,26/09/2016
010.033-16.99748922,,,26/09/2016
010.033-16.99748923,,,26/09/2016
010.033-16.99748924,,,26/09/2016
010.033-16.99748925,,,26/09/2016
010.033-16.99748926,,,26/09/2016
010.033-16.99748927,,,26/09/2016
010.033-16.99748928,,,26/09/2016
010.033-16.99748929,,,26/09/2016
010.033-16.99748930,,,26/09/2016
010.033-16.99748931,,,26/09/2016
010.033-16.99748932,,,26/09/2016
010.033-16.99748933,,,26/09/2016
010.033-16.99748934,,,26/09/2016
010.033-16.99748935,,,26/09/2016
010.033-16.99748936,,,26/09/2016
010.033-16.99748937,,,26/09/2016
010.033-16.99748938,,,26/09/2016
010.033-16.99748939,,,26/09/2016
010.033-16.99748940,,,26/09/2016
010.033-16.99748941,,,26/09/2016
010.033-16.99748942,,,26/09/2016
010.033-16.99748943,,,26/09/2016
010.033-16.99748944,,,26/09/2016
010.033-16.99760693,,,26/09/2016
010.033-16.99760694,,,26/09/2016
010.033-16.99760695,,,26/09/2016
010.033-16.99760696,,,26/09/2016
010.033-16.99760697,,,26/09/2016
010.033-16.99760698,,,26/09/2016
010.033-16.99760699,,,26/09/2016
010.033-16.99760700,,,26/09/2016
010.033-16.99760701,,,26/09/2016
010.033-16.99760702,,,26/09/2016
010.033-16.99760703,,,26/09/2016
010.033-16.99760704,,,26/09/2016
010.033-16.99760705,,,26/09/2016
010.033-16.99760706,,,26/09/2016
010.033-16.99760707,,,26/09/2016
010.033-16.99760708,,,26/09/2016
010.033-16.99760709,,,26/09/2016
010.033-16.99760710,,,26/09/2016
010.033-16.99760711,,,26/09/2016
010.033-16.99760712,,,26/09/2016
010.033-16.99760713,,,26/09/2016
010.033-16.99760714,,,26/09/2016
010.033-16.99760715,,,26/09/2016
010.033-16.99760716,,,26/09/2016
010.033-16.99760717,,,26/09/2016
010.033-16.99760718,,,26/09/2016
010.033-16.99760719,,,26/09/2016
010.033-16.99760720,,,26/09/2016
010.033-16.99760721,,,26/09/2016
010.033-16.99760722,,,26/09/2016
010.033-16.99760723,,,26/09/2016
010.033-16.99760724,,,26/09/2016
010.033-16.99760725,,,26/09/2016
010.033-16.99760726,,,26/09/2016
010.033-16.99760727,,,26/09/2016
010.033-16.99760728,,,26/09/2016
010.033-16.99760729,,,26/09/2016
010.033-16.99760730,,,26/09/2016
010.033-16.99760731,,,26/09/2016
010.033-16.99760732,,,26/09/2016
010.033-16.99760733,,,26/09/2016
010.033-16.99760734,,,26/09/2016
010.033-16.99760735,,,26/09/2016
010.033-16.99760736,,,26/09/2016
010.033-16.99760737,,,26/09/2016
010.033-16.99760738,,,26/09/2016
010.033-16.99760739,,,26/09/2016
010.033-16.99760740,,,26/09/2016
010.033-16.99760741,,,26/09/2016
010.033-16.99760742,,,26/09/2016
010.033-16.99760743,,,26/09/2016
010.033-16.99760744,,,26/09/2016
010.033-16.99760745,,,26/09/2016
010.033-16.99760746,,,26/09/2016
010.033-16.99760747,,,26/09/2016
010.033-16.99760748,,,26/09/2016
010.033-16.99760749,,,26/09/2016
010.033-16.99760750,,,26/09/2016
010.033-16.99760751,,,26/09/2016
010.033-16.99760752,,,26/09/2016
010.033-16.99760753,,,26/09/2016
010.033-16.99760754,,,26/09/2016
010.033-16.99760755,,,26/09/2016
010.033-16.99760756,,,26/09/2016
010.033-16.99760757,,,26/09/2016
010.033-16.99760758,,,26/09/2016
010.033-16.99760759,,,26/09/2016
010.033-16.99760760,,,26/09/2016
010.033-16.99760761,,,26/09/2016
010.033-16.99760762,,,26/09/2016
010.033-16.99760763,,,26/09/2016
010.033-16.99760764,,,26/09/2016
010.033-16.99760765,,,26/09/2016
010.033-16.99760766,,,26/09/2016
010.033-16.99760767,,,26/09/2016
010.033-16.99760768,,,26/09/2016
010.033-16.99760769,,,26/09/2016
010.033-16.99760770,,,26/09/2016
010.033-16.99760771,,,26/09/2016
010.033-16.99760772,,,26/09/2016
010.033-16.99760773,,,26/09/2016
010.033-16.99760774,,,26/09/2016
010.033-16.99760775,,,26/09/2016
010.033-16.99760776,,,26/09/2016
010.033-16.99760777,,,26/09/2016
010.033-16.99760778,,,26/09/2016
010.033-16.99760779,,,26/09/2016
010.033-16.99760780,,,26/09/2016
010.033-16.99759340,,,26/09/2016
010.033-16.99759341,,,26/09/2016
010.033-16.99759342,,,26/09/2016
010.033-16.99759343,,,26/09/2016
010.033-16.99759344,,,26/09/2016
010.033-16.99759345,,,26/09/2016
010.033-16.99759346,,,26/09/2016
010.033-16.99759347,,,26/09/2016
010.033-16.99759348,,,26/09/2016
010.033-16.99759349,,,26/09/2016
010.033-16.99759350,,,26/09/2016
010.033-16.99759351,,,26/09/2016
010.033-16.99759352,,,26/09/2016
010.033-16.99759353,,,26/09/2016
010.033-16.99759354,,,26/09/2016
010.033-16.99759355,,,26/09/2016
010.033-16.99759356,,,26/09/2016
010.033-16.99759357,,,26/09/2016
010.033-16.99759358,,,26/09/2016
010.033-16.99759359,,,26/09/2016
010.033-16.99759360,,,26/09/2016
010.033-16.99759361,,,26/09/2016
010.033-16.99759362,,,26/09/2016
010.033-16.99759363,,,26/09/2016
010.033-16.99759364,,,26/09/2016
010.033-16.99759365,,,26/09/2016
010.033-16.99759366,,,26/09/2016
010.033-16.99759367,,,26/09/2016
010.033-16.99759368,,,26/09/2016
010.033-16.99759369,,,26/09/2016
010.033-16.99759370,,,26/09/2016
010.033-16.99759371,,,26/09/2016
010.033-16.99759372,,,26/09/2016
010.033-16.99759373,,,26/09/2016
010.033-16.99759374,,,26/09/2016
010.033-16.99759375,,,26/09/2016
010.033-16.99759376,,,26/09/2016
010.033-16.99759377,,,26/09/2016
010.033-16.99759378,,,26/09/2016
010.033-16.99759379,,,26/09/2016
010.033-16.99759380,,,26/09/2016
010.033-16.99759381,,,26/09/2016
010.033-16.99759382,,,26/09/2016
010.033-16.99759383,,,26/09/2016
010.033-16.99759384,,,26/09/2016
010.033-16.99759385,,,26/09/2016
010.033-16.99759386,,,26/09/2016
010.033-16.99759387,,,26/09/2016
010.033-16.99759388,,,26/09/2016
010.033-16.99759389,,,26/09/2016
010.033-16.99759390,,,26/09/2016
010.033-16.99759391,,,26/09/2016
010.033-16.99759392,,,26/09/2016
010.033-16.99759393,,,26/09/2016
010.033-16.99759394,,,26/09/2016
010.033-16.99759395,,,26/09/2016
010.033-16.99759396,,,26/09/2016
010.033-16.99759397,,,26/09/2016
010.033-16.99759398,,,26/09/2016
010.033-16.99759399,,,26/09/2016
010.033-16.99759400,,,26/09/2016
010.033-16.99759401,,,26/09/2016
010.033-16.99759402,,,26/09/2016
010.033-16.99759403,,,26/09/2016
010.033-16.99759404,,,26/09/2016
010.033-16.99759405,,,26/09/2016
010.033-16.99759406,,,26/09/2016
010.033-16.99759407,,,26/09/2016
010.033-16.99759408,,,26/09/2016
010.033-16.99759409,,,26/09/2016
010.033-16.99759410,,,26/09/2016
010.033-16.99759411,,,26/09/2016
010.033-16.99759412,,,26/09/2016
010.033-16.99759413,,,26/09/2016
010.033-16.99759414,,,26/09/2016
010.033-16.99759415,,,26/09/2016
010.033-16.99759416,,,26/09/2016
010.033-16.99759417,,,26/09/2016
010.033-16.99759418,,,26/09/2016
010.033-16.99759419,,,26/09/2016
010.033-16.99759420,,,26/09/2016
010.033-16.99759421,,,26/09/2016
010.033-16.99759422,,,26/09/2016
010.033-16.99759423,,,26/09/2016
010.033-16.99759424,,,26/09/2016
010.033-16.99759425,,,26/09/2016
010.033-16.99759426,,,26/09/2016
010.033-16.99759427,,,26/09/2016
010.033-16.99747328,,,26/09/2016
010.033-16.99747329,,,26/09/2016
010.033-16.99747330,,,26/09/2016
010.033-16.99747331,,,26/09/2016
010.033-16.99747332,,,26/09/2016
010.033-16.99747333,,,26/09/2016
010.033-16.99747334,,,26/09/2016
010.033-16.99747335,,,26/09/2016
010.033-16.99747336,,,26/09/2016
010.033-16.99747337,,,26/09/2016
010.033-16.99747338,,,26/09/2016
010.033-16.99747339,,,26/09/2016
010.033-16.99747340,,,26/09/2016
010.033-16.99747341,,,26/09/2016
010.033-16.99747342,,,26/09/2016
010.033-16.99747343,,,26/09/2016
010.033-16.99747344,,,26/09/2016
010.033-16.99747345,,,26/09/2016
010.033-16.99747346,,,26/09/2016
010.033-16.99747347,,,26/09/2016
010.033-16.99747348,,,26/09/2016
010.033-16.99747349,,,26/09/2016
010.033-16.99747350,,,26/09/2016
010.033-16.99747351,,,26/09/2016
010.033-16.99747352,,,26/09/2016
010.033-16.99747353,,,26/09/2016
010.033-16.99747354,,,26/09/2016
010.033-16.99747355,,,26/09/2016
010.033-16.99747356,,,26/09/2016
010.033-16.99747357,,,26/09/2016
010.033-16.99747358,,,26/09/2016
010.033-16.99747359,,,26/09/2016
010.033-16.99747360,,,26/09/2016
010.033-16.99747361,,,26/09/2016
010.033-16.99747362,,,26/09/2016
010.033-16.99747363,,,26/09/2016
010.033-16.99747364,,,26/09/2016
010.033-16.99747365,,,26/09/2016
010.033-16.99747366,,,26/09/2016
010.033-16.99747367,,,26/09/2016
010.033-16.99747368,,,26/09/2016
010.033-16.99747369,,,26/09/2016
010.033-16.99747370,,,26/09/2016
010.033-16.99747371,,,26/09/2016
010.033-16.99747372,,,26/09/2016
010.033-16.99747373,,,26/09/2016
010.033-16.99747374,,,26/09/2016
010.033-16.99747375,,,26/09/2016
010.033-16.99747376,,,26/09/2016
010.033-16.99747377,,,26/09/2016
010.033-16.99747378,,,26/09/2016
010.033-16.99747379,,,26/09/2016
010.033-16.99747380,,,26/09/2016
010.033-16.99747381,,,26/09/2016
010.033-16.99747382,,,26/09/2016
010.033-16.99747383,,,26/09/2016
010.033-16.99747384,,,26/09/2016
010.033-16.99747385,,,26/09/2016
010.033-16.99747386,,,26/09/2016
010.033-16.99747387,,,26/09/2016
010.033-16.99747388,,,26/09/2016
010.033-16.99747389,,,26/09/2016
010.033-16.99747390,,,26/09/2016
010.033-16.99747391,,,26/09/2016
010.033-16.99747392,,,26/09/2016
010.033-16.99747393,,,26/09/2016
010.033-16.99747394,,,26/09/2016
010.033-16.99747395,,,26/09/2016
010.033-16.99747396,,,26/09/2016
010.033-16.99747397,,,26/09/2016
010.033-16.99747398,,,26/09/2016
010.033-16.99747399,,,26/09/2016
010.033-16.99747400,,,26/09/2016
010.033-16.99747401,,,26/09/2016
010.033-16.99747402,,,26/09/2016
010.033-16.99747403,,,26/09/2016
010.033-16.99747404,,,26/09/2016
010.033-16.99747405,,,26/09/2016
010.033-16.99747406,,,26/09/2016
010.033-16.99747407,,,26/09/2016
010.033-16.99747408,,,26/09/2016
010.033-16.99747409,,,26/09/2016
010.033-16.99747410,,,26/09/2016
010.033-16.99747411,,,26/09/2016
010.033-16.99747412,,,26/09/2016
010.033-16.99747413,,,26/09/2016
010.033-16.99747414,,,26/09/2016
010.033-16.99747415,,,26/09/2016
010.033-16.99745656,,,26/09/2016
010.033-16.99745657,,,26/09/2016
010.033-16.99745658,,,26/09/2016
010.033-16.99745659,,,26/09/2016
010.033-16.99745660,,,26/09/2016
010.033-16.99745661,,,26/09/2016
010.033-16.99745662,,,26/09/2016
010.033-16.99745663,,,26/09/2016
010.033-16.99745664,,,26/09/2016
010.033-16.99745665,,,26/09/2016
010.033-16.99745666,,,26/09/2016
010.033-16.99745667,,,26/09/2016
010.033-16.99745668,,,26/09/2016
010.033-16.99745669,,,26/09/2016
010.033-16.99745670,,,26/09/2016
010.033-16.99745671,,,26/09/2016
010.033-16.99745672,,,26/09/2016
010.033-16.99745673,,,26/09/2016
010.033-16.99745674,,,26/09/2016
010.033-16.99745675,,,26/09/2016
010.033-16.99745676,,,26/09/2016
010.033-16.99745677,,,26/09/2016
010.033-16.99745678,,,26/09/2016
010.033-16.99745679,,,26/09/2016
010.033-16.99745680,,,26/09/2016
010.033-16.99745681,,,26/09/2016
010.033-16.99745682,,,26/09/2016
010.033-16.99745683,,,26/09/2016
010.033-16.99745684,,,26/09/2016
010.033-16.99745685,,,26/09/2016
010.033-16.99745686,,,26/09/2016
010.033-16.99745687,,,26/09/2016
010.033-16.99745688,,,26/09/2016
010.033-16.99745689,,,26/09/2016
010.033-16.99745690,,,26/09/2016
010.033-16.99745691,,,26/09/2016
010.033-16.99745692,,,26/09/2016
010.033-16.99745693,,,26/09/2016
010.033-16.99745694,,,26/09/2016
010.033-16.99745695,,,26/09/2016
010.033-16.99745696,,,26/09/2016
010.033-16.99745697,,,26/09/2016
010.033-16.99745698,,,26/09/2016
010.033-16.99745699,,,26/09/2016
010.033-16.99745700,,,26/09/2016
010.033-16.99745701,,,26/09/2016
010.033-16.99745702,,,26/09/2016
010.033-16.99745703,,,26/09/2016
010.033-16.99745704,,,26/09/2016
010.033-16.99745705,,,26/09/2016
010.033-16.99745706,,,26/09/2016
010.033-16.99745707,,,26/09/2016
010.033-16.99745708,,,26/09/2016
010.033-16.99745709,,,26/09/2016
010.033-16.99745710,,,26/09/2016
010.033-16.99745711,,,26/09/2016
010.033-16.99745712,,,26/09/2016
010.033-16.99745713,,,26/09/2016
010.033-16.99745714,,,26/09/2016
010.033-16.99745715,,,26/09/2016
010.033-16.99745716,,,26/09/2016
010.033-16.99745717,,,26/09/2016
010.033-16.99745718,,,26/09/2016
010.033-16.99745719,,,26/09/2016
010.033-16.99745720,,,26/09/2016
010.033-16.99745721,,,26/09/2016
010.033-16.99745722,,,26/09/2016
010.033-16.99745723,,,26/09/2016
010.033-16.99745724,,,26/09/2016
010.033-16.99745725,,,26/09/2016
010.033-16.99745726,,,26/09/2016
010.033-16.99745727,,,26/09/2016
010.033-16.99745728,,,26/09/2016
010.033-16.99745729,,,26/09/2016
010.033-16.99745730,,,26/09/2016
010.033-16.99745731,,,26/09/2016
010.033-16.99745732,,,26/09/2016
010.033-16.99745733,,,26/09/2016
010.033-16.99745734,,,26/09/2016
010.033-16.99745735,,,26/09/2016
010.033-16.99745736,,,26/09/2016
010.033-16.99745737,,,26/09/2016
010.033-16.99745738,,,26/09/2016
010.033-16.99745739,,,26/09/2016
010.033-16.99745740,,,26/09/2016
010.033-16.99745741,,,26/09/2016
010.033-16.99745742,,,26/09/2016
010.033-16.99745743,,,26/09/2016
010.033-16.99748945,,,26/09/2016
010.033-16.99748946,,,26/09/2016
010.033-16.99748947,,,26/09/2016
010.033-16.99748948,,,26/09/2016
010.033-16.99748949,,,26/09/2016
010.033-16.99748950,,,26/09/2016
010.033-16.99748951,,,26/09/2016
010.033-16.99748952,,,26/09/2016
010.033-16.99748953,,,26/09/2016
010.033-16.99748954,,,26/09/2016
010.033-16.99748955,,,26/09/2016
010.033-16.99748956,,,26/09/2016
010.033-16.99748957,,,26/09/2016
010.033-16.99748958,,,26/09/2016
010.033-16.99748959,,,26/09/2016
010.033-16.99748960,,,26/09/2016
010.033-16.99748961,,,26/09/2016
010.033-16.99748962,,,26/09/2016
010.033-16.99748963,,,26/09/2016
010.033-16.99748964,,,26/09/2016
010.033-16.99748965,,,26/09/2016
010.033-16.99748966,,,26/09/2016
010.033-16.99748967,,,26/09/2016
010.033-16.99748968,,,26/09/2016
010.033-16.99748969,,,26/09/2016
010.033-16.99748970,,,26/09/2016
010.033-16.99748971,,,26/09/2016
010.033-16.99748972,,,26/09/2016
010.033-16.99748973,,,26/09/2016
010.033-16.99748974,,,26/09/2016
010.033-16.99748975,,,26/09/2016
010.033-16.99748976,,,26/09/2016
010.033-16.99748977,,,26/09/2016
010.033-16.99748978,,,26/09/2016
010.033-16.99748979,,,26/09/2016
010.033-16.99748980,,,26/09/2016
010.033-16.99748981,,,26/09/2016
010.033-16.99748982,,,26/09/2016
010.033-16.99748983,,,26/09/2016
010.033-16.99748984,,,26/09/2016
010.033-16.99748985,,,26/09/2016
010.033-16.99748986,,,26/09/2016
010.033-16.99748987,,,26/09/2016
010.033-16.99748988,,,26/09/2016
010.033-16.99748989,,,26/09/2016
010.033-16.99748990,,,26/09/2016
010.033-16.99748991,,,26/09/2016
010.033-16.99748992,,,26/09/2016
010.033-16.99748993,,,26/09/2016
010.033-16.99748994,,,26/09/2016
010.033-16.99748995,,,26/09/2016
010.033-16.99748996,,,26/09/2016
010.033-16.99748997,,,26/09/2016
010.033-16.99748998,,,26/09/2016
010.033-16.99748999,,,26/09/2016
010.033-16.99749000,,,26/09/2016
010.033-16.99749001,,,26/09/2016
010.033-16.99749002,,,26/09/2016
010.033-16.99749003,,,26/09/2016
010.033-16.99749004,,,26/09/2016
010.033-16.99749005,,,26/09/2016
010.033-16.99749006,,,26/09/2016
010.033-16.99749007,,,26/09/2016
010.033-16.99749008,,,26/09/2016
010.033-16.99749009,,,26/09/2016
010.033-16.99749010,,,26/09/2016
010.033-16.99749011,,,26/09/2016
010.033-16.99749012,,,26/09/2016
010.033-16.99749013,,,26/09/2016
010.033-16.99749014,,,26/09/2016
010.033-16.99749015,,,26/09/2016
010.033-16.99749016,,,26/09/2016
010.033-16.99749017,,,26/09/2016
010.033-16.99749018,,,26/09/2016
010.033-16.99749019,,,26/09/2016
010.033-16.99749020,,,26/09/2016
010.033-16.99749021,,,26/09/2016
010.033-16.99749022,,,26/09/2016
010.033-16.99749023,,,26/09/2016
010.033-16.99749024,,,26/09/2016
010.033-16.99749025,,,26/09/2016
010.033-16.99749026,,,26/09/2016
010.033-16.99749027,,,26/09/2016
010.033-16.99749028,,,26/09/2016
010.033-16.99749029,,,26/09/2016
010.033-16.99749030,,,26/09/2016
010.033-16.99749031,,,26/09/2016
010.033-16.99749032,,,26/09/2016
010.033-16.99759428,,,26/09/2016
010.033-16.99759429,,,26/09/2016
010.033-16.99759430,,,26/09/2016
010.033-16.99759431,,,26/09/2016
010.033-16.99759432,,,26/09/2016
010.033-16.99759433,,,26/09/2016
010.033-16.99759434,,,26/09/2016
010.033-16.99759435,,,26/09/2016
010.033-16.99759436,,,26/09/2016
010.033-16.99759437,,,26/09/2016
010.033-16.99759438,,,26/09/2016
010.033-16.99759439,,,26/09/2016
010.033-16.99759440,,,26/09/2016
010.033-16.99759441,,,26/09/2016
010.033-16.99759442,,,26/09/2016
010.033-16.99759443,,,26/09/2016
010.033-16.99759444,,,26/09/2016
010.033-16.99759445,,,26/09/2016
010.033-16.99759446,,,26/09/2016
010.033-16.99759447,,,26/09/2016
010.033-16.99759448,,,26/09/2016
010.033-16.99759449,,,26/09/2016
010.033-16.99759450,,,26/09/2016
010.033-16.99759451,,,26/09/2016
010.033-16.99759452,,,26/09/2016
010.033-16.99759453,,,26/09/2016
010.033-16.99759454,,,26/09/2016
010.033-16.99759455,,,26/09/2016
010.033-16.99759456,,,26/09/2016
010.033-16.99759457,,,26/09/2016
010.033-16.99759458,,,26/09/2016
010.033-16.99759459,,,26/09/2016
010.033-16.99759460,,,26/09/2016
010.033-16.99759461,,,26/09/2016
010.033-16.99759462,,,26/09/2016
010.033-16.99759463,,,26/09/2016
010.033-16.99759464,,,26/09/2016
010.033-16.99759465,,,26/09/2016
010.033-16.99759466,,,26/09/2016
010.033-16.99759467,,,26/09/2016
010.033-16.99759468,,,26/09/2016
010.033-16.99759469,,,26/09/2016
010.033-16.99759470,,,26/09/2016
010.033-16.99759471,,,26/09/2016
010.033-16.99759472,,,26/09/2016
010.033-16.99759473,,,26/09/2016
010.033-16.99759474,,,26/09/2016
010.033-16.99759475,,,26/09/2016
010.033-16.99759476,,,26/09/2016
010.033-16.99759477,,,26/09/2016
010.033-16.99759478,,,26/09/2016
010.033-16.99759479,,,26/09/2016
010.033-16.99759480,,,26/09/2016
010.033-16.99759481,,,26/09/2016
010.033-16.99759482,,,26/09/2016
010.033-16.99759483,,,26/09/2016
010.033-16.99759484,,,26/09/2016
010.033-16.99759485,,,26/09/2016
010.033-16.99759486,,,26/09/2016
010.033-16.99759487,,,26/09/2016
010.033-16.99759488,,,26/09/2016
010.033-16.99759489,,,26/09/2016
010.033-16.99759490,,,26/09/2016
010.033-16.99759491,,,26/09/2016
010.033-16.99759492,,,26/09/2016
010.033-16.99759493,,,26/09/2016
010.033-16.99759494,,,26/09/2016
010.033-16.99759495,,,26/09/2016
010.033-16.99759496,,,26/09/2016
010.033-16.99759497,,,26/09/2016
010.033-16.99759498,,,26/09/2016
010.033-16.99759499,,,26/09/2016
010.033-16.99759500,,,26/09/2016
010.033-16.99759501,,,26/09/2016
010.033-16.99759502,,,26/09/2016
010.033-16.99759503,,,26/09/2016
010.033-16.99759504,,,26/09/2016
010.033-16.99759505,,,26/09/2016
010.033-16.99759506,,,26/09/2016
010.033-16.99759507,,,26/09/2016
010.033-16.99759508,,,26/09/2016
010.033-16.99759509,,,26/09/2016
010.033-16.99759510,,,26/09/2016
010.033-16.99759511,,,26/09/2016
010.033-16.99759512,,,26/09/2016
010.033-16.99759513,,,26/09/2016
010.033-16.99759514,,,26/09/2016
010.033-16.99759515,,,26/09/2016
010.033-16.99763982,,,26/09/2016
010.033-16.99763983,,,26/09/2016
010.033-16.99763984,,,26/09/2016
010.033-16.99763985,,,26/09/2016
010.033-16.99763986,,,26/09/2016
010.033-16.99763987,,,26/09/2016
010.033-16.99763988,,,26/09/2016
010.033-16.99763989,,,26/09/2016
010.033-16.99763990,,,26/09/2016
010.033-16.99763991,,,26/09/2016
010.033-16.99763992,,,26/09/2016
010.033-16.99763993,,,26/09/2016
010.033-16.99763994,,,26/09/2016
010.033-16.99763995,,,26/09/2016
010.033-16.99763996,,,26/09/2016
010.033-16.99763997,,,26/09/2016
010.033-16.99763998,,,26/09/2016
010.033-16.99763999,,,26/09/2016
010.033-16.99764000,,,26/09/2016
010.033-16.99764001,,,26/09/2016
010.033-16.99764002,,,26/09/2016
010.033-16.99764003,,,26/09/2016
010.033-16.99764004,,,26/09/2016
010.033-16.99764005,,,26/09/2016
010.033-16.99764006,,,26/09/2016
010.033-16.99764007,,,26/09/2016
010.033-16.99764008,,,26/09/2016
010.033-16.99764009,,,26/09/2016
010.033-16.99764010,,,26/09/2016
010.033-16.99764011,,,26/09/2016
010.033-16.99764012,,,26/09/2016
010.033-16.99764013,,,26/09/2016
010.033-16.99764014,,,26/09/2016
010.033-16.99764015,,,26/09/2016
010.033-16.99764016,,,26/09/2016
010.033-16.99764017,,,26/09/2016
010.033-16.99764018,,,26/09/2016
010.033-16.99764019,,,26/09/2016
010.033-16.99764020,,,26/09/2016
010.033-16.99764021,,,26/09/2016
010.033-16.99764022,,,26/09/2016
010.033-16.99764023,,,26/09/2016
010.033-16.99764024,,,26/09/2016
010.033-16.99764025,,,26/09/2016
010.033-16.99764026,,,26/09/2016
010.033-16.99764027,,,26/09/2016
010.033-16.99764028,,,26/09/2016
010.033-16.99764029,,,26/09/2016
010.033-16.99764030,,,26/09/2016
010.033-16.99764031,,,26/09/2016
010.033-16.99764032,,,26/09/2016
010.033-16.99764033,,,26/09/2016
010.033-16.99764034,,,26/09/2016
010.033-16.99764035,,,26/09/2016
010.033-16.99764036,,,26/09/2016
010.033-16.99764037,,,26/09/2016
010.033-16.99764038,,,26/09/2016
010.033-16.99764039,,,26/09/2016
010.033-16.99764040,,,26/09/2016
010.033-16.99764041,,,26/09/2016
010.033-16.99764042,,,26/09/2016
010.033-16.99764043,,,26/09/2016
010.033-16.99764044,,,26/09/2016
010.033-16.99764045,,,26/09/2016
010.033-16.99764046,,,26/09/2016
010.033-16.99764047,,,26/09/2016
010.033-16.99764048,,,26/09/2016
010.033-16.99764049,,,26/09/2016
010.033-16.99764050,,,26/09/2016
010.033-16.99764051,,,26/09/2016
010.033-16.99764052,,,26/09/2016
010.033-16.99764053,,,26/09/2016
010.033-16.99764054,,,26/09/2016
010.033-16.99764055,,,26/09/2016
010.033-16.99764056,,,26/09/2016
010.033-16.99764057,,,26/09/2016
010.033-16.99764058,,,26/09/2016
010.033-16.99764059,,,26/09/2016
010.033-16.99764060,,,26/09/2016
010.033-16.99764061,,,26/09/2016
010.033-16.99764062,,,26/09/2016
010.033-16.99764063,,,26/09/2016
010.033-16.99764064,,,26/09/2016
010.033-16.99764065,,,26/09/2016
010.033-16.99764066,,,26/09/2016
010.033-16.99764067,,,26/09/2016
010.033-16.99764068,,,26/09/2016
010.033-16.99764069,,,26/09/2016
010.033-16.99747416,,,26/09/2016
010.033-16.99747417,,,26/09/2016
010.033-16.99747418,,,26/09/2016
010.033-16.99747419,,,26/09/2016
010.033-16.99747420,,,26/09/2016
010.033-16.99747421,,,26/09/2016
010.033-16.99747422,,,26/09/2016
010.033-16.99747423,,,26/09/2016
010.033-16.99747424,,,26/09/2016
010.033-16.99747425,,,26/09/2016
010.033-16.99747426,,,26/09/2016
010.033-16.99747427,,,26/09/2016
010.033-16.99747428,,,26/09/2016
010.033-16.99747429,,,26/09/2016
010.033-16.99747430,,,26/09/2016
010.033-16.99747431,,,26/09/2016
010.033-16.99747432,,,26/09/2016
010.033-16.99747433,,,26/09/2016
010.033-16.99747434,,,26/09/2016
010.033-16.99747435,,,26/09/2016
010.033-16.99747436,,,26/09/2016
010.033-16.99747437,,,26/09/2016
010.033-16.99747438,,,26/09/2016
010.033-16.99747439,,,26/09/2016
010.033-16.99747440,,,26/09/2016
010.033-16.99747441,,,26/09/2016
010.033-16.99747442,,,26/09/2016
010.033-16.99747443,,,26/09/2016
010.033-16.99747444,,,26/09/2016
010.033-16.99747445,,,26/09/2016
010.033-16.99747446,,,26/09/2016
010.033-16.99747447,,,26/09/2016
010.033-16.99747448,,,26/09/2016
010.033-16.99747449,,,26/09/2016
010.033-16.99747450,,,26/09/2016
010.033-16.99747451,,,26/09/2016
010.033-16.99747452,,,26/09/2016
010.033-16.99747453,,,26/09/2016
010.033-16.99747454,,,26/09/2016
010.033-16.99747455,,,26/09/2016
010.033-16.99747456,,,26/09/2016
010.033-16.99747457,,,26/09/2016
010.033-16.99747458,,,26/09/2016
010.033-16.99747459,,,26/09/2016
010.033-16.99747460,,,26/09/2016
010.033-16.99747461,,,26/09/2016
010.033-16.99747462,,,26/09/2016
010.033-16.99747463,,,26/09/2016
010.033-16.99747464,,,26/09/2016
010.033-16.99747465,,,26/09/2016
010.033-16.99747466,,,26/09/2016
010.033-16.99747467,,,26/09/2016
010.033-16.99747468,,,26/09/2016
010.033-16.99747469,,,26/09/2016
010.033-16.99747470,,,26/09/2016
010.033-16.99747471,,,26/09/2016
010.033-16.99747472,,,26/09/2016
010.033-16.99747473,,,26/09/2016
010.033-16.99747474,,,26/09/2016
010.033-16.99747475,,,26/09/2016
010.033-16.99747476,,,26/09/2016
010.033-16.99747477,,,26/09/2016
010.033-16.99747478,,,26/09/2016
010.033-16.99747479,,,26/09/2016
010.033-16.99747480,,,26/09/2016
010.033-16.99747481,,,26/09/2016
010.033-16.99747482,,,26/09/2016
010.033-16.99747483,,,26/09/2016
010.033-16.99747484,,,26/09/2016
010.033-16.99747485,,,26/09/2016
010.033-16.99747486,,,26/09/2016
010.033-16.99747487,,,26/09/2016
010.033-16.99747488,,,26/09/2016
010.033-16.99747489,,,26/09/2016
010.033-16.99747490,,,26/09/2016
010.033-16.99747491,,,26/09/2016
010.033-16.99747492,,,26/09/2016
010.033-16.99747493,,,26/09/2016
010.033-16.99747494,,,26/09/2016
010.033-16.99747495,,,26/09/2016
010.033-16.99747496,,,26/09/2016
010.033-16.99747497,,,26/09/2016
010.033-16.99747498,,,26/09/2016
010.033-16.99747499,,,26/09/2016
010.033-16.99747500,,,26/09/2016
010.033-16.99747501,,,26/09/2016
010.033-16.99747502,,,26/09/2016
010.033-16.99747503,,,26/09/2016
010.033-16.99745744,,,26/09/2016
010.033-16.99745745,,,26/09/2016
010.033-16.99745746,,,26/09/2016
010.033-16.99745747,,,26/09/2016
010.033-16.99745748,,,26/09/2016
010.033-16.99745749,,,26/09/2016
010.033-16.99745750,,,26/09/2016
010.033-16.99745751,,,26/09/2016
010.033-16.99745752,,,26/09/2016
010.033-16.99745753,,,26/09/2016
010.033-16.99745754,,,26/09/2016
010.033-16.99745755,,,26/09/2016
010.033-16.99745756,,,26/09/2016
010.033-16.99745757,,,26/09/2016
010.033-16.99745758,,,26/09/2016
010.033-16.99745759,,,26/09/2016
010.033-16.99745760,,,26/09/2016
010.033-16.99745761,,,26/09/2016
010.033-16.99745762,,,26/09/2016
010.033-16.99745763,,,26/09/2016
010.033-16.99745764,,,26/09/2016
010.033-16.99745765,,,26/09/2016
010.033-16.99745766,,,26/09/2016
010.033-16.99745767,,,26/09/2016
010.033-16.99745768,,,26/09/2016
010.033-16.99745769,,,26/09/2016
010.033-16.99745770,,,26/09/2016
010.033-16.99745771,,,26/09/2016
010.033-16.99745772,,,26/09/2016
010.033-16.99745773,,,26/09/2016
010.033-16.99745774,,,26/09/2016
010.033-16.99745775,,,26/09/2016
010.033-16.99745776,,,26/09/2016
010.033-16.99745777,,,26/09/2016
010.033-16.99745778,,,26/09/2016
010.033-16.99745779,,,26/09/2016
010.033-16.99745780,,,26/09/2016
010.033-16.99745781,,,26/09/2016
010.033-16.99745782,,,26/09/2016
010.033-16.99745783,,,26/09/2016
010.033-16.99745784,,,26/09/2016
010.033-16.99745785,,,26/09/2016
010.033-16.99745786,,,26/09/2016
010.033-16.99745787,,,26/09/2016
010.033-16.99745788,,,26/09/2016
010.033-16.99745789,,,26/09/2016
010.033-16.99745790,,,26/09/2016
010.033-16.99745791,,,26/09/2016
010.033-16.99745792,,,26/09/2016
010.033-16.99745793,,,26/09/2016
010.033-16.99745794,,,26/09/2016
010.033-16.99745795,,,26/09/2016
010.033-16.99745796,,,26/09/2016
010.033-16.99745797,,,26/09/2016
010.033-16.99745798,,,26/09/2016
010.033-16.99745799,,,26/09/2016
010.033-16.99745800,,,26/09/2016
010.033-16.99745801,,,26/09/2016
010.033-16.99745802,,,26/09/2016
010.033-16.99745803,,,26/09/2016
010.033-16.99745804,,,26/09/2016
010.033-16.99745805,,,26/09/2016
010.033-16.99745806,,,26/09/2016
010.033-16.99745807,,,26/09/2016
010.033-16.99745808,,,26/09/2016
010.033-16.99745809,,,26/09/2016
010.033-16.99745810,,,26/09/2016
010.033-16.99745811,,,26/09/2016
010.033-16.99745812,,,26/09/2016
010.033-16.99745813,,,26/09/2016
010.033-16.99745814,,,26/09/2016
010.033-16.99745815,,,26/09/2016
010.033-16.99745816,,,26/09/2016
010.033-16.99745817,,,26/09/2016
010.033-16.99745818,,,26/09/2016
010.033-16.99745819,,,26/09/2016
010.033-16.99745820,,,26/09/2016
010.033-16.99745821,,,26/09/2016
010.033-16.99745822,,,26/09/2016
010.033-16.99745823,,,26/09/2016
010.033-16.99745824,,,26/09/2016
010.033-16.99745825,,,26/09/2016
010.033-16.99745826,,,26/09/2016
010.033-16.99745827,,,26/09/2016
010.033-16.99745828,,,26/09/2016
010.033-16.99745829,,,26/09/2016
010.033-16.99745830,,,26/09/2016
010.033-16.99745831,,,26/09/2016
010.033-16.99759516,,,26/09/2016
010.033-16.99759517,,,26/09/2016
010.033-16.99759518,,,26/09/2016
010.033-16.99759519,,,26/09/2016
010.033-16.99759520,,,26/09/2016
010.033-16.99759521,,,26/09/2016
010.033-16.99759522,,,26/09/2016
010.033-16.99759523,,,26/09/2016
010.033-16.99759524,,,26/09/2016
010.033-16.99759525,,,26/09/2016
010.033-16.99759526,,,26/09/2016
010.033-16.99759527,,,26/09/2016
010.033-16.99759528,,,26/09/2016
010.033-16.99759529,,,26/09/2016
010.033-16.99759530,,,26/09/2016
010.033-16.99759531,,,26/09/2016
010.033-16.99759532,,,26/09/2016
010.033-16.99759533,,,26/09/2016
010.033-16.99759534,,,26/09/2016
010.033-16.99759535,,,26/09/2016
010.033-16.99759536,,,26/09/2016
010.033-16.99759537,,,26/09/2016
010.033-16.99759538,,,26/09/2016
010.033-16.99759539,,,26/09/2016
010.033-16.99759540,,,26/09/2016
010.033-16.99759541,,,26/09/2016
010.033-16.99759542,,,26/09/2016
010.033-16.99759543,,,26/09/2016
010.033-16.99759544,,,26/09/2016
010.033-16.99759545,,,26/09/2016
010.033-16.99759546,,,26/09/2016
010.033-16.99759547,,,26/09/2016
010.033-16.99759548,,,26/09/2016
010.033-16.99759549,,,26/09/2016
010.033-16.99759550,,,26/09/2016
010.033-16.99759551,,,26/09/2016
010.033-16.99759552,,,26/09/2016
010.033-16.99759553,,,26/09/2016
010.033-16.99759554,,,26/09/2016
010.033-16.99759555,,,26/09/2016
010.033-16.99759556,,,26/09/2016
010.033-16.99759557,,,26/09/2016
010.033-16.99759558,,,26/09/2016
010.033-16.99759559,,,26/09/2016
010.033-16.99759560,,,26/09/2016
010.033-16.99759561,,,26/09/2016
010.033-16.99759562,,,26/09/2016
010.033-16.99759563,,,26/09/2016
010.033-16.99759564,,,26/09/2016
010.033-16.99759565,,,26/09/2016
010.033-16.99759566,,,26/09/2016
010.033-16.99759567,,,26/09/2016
010.033-16.99759568,,,26/09/2016
010.033-16.99759569,,,26/09/2016
010.033-16.99759570,,,26/09/2016
010.033-16.99759571,,,26/09/2016
010.033-16.99759572,,,26/09/2016
010.033-16.99759573,,,26/09/2016
010.033-16.99759574,,,26/09/2016
010.033-16.99759575,,,26/09/2016
010.033-16.99759576,,,26/09/2016
010.033-16.99759577,,,26/09/2016
010.033-16.99759578,,,26/09/2016
010.033-16.99759579,,,26/09/2016
010.033-16.99759580,,,26/09/2016
010.033-16.99759581,,,26/09/2016
010.033-16.99759582,,,26/09/2016
010.033-16.99759583,,,26/09/2016
010.033-16.99759584,,,26/09/2016
010.033-16.99759585,,,26/09/2016
010.033-16.99759586,,,26/09/2016
010.033-16.99759587,,,26/09/2016
010.033-16.99759588,,,26/09/2016
010.033-16.99759589,,,26/09/2016
010.033-16.99759590,,,26/09/2016
010.033-16.99759591,,,26/09/2016
010.033-16.99759592,,,26/09/2016
010.033-16.99759593,,,26/09/2016
010.033-16.99759594,,,26/09/2016
010.033-16.99759595,,,26/09/2016
010.033-16.99759596,,,26/09/2016
010.033-16.99759597,,,26/09/2016
010.033-16.99759598,,,26/09/2016
010.033-16.99759599,,,26/09/2016
010.033-16.99759600,,,26/09/2016
010.033-16.99759601,,,26/09/2016
010.033-16.99759602,,,26/09/2016
010.033-16.99759603,,,26/09/2016
010.033-16.99749033,,,26/09/2016
010.033-16.99749034,,,26/09/2016
010.033-16.99749035,,,26/09/2016
010.033-16.99749036,,,26/09/2016
010.033-16.99749037,,,26/09/2016
010.033-16.99749038,,,26/09/2016
010.033-16.99749039,,,26/09/2016
010.033-16.99749040,,,26/09/2016
010.033-16.99749041,,,26/09/2016
010.033-16.99749042,,,26/09/2016
010.033-16.99749043,,,26/09/2016
010.033-16.99749044,,,26/09/2016
010.033-16.99749045,,,26/09/2016
010.033-16.99749046,,,26/09/2016
010.033-16.99749047,,,26/09/2016
010.033-16.99749048,,,26/09/2016
010.033-16.99749049,,,26/09/2016
010.033-16.99749050,,,26/09/2016
010.033-16.99749051,,,26/09/2016
010.033-16.99749052,,,26/09/2016
010.033-16.99749053,,,26/09/2016
010.033-16.99749054,,,26/09/2016
010.033-16.99749055,,,26/09/2016
010.033-16.99749056,,,26/09/2016
010.033-16.99749057,,,26/09/2016
010.033-16.99749058,,,26/09/2016
010.033-16.99749059,,,26/09/2016
010.033-16.99749060,,,26/09/2016
010.033-16.99749061,,,26/09/2016
010.033-16.99749062,,,26/09/2016
010.033-16.99749063,,,26/09/2016
010.033-16.99749064,,,26/09/2016
010.033-16.99749065,,,26/09/2016
010.033-16.99749066,,,26/09/2016
010.033-16.99749067,,,26/09/2016
010.033-16.99749068,,,26/09/2016
010.033-16.99749069,,,26/09/2016
010.033-16.99749070,,,26/09/2016
010.033-16.99749071,,,26/09/2016
010.033-16.99749072,,,26/09/2016
010.033-16.99749073,,,26/09/2016
010.033-16.99749074,,,26/09/2016
010.033-16.99749075,,,26/09/2016
010.033-16.99749076,,,26/09/2016
010.033-16.99749077,,,26/09/2016
010.033-16.99749078,,,26/09/2016
010.033-16.99749079,,,26/09/2016
010.033-16.99749080,,,26/09/2016
010.033-16.99749081,,,26/09/2016
010.033-16.99749082,,,26/09/2016
010.033-16.99749083,,,26/09/2016
010.033-16.99749084,,,26/09/2016
010.033-16.99749085,,,26/09/2016
010.033-16.99749086,,,26/09/2016
010.033-16.99749087,,,26/09/2016
010.033-16.99749088,,,26/09/2016
010.033-16.99749089,,,26/09/2016
010.033-16.99749090,,,26/09/2016
010.033-16.99749091,,,26/09/2016
010.033-16.99749092,,,26/09/2016
010.033-16.99749093,,,26/09/2016
010.033-16.99749094,,,26/09/2016
010.033-16.99749095,,,26/09/2016
010.033-16.99749096,,,26/09/2016
010.033-16.99749097,,,26/09/2016
010.033-16.99749098,,,26/09/2016
010.033-16.99749099,,,26/09/2016
010.033-16.99749100,,,26/09/2016
010.033-16.99749101,,,26/09/2016
010.033-16.99749102,,,26/09/2016
010.033-16.99749103,,,26/09/2016
010.033-16.99749104,,,26/09/2016
010.033-16.99749105,,,26/09/2016
010.033-16.99749106,,,26/09/2016
010.033-16.99749107,,,26/09/2016
010.033-16.99749108,,,26/09/2016
010.033-16.99749109,,,26/09/2016
010.033-16.99749110,,,26/09/2016
010.033-16.99749111,,,26/09/2016
010.033-16.99749112,,,26/09/2016
010.033-16.99749113,,,26/09/2016
010.033-16.99749114,,,26/09/2016
010.033-16.99749115,,,26/09/2016
010.033-16.99749116,,,26/09/2016
010.033-16.99749117,,,26/09/2016
010.033-16.99749118,,,26/09/2016
010.033-16.99749119,,,26/09/2016
010.033-16.99749120,,,26/09/2016
010.033-16.99747504,,,26/09/2016
010.033-16.99747505,,,26/09/2016
010.033-16.99747506,,,26/09/2016
010.033-16.99747507,,,26/09/2016
010.033-16.99747508,,,26/09/2016
010.033-16.99747509,,,26/09/2016
010.033-16.99747510,,,26/09/2016
010.033-16.99747511,,,26/09/2016
010.033-16.99747512,,,26/09/2016
010.033-16.99747513,,,26/09/2016
010.033-16.99747514,,,26/09/2016
010.033-16.99747515,,,26/09/2016
010.033-16.99747516,,,26/09/2016
010.033-16.99747517,,,26/09/2016
010.033-16.99747518,,,26/09/2016
010.033-16.99747519,,,26/09/2016
010.033-16.99747520,,,26/09/2016
010.033-16.99747521,,,26/09/2016
010.033-16.99747522,,,26/09/2016
010.033-16.99747523,,,26/09/2016
010.033-16.99747524,,,26/09/2016
010.033-16.99747525,,,26/09/2016
010.033-16.99747526,,,26/09/2016
010.033-16.99747527,,,26/09/2016
010.033-16.99747528,,,26/09/2016
010.033-16.99747529,,,26/09/2016
010.033-16.99747530,,,26/09/2016
010.033-16.99747531,,,26/09/2016
010.033-16.99747532,,,26/09/2016
010.033-16.99747533,,,26/09/2016
010.033-16.99747534,,,26/09/2016
010.033-16.99747535,,,26/09/2016
010.033-16.99747536,,,26/09/2016
010.033-16.99747537,,,26/09/2016
010.033-16.99747538,,,26/09/2016
010.033-16.99747539,,,26/09/2016
010.033-16.99747540,,,26/09/2016
010.033-16.99747541,,,26/09/2016
010.033-16.99747542,,,26/09/2016
010.033-16.99747543,,,26/09/2016
010.033-16.99747544,,,26/09/2016
010.033-16.99747545,,,26/09/2016
010.033-16.99747546,,,26/09/2016
010.033-16.99747547,,,26/09/2016
010.033-16.99747548,,,26/09/2016
010.033-16.99747549,,,26/09/2016
010.033-16.99747550,,,26/09/2016
010.033-16.99747551,,,26/09/2016
010.033-16.99747552,,,26/09/2016
010.033-16.99747553,,,26/09/2016
010.033-16.99747554,,,26/09/2016
010.033-16.99747555,,,26/09/2016
010.033-16.99747556,,,26/09/2016
010.033-16.99747557,,,26/09/2016
010.033-16.99747558,,,26/09/2016
010.033-16.99747559,,,26/09/2016
010.033-16.99747560,,,26/09/2016
010.033-16.99747561,,,26/09/2016
010.033-16.99747562,,,26/09/2016
010.033-16.99747563,,,26/09/2016
010.033-16.99747564,,,26/09/2016
010.033-16.99747565,,,26/09/2016
010.033-16.99747566,,,26/09/2016
010.033-16.99747567,,,26/09/2016
010.033-16.99747568,,,26/09/2016
010.033-16.99747569,,,26/09/2016
010.033-16.99747570,,,26/09/2016
010.033-16.99747571,,,26/09/2016
010.033-16.99747572,,,26/09/2016
010.033-16.99747573,,,26/09/2016
010.033-16.99747574,,,26/09/2016
010.033-16.99747575,,,26/09/2016
010.033-16.99747576,,,26/09/2016
010.033-16.99747577,,,26/09/2016
010.033-16.99747578,,,26/09/2016
010.033-16.99747579,,,26/09/2016
010.033-16.99747580,,,26/09/2016
010.033-16.99747581,,,26/09/2016
010.033-16.99747582,,,26/09/2016
010.033-16.99747583,,,26/09/2016
010.033-16.99747584,,,26/09/2016
010.033-16.99747585,,,26/09/2016
010.033-16.99747586,,,26/09/2016
010.033-16.99747587,,,26/09/2016
010.033-16.99747588,,,26/09/2016
010.033-16.99747589,,,26/09/2016
010.033-16.99747590,,,26/09/2016
010.033-16.99747591,,,26/09/2016
010.033-16.99752234,,,26/09/2016
010.033-16.99752235,,,26/09/2016
010.033-16.99752236,,,26/09/2016
010.033-16.99752237,,,26/09/2016
010.033-16.99752238,,,26/09/2016
010.033-16.99752239,,,26/09/2016
010.033-16.99752240,,,26/09/2016
010.033-16.99752241,,,26/09/2016
010.033-16.99752242,,,26/09/2016
010.033-16.99752243,,,26/09/2016
010.033-16.99752244,,,26/09/2016
010.033-16.99752245,,,26/09/2016
010.033-16.99752246,,,26/09/2016
010.033-16.99752247,,,26/09/2016
010.033-16.99752248,,,26/09/2016
010.033-16.99752249,,,26/09/2016
010.033-16.99752250,,,26/09/2016
010.033-16.99752251,,,26/09/2016
010.033-16.99752252,,,26/09/2016
010.033-16.99752253,,,26/09/2016
010.033-16.99752254,,,26/09/2016
010.033-16.99752255,,,26/09/2016
010.033-16.99752256,,,26/09/2016
010.033-16.99752257,,,26/09/2016
010.033-16.99752258,,,26/09/2016
010.033-16.99752259,,,26/09/2016
010.033-16.99752260,,,26/09/2016
010.033-16.99752261,,,26/09/2016
010.033-16.99752262,,,26/09/2016
010.033-16.99752263,,,26/09/2016
010.033-16.99752264,,,26/09/2016
010.033-16.99752265,,,26/09/2016
010.033-16.99752266,,,26/09/2016
010.033-16.99752267,,,26/09/2016
010.033-16.99752268,,,26/09/2016
010.033-16.99752269,,,26/09/2016
010.033-16.99752270,,,26/09/2016
010.033-16.99752271,,,26/09/2016
010.033-16.99752272,,,26/09/2016
010.033-16.99752273,,,26/09/2016
010.033-16.99752274,,,26/09/2016
010.033-16.99752275,,,26/09/2016
010.033-16.99752276,,,26/09/2016
010.033-16.99752277,,,26/09/2016
010.033-16.99752278,,,26/09/2016
010.033-16.99752279,,,26/09/2016
010.033-16.99752280,,,26/09/2016
010.033-16.99752281,,,26/09/2016
010.033-16.99752282,,,26/09/2016
010.033-16.99752283,,,26/09/2016
010.033-16.99752284,,,26/09/2016
010.033-16.99752285,,,26/09/2016
010.033-16.99752286,,,26/09/2016
010.033-16.99752287,,,26/09/2016
010.033-16.99752288,,,26/09/2016
010.033-16.99752289,,,26/09/2016
010.033-16.99752290,,,26/09/2016
010.033-16.99752291,,,26/09/2016
010.033-16.99752292,,,26/09/2016
010.033-16.99752293,,,26/09/2016
010.033-16.99752294,,,26/09/2016
010.033-16.99752295,,,26/09/2016
010.033-16.99752296,,,26/09/2016
010.033-16.99752297,,,26/09/2016
010.033-16.99752298,,,26/09/2016
010.033-16.99752299,,,26/09/2016
010.033-16.99752300,,,26/09/2016
010.033-16.99752301,,,26/09/2016
010.033-16.99752302,,,26/09/2016
010.033-16.99752303,,,26/09/2016
010.033-16.99752304,,,26/09/2016
010.033-16.99752305,,,26/09/2016
010.033-16.99752306,,,26/09/2016
010.033-16.99752307,,,26/09/2016
010.033-16.99752308,,,26/09/2016
010.033-16.99752309,,,26/09/2016
010.033-16.99752310,,,26/09/2016
010.033-16.99752311,,,26/09/2016
010.033-16.99752312,,,26/09/2016
010.033-16.99752313,,,26/09/2016
010.033-16.99752314,,,26/09/2016
010.033-16.99752315,,,26/09/2016
010.033-16.99752316,,,26/09/2016
010.033-16.99752317,,,26/09/2016
010.033-16.99752318,,,26/09/2016
010.033-16.99752319,,,26/09/2016
010.033-16.99752320,,,26/09/2016
010.033-16.99752321,,,26/09/2016
010.033-16.99745832,,,26/09/2016
010.033-16.99745833,,,26/09/2016
010.033-16.99745834,,,26/09/2016
010.033-16.99745835,,,26/09/2016
010.033-16.99745836,,,26/09/2016
010.033-16.99745837,,,26/09/2016
010.033-16.99745838,,,26/09/2016
010.033-16.99745839,,,26/09/2016
010.033-16.99745840,,,26/09/2016
010.033-16.99745841,,,26/09/2016
010.033-16.99745842,,,26/09/2016
010.033-16.99745843,,,26/09/2016
010.033-16.99745844,,,26/09/2016
010.033-16.99745845,,,26/09/2016
010.033-16.99745846,,,26/09/2016
010.033-16.99745847,,,26/09/2016
010.033-16.99745848,,,26/09/2016
010.033-16.99745849,,,26/09/2016
010.033-16.99745850,,,26/09/2016
010.033-16.99745851,,,26/09/2016
010.033-16.99745852,,,26/09/2016
010.033-16.99745853,,,26/09/2016
010.033-16.99745854,,,26/09/2016
010.033-16.99745855,,,26/09/2016
010.033-16.99745856,,,26/09/2016
010.033-16.99745857,,,26/09/2016
010.033-16.99745858,,,26/09/2016
010.033-16.99745859,,,26/09/2016
010.033-16.99745860,,,26/09/2016
010.033-16.99745861,,,26/09/2016
010.033-16.99745862,,,26/09/2016
010.033-16.99745863,,,26/09/2016
010.033-16.99745864,,,26/09/2016
010.033-16.99745865,,,26/09/2016
010.033-16.99745866,,,26/09/2016
010.033-16.99745867,,,26/09/2016
010.033-16.99745868,,,26/09/2016
010.033-16.99745869,,,26/09/2016
010.033-16.99745870,,,26/09/2016
010.033-16.99745871,,,26/09/2016
010.033-16.99745872,,,26/09/2016
010.033-16.99745873,,,26/09/2016
010.033-16.99745874,,,26/09/2016
010.033-16.99745875,,,26/09/2016
010.033-16.99745876,,,26/09/2016
010.033-16.99745877,,,26/09/2016
010.033-16.99745878,,,26/09/2016
010.033-16.99745879,,,26/09/2016
010.033-16.99745880,,,26/09/2016
010.033-16.99745881,,,26/09/2016
010.033-16.99745882,,,26/09/2016
010.033-16.99745883,,,26/09/2016
010.033-16.99745884,,,26/09/2016
010.033-16.99745885,,,26/09/2016
010.033-16.99745886,,,26/09/2016
010.033-16.99745887,,,26/09/2016
010.033-16.99745888,,,26/09/2016
010.033-16.99745889,,,26/09/2016
010.033-16.99745890,,,26/09/2016
010.033-16.99745891,,,26/09/2016
010.033-16.99745892,,,26/09/2016
010.033-16.99745893,,,26/09/2016
010.033-16.99745894,,,26/09/2016
010.033-16.99745895,,,26/09/2016
010.033-16.99745896,,,26/09/2016
010.033-16.99745897,,,26/09/2016
010.033-16.99745898,,,26/09/2016
010.033-16.99745899,,,26/09/2016
010.033-16.99745900,,,26/09/2016
010.033-16.99745901,,,26/09/2016
010.033-16.99745902,,,26/09/2016
010.033-16.99745903,,,26/09/2016
010.033-16.99745904,,,26/09/2016
010.033-16.99745905,,,26/09/2016
010.033-16.99745906,,,26/09/2016
010.033-16.99745907,,,26/09/2016
010.033-16.99745908,,,26/09/2016
010.033-16.99745909,,,26/09/2016
010.033-16.99745910,,,26/09/2016
010.033-16.99745911,,,26/09/2016
010.033-16.99745912,,,26/09/2016
010.033-16.99745913,,,26/09/2016
010.033-16.99745914,,,26/09/2016
010.033-16.99745915,,,26/09/2016
010.033-16.99745916,,,26/09/2016
010.033-16.99745917,,,26/09/2016
010.033-16.99745918,,,26/09/2016
010.033-16.99745919,,,26/09/2016
010.033-16.99759604,,,26/09/2016
010.033-16.99759605,,,26/09/2016
010.033-16.99759606,,,26/09/2016
010.033-16.99759607,,,26/09/2016
010.033-16.99759608,,,26/09/2016
010.033-16.99759609,,,26/09/2016
010.033-16.99759610,,,26/09/2016
010.033-16.99759611,,,26/09/2016
010.033-16.99759612,,,26/09/2016
010.033-16.99759613,,,26/09/2016
010.033-16.99759614,,,26/09/2016
010.033-16.99759615,,,26/09/2016
010.033-16.99759616,,,26/09/2016
010.033-16.99759617,,,26/09/2016
010.033-16.99759618,,,26/09/2016
010.033-16.99759619,,,26/09/2016
010.033-16.99759620,,,26/09/2016
010.033-16.99759621,,,26/09/2016
010.033-16.99759622,,,26/09/2016
010.033-16.99759623,,,26/09/2016
010.033-16.99759624,,,26/09/2016
010.033-16.99759625,,,26/09/2016
010.033-16.99759626,,,26/09/2016
010.033-16.99759627,,,26/09/2016
010.033-16.99759628,,,26/09/2016
010.033-16.99759629,,,26/09/2016
010.033-16.99759630,,,26/09/2016
010.033-16.99759631,,,26/09/2016
010.033-16.99759632,,,26/09/2016
010.033-16.99759633,,,26/09/2016
010.033-16.99759634,,,26/09/2016
010.033-16.99759635,,,26/09/2016
010.033-16.99759636,,,26/09/2016
010.033-16.99759637,,,26/09/2016
010.033-16.99759638,,,26/09/2016
010.033-16.99759639,,,26/09/2016
010.033-16.99759640,,,26/09/2016
010.033-16.99759641,,,26/09/2016
010.033-16.99759642,,,26/09/2016
010.033-16.99759643,,,26/09/2016
010.033-16.99759644,,,26/09/2016
010.033-16.99759645,,,26/09/2016
010.033-16.99759646,,,26/09/2016
010.033-16.99759647,,,26/09/2016
010.033-16.99759648,,,26/09/2016
010.033-16.99759649,,,26/09/2016
010.033-16.99759650,,,26/09/2016
010.033-16.99759651,,,26/09/2016
010.033-16.99759652,,,26/09/2016
010.033-16.99759653,,,26/09/2016
010.033-16.99759654,,,26/09/2016
010.033-16.99759655,,,26/09/2016
010.033-16.99759656,,,26/09/2016
010.033-16.99759657,,,26/09/2016
010.033-16.99759658,,,26/09/2016
010.033-16.99759659,,,26/09/2016
010.033-16.99759660,,,26/09/2016
010.033-16.99759661,,,26/09/2016
010.033-16.99759662,,,26/09/2016
010.033-16.99759663,,,26/09/2016
010.033-16.99759664,,,26/09/2016
010.033-16.99759665,,,26/09/2016
010.033-16.99759666,,,26/09/2016
010.033-16.99759667,,,26/09/2016
010.033-16.99759668,,,26/09/2016
010.033-16.99759669,,,26/09/2016
010.033-16.99759670,,,26/09/2016
010.033-16.99759671,,,26/09/2016
010.033-16.99759672,,,26/09/2016
010.033-16.99759673,,,26/09/2016
010.033-16.99759674,,,26/09/2016
010.033-16.99759675,,,26/09/2016
010.033-16.99759676,,,26/09/2016
010.033-16.99759677,,,26/09/2016
010.033-16.99759678,,,26/09/2016
010.033-16.99759679,,,26/09/2016
010.033-16.99759680,,,26/09/2016
010.033-16.99759681,,,26/09/2016
010.033-16.99759682,,,26/09/2016
010.033-16.99759683,,,26/09/2016
010.033-16.99759684,,,26/09/2016
010.033-16.99759685,,,26/09/2016
010.033-16.99759686,,,26/09/2016
010.033-16.99759687,,,26/09/2016
010.033-16.99759688,,,26/09/2016
010.033-16.99759689,,,26/09/2016
010.033-16.99759690,,,26/09/2016
010.033-16.99759691,,,26/09/2016
010.033-16.99749121,,,26/09/2016
010.033-16.99749122,,,26/09/2016
010.033-16.99749123,,,26/09/2016
010.033-16.99749124,,,26/09/2016
010.033-16.99749125,,,26/09/2016
010.033-16.99749126,,,26/09/2016
010.033-16.99749127,,,26/09/2016
010.033-16.99749128,,,26/09/2016
010.033-16.99749129,,,26/09/2016
010.033-16.99749130,,,26/09/2016
010.033-16.99749131,,,26/09/2016
010.033-16.99749132,,,26/09/2016
010.033-16.99749133,,,26/09/2016
010.033-16.99749134,,,26/09/2016
010.033-16.99749135,,,26/09/2016
010.033-16.99749136,,,26/09/2016
010.033-16.99749137,,,26/09/2016
010.033-16.99749138,,,26/09/2016
010.033-16.99749139,,,26/09/2016
010.033-16.99749140,,,26/09/2016
010.033-16.99749141,,,26/09/2016
010.033-16.99749142,,,26/09/2016
010.033-16.99749143,,,26/09/2016
010.033-16.99749144,,,26/09/2016
010.033-16.99749145,,,26/09/2016
010.033-16.99749146,,,26/09/2016
010.033-16.99749147,,,26/09/2016
010.033-16.99749148,,,26/09/2016
010.033-16.99749149,,,26/09/2016
010.033-16.99749150,,,26/09/2016
010.033-16.99749151,,,26/09/2016
010.033-16.99749152,,,26/09/2016
010.033-16.99749153,,,26/09/2016
010.033-16.99749154,,,26/09/2016
010.033-16.99749155,,,26/09/2016
010.033-16.99749156,,,26/09/2016
010.033-16.99749157,,,26/09/2016
010.033-16.99749158,,,26/09/2016
010.033-16.99749159,,,26/09/2016
010.033-16.99749160,,,26/09/2016
010.033-16.99749161,,,26/09/2016
010.033-16.99749162,,,26/09/2016
010.033-16.99749163,,,26/09/2016
010.033-16.99749164,,,26/09/2016
010.033-16.99749165,,,26/09/2016
010.033-16.99749166,,,26/09/2016
010.033-16.99749167,,,26/09/2016
010.033-16.99749168,,,26/09/2016
010.033-16.99749169,,,26/09/2016
010.033-16.99749170,,,26/09/2016
010.033-16.99749171,,,26/09/2016
010.033-16.99749172,,,26/09/2016
010.033-16.99749173,,,26/09/2016
010.033-16.99749174,,,26/09/2016
010.033-16.99749175,,,26/09/2016
010.033-16.99749176,,,26/09/2016
010.033-16.99749177,,,26/09/2016
010.033-16.99749178,,,26/09/2016
010.033-16.99749179,,,26/09/2016
010.033-16.99749180,,,26/09/2016
010.033-16.99749181,,,26/09/2016
010.033-16.99749182,,,26/09/2016
010.033-16.99749183,,,26/09/2016
010.033-16.99749184,,,26/09/2016
010.033-16.99749185,,,26/09/2016
010.033-16.99749186,,,26/09/2016
010.033-16.99749187,,,26/09/2016
010.033-16.99749188,,,26/09/2016
010.033-16.99749189,,,26/09/2016
010.033-16.99749190,,,26/09/2016
010.033-16.99749191,,,26/09/2016
010.033-16.99749192,,,26/09/2016
010.033-16.99749193,,,26/09/2016
010.033-16.99749194,,,26/09/2016
010.033-16.99749195,,,26/09/2016
010.033-16.99749196,,,26/09/2016
010.033-16.99749197,,,26/09/2016
010.033-16.99749198,,,26/09/2016
010.033-16.99749199,,,26/09/2016
010.033-16.99749200,,,26/09/2016
010.033-16.99749201,,,26/09/2016
010.033-16.99749202,,,26/09/2016
010.033-16.99749203,,,26/09/2016
010.033-16.99749204,,,26/09/2016
010.033-16.99749205,,,26/09/2016
010.033-16.99749206,,,26/09/2016
010.033-16.99749207,,,26/09/2016
010.033-16.99749208,,,26/09/2016
010.033-16.99752322,,,26/09/2016
010.033-16.99752323,,,26/09/2016
010.033-16.99752324,,,26/09/2016
010.033-16.99752325,,,26/09/2016
010.033-16.99752326,,,26/09/2016
010.033-16.99752327,,,26/09/2016
010.033-16.99752328,,,26/09/2016
010.033-16.99752329,,,26/09/2016
010.033-16.99752330,,,26/09/2016
010.033-16.99752331,,,26/09/2016
010.033-16.99752332,,,26/09/2016
010.033-16.99752333,,,26/09/2016
010.033-16.99752334,,,26/09/2016
010.033-16.99752335,,,26/09/2016
010.033-16.99752336,,,26/09/2016
010.033-16.99752337,,,26/09/2016
010.033-16.99752338,,,26/09/2016
010.033-16.99752339,,,26/09/2016
010.033-16.99752340,,,26/09/2016
010.033-16.99752341,,,26/09/2016
010.033-16.99752342,,,26/09/2016
010.033-16.99752343,,,26/09/2016
010.033-16.99752344,,,26/09/2016
010.033-16.99752345,,,26/09/2016
010.033-16.99752346,,,26/09/2016
010.033-16.99752347,,,26/09/2016
010.033-16.99752348,,,26/09/2016
010.033-16.99752349,,,26/09/2016
010.033-16.99752350,,,26/09/2016
010.033-16.99752351,,,26/09/2016
010.033-16.99752352,,,26/09/2016
010.033-16.99752353,,,26/09/2016
010.033-16.99752354,,,26/09/2016
010.033-16.99752355,,,26/09/2016
010.033-16.99752356,,,26/09/2016
010.033-16.99752357,,,26/09/2016
010.033-16.99752358,,,26/09/2016
010.033-16.99752359,,,26/09/2016
010.033-16.99752360,,,26/09/2016
010.033-16.99752361,,,26/09/2016
010.033-16.99752362,,,26/09/2016
010.033-16.99752363,,,26/09/2016
010.033-16.99752364,,,26/09/2016
010.033-16.99752365,,,26/09/2016
010.033-16.99752366,,,26/09/2016
010.033-16.99752367,,,26/09/2016
010.033-16.99752368,,,26/09/2016
010.033-16.99752369,,,26/09/2016
010.033-16.99752370,,,26/09/2016
010.033-16.99752371,,,26/09/2016
010.033-16.99752372,,,26/09/2016
010.033-16.99752373,,,26/09/2016
010.033-16.99752374,,,26/09/2016
010.033-16.99752375,,,26/09/2016
010.033-16.99752376,,,26/09/2016
010.033-16.99752377,,,26/09/2016
010.033-16.99752378,,,26/09/2016
010.033-16.99752379,,,26/09/2016
010.033-16.99752380,,,26/09/2016
010.033-16.99752381,,,26/09/2016
010.033-16.99752382,,,26/09/2016
010.033-16.99752383,,,26/09/2016
010.033-16.99752384,,,26/09/2016
010.033-16.99752385,,,26/09/2016
010.033-16.99752386,,,26/09/2016
010.033-16.99752387,,,26/09/2016
010.033-16.99752388,,,26/09/2016
010.033-16.99752389,,,26/09/2016
010.033-16.99752390,,,26/09/2016
010.033-16.99752391,,,26/09/2016
010.033-16.99752392,,,26/09/2016
010.033-16.99752393,,,26/09/2016
010.033-16.99752394,,,26/09/2016
010.033-16.99752395,,,26/09/2016
010.033-16.99752396,,,26/09/2016
010.033-16.99752397,,,26/09/2016
010.033-16.99752398,,,26/09/2016
010.033-16.99752399,,,26/09/2016
010.033-16.99752400,,,26/09/2016
010.033-16.99752401,,,26/09/2016
010.033-16.99752402,,,26/09/2016
010.033-16.99752403,,,26/09/2016
010.033-16.99752404,,,26/09/2016
010.033-16.99752405,,,26/09/2016
010.033-16.99752406,,,26/09/2016
010.033-16.99752407,,,26/09/2016
010.033-16.99752408,,,26/09/2016
010.033-16.99752409,,,26/09/2016
010.033-16.99752410,,,26/09/2016
010.033-16.99752411,,,26/09/2016
010.033-16.99752412,,,26/09/2016
010.033-16.99752413,,,26/09/2016
010.033-16.99752414,,,26/09/2016
010.033-16.99752415,,,26/09/2016
010.033-16.99752416,,,26/09/2016
010.033-16.99752417,,,26/09/2016
010.033-16.99752418,,,26/09/2016
010.033-16.99752419,,,26/09/2016
010.033-16.99752420,,,26/09/2016
010.033-16.99752421,,,26/09/2016
010.033-16.99752422,,,26/09/2016
010.033-16.99752423,,,26/09/2016
010.033-16.99752424,,,26/09/2016
010.033-16.99752425,,,26/09/2016
010.033-16.99752426,,,26/09/2016
010.033-16.99752427,,,26/09/2016
010.033-16.99752428,,,26/09/2016
010.033-16.99752429,,,26/09/2016
010.033-16.99752430,,,26/09/2016
010.033-16.99752431,,,26/09/2016
010.033-16.99752432,,,26/09/2016
010.033-16.99752433,,,26/09/2016
010.033-16.99752434,,,26/09/2016
010.033-16.99752435,,,26/09/2016
010.033-16.99752436,,,26/09/2016
010.033-16.99752437,,,26/09/2016
010.033-16.99752438,,,26/09/2016
010.033-16.99752439,,,26/09/2016
010.033-16.99752440,,,26/09/2016
010.033-16.99752441,,,26/09/2016
010.033-16.99752442,,,26/09/2016
010.033-16.99752443,,,26/09/2016
010.033-16.99752444,,,26/09/2016
010.033-16.99752445,,,26/09/2016
010.033-16.99752446,,,26/09/2016
010.033-16.99752447,,,26/09/2016
010.033-16.99752448,,,26/09/2016
010.033-16.99752449,,,26/09/2016
010.033-16.99752450,,,26/09/2016
010.033-16.99752451,,,26/09/2016
010.033-16.99752452,,,26/09/2016
010.033-16.99752453,,,26/09/2016
010.033-16.99752454,,,26/09/2016
010.033-16.99752455,,,26/09/2016
010.033-16.99752456,,,26/09/2016
010.033-16.99752457,,,26/09/2016
010.033-16.99752458,,,26/09/2016
010.033-16.99752459,,,26/09/2016
010.033-16.99752460,,,26/09/2016
010.033-16.99752461,,,26/09/2016
010.033-16.99752462,,,26/09/2016
010.033-16.99752463,,,26/09/2016
010.033-16.99752464,,,26/09/2016
010.033-16.99752465,,,26/09/2016
010.033-16.99752466,,,26/09/2016
010.033-16.99752467,,,26/09/2016
010.033-16.99752468,,,26/09/2016
010.033-16.99752469,,,26/09/2016
010.033-16.99752470,,,26/09/2016
010.033-16.99752471,,,26/09/2016
010.033-16.99752472,,,26/09/2016
010.033-16.99752473,,,26/09/2016
010.033-16.99752474,,,26/09/2016
010.033-16.99752475,,,26/09/2016
010.033-16.99752476,,,26/09/2016
010.033-16.99752477,,,26/09/2016
010.033-16.99752478,,,26/09/2016
010.033-16.99752479,,,26/09/2016
010.033-16.99752480,,,26/09/2016
010.033-16.99752481,,,26/09/2016
010.033-16.99752482,,,26/09/2016
010.033-16.99752483,,,26/09/2016
010.033-16.99752484,,,26/09/2016
010.033-16.99752485,,,26/09/2016
010.033-16.99752486,,,26/09/2016
010.033-16.99752487,,,26/09/2016
010.033-16.99752488,,,26/09/2016
010.033-16.99752489,,,26/09/2016
010.033-16.99752490,,,26/09/2016
010.033-16.99752491,,,26/09/2016
010.033-16.99752492,,,26/09/2016
010.033-16.99752493,,,26/09/2016
010.033-16.99752494,,,26/09/2016
010.033-16.99752495,,,26/09/2016
010.033-16.99752496,,,26/09/2016
010.033-16.99752497,,,26/09/2016
010.033-16.99752498,,,26/09/2016
010.033-16.99752499,,,26/09/2016
010.033-16.99752500,,,26/09/2016
010.033-16.99752501,,,26/09/2016
010.033-16.99752502,,,26/09/2016
010.033-16.99752503,,,26/09/2016
010.033-16.99752504,,,26/09/2016
010.033-16.99752505,,,26/09/2016
010.033-16.99752506,,,26/09/2016
010.033-16.99752507,,,26/09/2016
010.033-16.99752508,,,26/09/2016
010.033-16.99752509,,,26/09/2016
010.033-16.99752510,,,26/09/2016
010.033-16.99752511,,,26/09/2016
010.033-16.99752512,,,26/09/2016
010.033-16.99752513,,,26/09/2016
010.033-16.99752514,,,26/09/2016
010.033-16.99752515,,,26/09/2016
010.033-16.99752516,,,26/09/2016
010.033-16.99752517,,,26/09/2016
010.033-16.99752518,,,26/09/2016
010.033-16.99752519,,,26/09/2016
010.033-16.99752520,,,26/09/2016
010.033-16.99752521,,,26/09/2016
010.033-16.99752522,,,26/09/2016
010.033-16.99752523,,,26/09/2016
010.033-16.99752524,,,26/09/2016
010.033-16.99752525,,,26/09/2016
010.033-16.99752526,,,26/09/2016
010.033-16.99752527,,,26/09/2016
010.033-16.99752528,,,26/09/2016
010.033-16.99752529,,,26/09/2016
010.033-16.99752530,,,26/09/2016
010.033-16.99752531,,,26/09/2016
010.033-16.99752532,,,26/09/2016
010.033-16.99752533,,,26/09/2016
010.033-16.99752534,,,26/09/2016
010.033-16.99752535,,,26/09/2016
010.033-16.99752536,,,26/09/2016
010.033-16.99752537,,,26/09/2016
010.033-16.99752538,,,26/09/2016
010.033-16.99752539,,,26/09/2016
010.033-16.99752540,,,26/09/2016
010.033-16.99752541,,,26/09/2016
010.033-16.99752542,,,26/09/2016
010.033-16.99752543,,,26/09/2016
010.033-16.99752544,,,26/09/2016
010.033-16.99752545,,,26/09/2016
010.033-16.99752546,,,26/09/2016
010.033-16.99752547,,,26/09/2016
010.033-16.99752548,,,26/09/2016
010.033-16.99752549,,,26/09/2016
010.033-16.99752550,,,26/09/2016
010.033-16.99752551,,,26/09/2016
010.033-16.99752552,,,26/09/2016
010.033-16.99752553,,,26/09/2016
010.033-16.99752554,,,26/09/2016
010.033-16.99752555,,,26/09/2016
010.033-16.99752556,,,26/09/2016
010.033-16.99752557,,,26/09/2016
010.033-16.99752558,,,26/09/2016
010.033-16.99752559,,,26/09/2016
010.033-16.99752560,,,26/09/2016
010.033-16.99752561,,,26/09/2016
010.033-16.99752562,,,26/09/2016
010.033-16.99752563,,,26/09/2016
010.033-16.99752564,,,26/09/2016
010.033-16.99752565,,,26/09/2016
010.033-16.99752566,,,26/09/2016
010.033-16.99752567,,,26/09/2016
010.033-16.99752568,,,26/09/2016
010.033-16.99752569,,,26/09/2016
010.033-16.99752570,,,26/09/2016
010.033-16.99752571,,,26/09/2016
010.033-16.99752572,,,26/09/2016
010.033-16.99752573,,,26/09/2016
010.033-16.99752574,,,26/09/2016
010.033-16.99752575,,,26/09/2016
010.033-16.99752576,,,26/09/2016
010.033-16.99752577,,,26/09/2016
010.033-16.99752578,,,26/09/2016
010.033-16.99752579,,,26/09/2016
010.033-16.99752580,,,26/09/2016
010.033-16.99752581,,,26/09/2016
010.033-16.99752582,,,26/09/2016
010.033-16.99752583,,,26/09/2016
010.033-16.99752584,,,26/09/2016
010.033-16.99752585,,,26/09/2016
010.033-16.99749209,,,26/09/2016
010.033-16.99749210,,,26/09/2016
010.033-16.99749211,,,26/09/2016
010.033-16.99749212,,,26/09/2016
010.033-16.99749213,,,26/09/2016
010.033-16.99749214,,,26/09/2016
010.033-16.99749215,,,26/09/2016
010.033-16.99749216,,,26/09/2016
010.033-16.99749217,,,26/09/2016
010.033-16.99749218,,,26/09/2016
010.033-16.99749219,,,26/09/2016
010.033-16.99749220,,,26/09/2016
010.033-16.99749221,,,26/09/2016
010.033-16.99749222,,,26/09/2016
010.033-16.99749223,,,26/09/2016
010.033-16.99749224,,,26/09/2016
010.033-16.99749225,,,26/09/2016
010.033-16.99749226,,,26/09/2016
010.033-16.99749227,,,26/09/2016
010.033-16.99749228,,,26/09/2016
010.033-16.99749229,,,26/09/2016
010.033-16.99749230,,,26/09/2016
010.033-16.99749231,,,26/09/2016
010.033-16.99749232,,,26/09/2016
010.033-16.99749233,,,26/09/2016
010.033-16.99749234,,,26/09/2016
010.033-16.99749235,,,26/09/2016
010.033-16.99749236,,,26/09/2016
010.033-16.99749237,,,26/09/2016
010.033-16.99749238,,,26/09/2016
010.033-16.99749239,,,26/09/2016
010.033-16.99749240,,,26/09/2016
010.033-16.99749241,,,26/09/2016
010.033-16.99749242,,,26/09/2016
010.033-16.99749243,,,26/09/2016
010.033-16.99749244,,,26/09/2016
010.033-16.99749245,,,26/09/2016
010.033-16.99749246,,,26/09/2016
010.033-16.99749247,,,26/09/2016
010.033-16.99749248,,,26/09/2016
010.033-16.99749249,,,26/09/2016
010.033-16.99749250,,,26/09/2016
010.033-16.99749251,,,26/09/2016
010.033-16.99749252,,,26/09/2016
010.033-16.99749253,,,26/09/2016
010.033-16.99749254,,,26/09/2016
010.033-16.99749255,,,26/09/2016
010.033-16.99749256,,,26/09/2016
010.033-16.99749257,,,26/09/2016
010.033-16.99749258,,,26/09/2016
010.033-16.99749259,,,26/09/2016
010.033-16.99749260,,,26/09/2016
010.033-16.99749261,,,26/09/2016
010.033-16.99749262,,,26/09/2016
010.033-16.99749263,,,26/09/2016
010.033-16.99749264,,,26/09/2016
010.033-16.99749265,,,26/09/2016
010.033-16.99749266,,,26/09/2016
010.033-16.99749267,,,26/09/2016
010.033-16.99749268,,,26/09/2016
010.033-16.99749269,,,26/09/2016
010.033-16.99749270,,,26/09/2016
010.033-16.99749271,,,26/09/2016
010.033-16.99749272,,,26/09/2016
010.033-16.99749273,,,26/09/2016
010.033-16.99749274,,,26/09/2016
010.033-16.99749275,,,26/09/2016
010.033-16.99749276,,,26/09/2016
010.033-16.99749277,,,26/09/2016
010.033-16.99749278,,,26/09/2016
010.033-16.99749279,,,26/09/2016
010.033-16.99749280,,,26/09/2016
010.033-16.99749281,,,26/09/2016
010.033-16.99749282,,,26/09/2016
010.033-16.99749283,,,26/09/2016
010.033-16.99749284,,,26/09/2016
010.033-16.99749285,,,26/09/2016
010.033-16.99749286,,,26/09/2016
010.033-16.99749287,,,26/09/2016
010.033-16.99749288,,,26/09/2016
010.033-16.99749289,,,26/09/2016
010.033-16.99749290,,,26/09/2016
010.033-16.99749291,,,26/09/2016
010.033-16.99749292,,,26/09/2016
010.033-16.99749293,,,26/09/2016
010.033-16.99749294,,,26/09/2016
010.033-16.99749295,,,26/09/2016
010.033-16.99749296,,,26/09/2016
010.033-16.99752586,,,26/09/2016
010.033-16.99752587,,,26/09/2016
010.033-16.99752588,,,26/09/2016
010.033-16.99752589,,,26/09/2016
010.033-16.99752590,,,26/09/2016
010.033-16.99752591,,,26/09/2016
010.033-16.99752592,,,26/09/2016
010.033-16.99752593,,,26/09/2016
010.033-16.99752594,,,26/09/2016
010.033-16.99752595,,,26/09/2016
010.033-16.99752596,,,26/09/2016
010.033-16.99752597,,,26/09/2016
010.033-16.99752598,,,26/09/2016
010.033-16.99752599,,,26/09/2016
010.033-16.99752600,,,26/09/2016
010.033-16.99752601,,,26/09/2016
010.033-16.99752602,,,26/09/2016
010.033-16.99752603,,,26/09/2016
010.033-16.99752604,,,26/09/2016
010.033-16.99752605,,,26/09/2016
010.033-16.99752606,,,26/09/2016
010.033-16.99752607,,,26/09/2016
010.033-16.99752608,,,26/09/2016
010.033-16.99752609,,,26/09/2016
010.033-16.99752610,,,26/09/2016
010.033-16.99752611,,,26/09/2016
010.033-16.99752612,,,26/09/2016
010.033-16.99752613,,,26/09/2016
010.033-16.99752614,,,26/09/2016
010.033-16.99752615,,,26/09/2016
010.033-16.99752616,,,26/09/2016
010.033-16.99752617,,,26/09/2016
010.033-16.99752618,,,26/09/2016
010.033-16.99752619,,,26/09/2016
010.033-16.99752620,,,26/09/2016
010.033-16.99752621,,,26/09/2016
010.033-16.99752622,,,26/09/2016
010.033-16.99752623,,,26/09/2016
010.033-16.99752624,,,26/09/2016
010.033-16.99752625,,,26/09/2016
010.033-16.99752626,,,26/09/2016
010.033-16.99752627,,,26/09/2016
010.033-16.99752628,,,26/09/2016
010.033-16.99752629,,,26/09/2016
010.033-16.99752630,,,26/09/2016
010.033-16.99752631,,,26/09/2016
010.033-16.99752632,,,26/09/2016
010.033-16.99752633,,,26/09/2016
010.033-16.99752634,,,26/09/2016
010.033-16.99752635,,,26/09/2016
010.033-16.99752636,,,26/09/2016
010.033-16.99752637,,,26/09/2016
010.033-16.99752638,,,26/09/2016
010.033-16.99752639,,,26/09/2016
010.033-16.99752640,,,26/09/2016
010.033-16.99752641,,,26/09/2016
010.033-16.99752642,,,26/09/2016
010.033-16.99752643,,,26/09/2016
010.033-16.99752644,,,26/09/2016
010.033-16.99752645,,,26/09/2016
010.033-16.99752646,,,26/09/2016
010.033-16.99752647,,,26/09/2016
010.033-16.99752648,,,26/09/2016
010.033-16.99752649,,,26/09/2016
010.033-16.99752650,,,26/09/2016
010.033-16.99752651,,,26/09/2016
010.033-16.99752652,,,26/09/2016
010.033-16.99752653,,,26/09/2016
010.033-16.99752654,,,26/09/2016
010.033-16.99752655,,,26/09/2016
010.033-16.99752656,,,26/09/2016
010.033-16.99752657,,,26/09/2016
010.033-16.99752658,,,26/09/2016
010.033-16.99752659,,,26/09/2016
010.033-16.99752660,,,26/09/2016
010.033-16.99752661,,,26/09/2016
010.033-16.99752662,,,26/09/2016
010.033-16.99752663,,,26/09/2016
010.033-16.99752664,,,26/09/2016
010.033-16.99752665,,,26/09/2016
010.033-16.99752666,,,26/09/2016
010.033-16.99752667,,,26/09/2016
010.033-16.99752668,,,26/09/2016
010.033-16.99752669,,,26/09/2016
010.033-16.99752670,,,26/09/2016
010.033-16.99752671,,,26/09/2016
010.033-16.99752672,,,26/09/2016
010.033-16.99752673,,,26/09/2016
010.033-16.99749297,,,26/09/2016
010.033-16.99749298,,,26/09/2016
010.033-16.99749299,,,26/09/2016
010.033-16.99749300,,,26/09/2016
010.033-16.99749301,,,26/09/2016
010.033-16.99749302,,,26/09/2016
010.033-16.99749303,,,26/09/2016
010.033-16.99749304,,,26/09/2016
010.033-16.99749305,,,26/09/2016
010.033-16.99749306,,,26/09/2016
010.033-16.99749307,,,26/09/2016
010.033-16.99749308,,,26/09/2016
010.033-16.99749309,,,26/09/2016
010.033-16.99749310,,,26/09/2016
010.033-16.99749311,,,26/09/2016
010.033-16.99749312,,,26/09/2016
010.033-16.99749313,,,26/09/2016
010.033-16.99749314,,,26/09/2016
010.033-16.99749315,,,26/09/2016
010.033-16.99749316,,,26/09/2016
010.033-16.99749317,,,26/09/2016
010.033-16.99749318,,,26/09/2016
010.033-16.99749319,,,26/09/2016
010.033-16.99749320,,,26/09/2016
010.033-16.99749321,,,26/09/2016
010.033-16.99749322,,,26/09/2016
010.033-16.99749323,,,26/09/2016
010.033-16.99749324,,,26/09/2016
010.033-16.99749325,,,26/09/2016
010.033-16.99749326,,,26/09/2016
010.033-16.99749327,,,26/09/2016
010.033-16.99749328,,,26/09/2016
010.033-16.99749329,,,26/09/2016
010.033-16.99749330,,,26/09/2016
010.033-16.99749331,,,26/09/2016
010.033-16.99749332,,,26/09/2016
010.033-16.99749333,,,26/09/2016
010.033-16.99749334,,,26/09/2016
010.033-16.99749335,,,26/09/2016
010.033-16.99749336,,,26/09/2016
010.033-16.99749337,,,26/09/2016
010.033-16.99749338,,,26/09/2016
010.033-16.99749339,,,26/09/2016
010.033-16.99749340,,,26/09/2016
010.033-16.99749341,,,26/09/2016
010.033-16.99749342,,,26/09/2016
010.033-16.99749343,,,26/09/2016
010.033-16.99749344,,,26/09/2016
010.033-16.99749345,,,26/09/2016
010.033-16.99749346,,,26/09/2016
010.033-16.99749347,,,26/09/2016
010.033-16.99749348,,,26/09/2016
010.033-16.99749349,,,26/09/2016
010.033-16.99749350,,,26/09/2016
010.033-16.99749351,,,26/09/2016
010.033-16.99749352,,,26/09/2016
010.033-16.99749353,,,26/09/2016
010.033-16.99749354,,,26/09/2016
010.033-16.99749355,,,26/09/2016
010.033-16.99749356,,,26/09/2016
010.033-16.99749357,,,26/09/2016
010.033-16.99749358,,,26/09/2016
010.033-16.99749359,,,26/09/2016
010.033-16.99749360,,,26/09/2016
010.033-16.99749361,,,26/09/2016
010.033-16.99749362,,,26/09/2016
010.033-16.99749363,,,26/09/2016
010.033-16.99749364,,,26/09/2016
010.033-16.99749365,,,26/09/2016
010.033-16.99749366,,,26/09/2016
010.033-16.99749367,,,26/09/2016
010.033-16.99749368,,,26/09/2016
010.033-16.99749369,,,26/09/2016
010.033-16.99749370,,,26/09/2016
010.033-16.99749371,,,26/09/2016
010.033-16.99749372,,,26/09/2016
010.033-16.99749373,,,26/09/2016
010.033-16.99749374,,,26/09/2016
010.033-16.99749375,,,26/09/2016
010.033-16.99749376,,,26/09/2016
010.033-16.99749377,,,26/09/2016
010.033-16.99749378,,,26/09/2016
010.033-16.99749379,,,26/09/2016
010.033-16.99749380,,,26/09/2016
010.033-16.99749381,,,26/09/2016
010.033-16.99749382,,,26/09/2016
010.033-16.99749383,,,26/09/2016
010.033-16.99749384,,,26/09/2016
010.033-16.99752674,,,26/09/2016
010.033-16.99752675,,,26/09/2016
010.033-16.99752676,,,26/09/2016
010.033-16.99752677,,,26/09/2016
010.033-16.99752678,,,26/09/2016
010.033-16.99752679,,,26/09/2016
010.033-16.99752680,,,26/09/2016
010.033-16.99752681,,,26/09/2016
010.033-16.99752682,,,26/09/2016
010.033-16.99752683,,,26/09/2016
010.033-16.99752684,,,26/09/2016
010.033-16.99752685,,,26/09/2016
010.033-16.99752686,,,26/09/2016
010.033-16.99752687,,,26/09/2016
010.033-16.99752688,,,26/09/2016
010.033-16.99752689,,,26/09/2016
010.033-16.99752690,,,26/09/2016
010.033-16.99752691,,,26/09/2016
010.033-16.99752692,,,26/09/2016
010.033-16.99752693,,,26/09/2016
010.033-16.99752694,,,26/09/2016
010.033-16.99752695,,,26/09/2016
010.033-16.99752696,,,26/09/2016
010.033-16.99752697,,,26/09/2016
010.033-16.99752698,,,26/09/2016
010.033-16.99752699,,,26/09/2016
010.033-16.99752700,,,26/09/2016
010.033-16.99752701,,,26/09/2016
010.033-16.99752702,,,26/09/2016
010.033-16.99752703,,,26/09/2016
010.033-16.99752704,,,26/09/2016
010.033-16.99752705,,,26/09/2016
010.033-16.99752706,,,26/09/2016
010.033-16.99752707,,,26/09/2016
010.033-16.99752708,,,26/09/2016
010.033-16.99752709,,,26/09/2016
010.033-16.99752710,,,26/09/2016
010.033-16.99752711,,,26/09/2016
010.033-16.99752712,,,26/09/2016
010.033-16.99752713,,,26/09/2016
010.033-16.99752714,,,26/09/2016
010.033-16.99752715,,,26/09/2016
010.033-16.99752716,,,26/09/2016
010.033-16.99752717,,,26/09/2016
010.033-16.99752718,,,26/09/2016
010.033-16.99752719,,,26/09/2016
010.033-16.99752720,,,26/09/2016
010.033-16.99752721,,,26/09/2016
010.033-16.99752722,,,26/09/2016
010.033-16.99752723,,,26/09/2016
010.033-16.99752724,,,26/09/2016
010.033-16.99752725,,,26/09/2016
010.033-16.99752726,,,26/09/2016
010.033-16.99752727,,,26/09/2016
010.033-16.99752728,,,26/09/2016
010.033-16.99752729,,,26/09/2016
010.033-16.99752730,,,26/09/2016
010.033-16.99752731,,,26/09/2016
010.033-16.99752732,,,26/09/2016
010.033-16.99752733,,,26/09/2016
010.033-16.99752734,,,26/09/2016
010.033-16.99752735,,,26/09/2016
010.033-16.99752736,,,26/09/2016
010.033-16.99752737,,,26/09/2016
010.033-16.99752738,,,26/09/2016
010.033-16.99752739,,,26/09/2016
010.033-16.99752740,,,26/09/2016
010.033-16.99752741,,,26/09/2016
010.033-16.99752742,,,26/09/2016
010.033-16.99752743,,,26/09/2016
010.033-16.99752744,,,26/09/2016
010.033-16.99752745,,,26/09/2016
010.033-16.99752746,,,26/09/2016
010.033-16.99752747,,,26/09/2016
010.033-16.99752748,,,26/09/2016
010.033-16.99752749,,,26/09/2016
010.033-16.99752750,,,26/09/2016
010.033-16.99752751,,,26/09/2016
010.033-16.99752752,,,26/09/2016
010.033-16.99752753,,,26/09/2016
010.033-16.99752754,,,26/09/2016
010.033-16.99752755,,,26/09/2016
010.033-16.99752756,,,26/09/2016
010.033-16.99752757,,,26/09/2016
010.033-16.99752758,,,26/09/2016
010.033-16.99752759,,,26/09/2016
010.033-16.99752760,,,26/09/2016
010.033-16.99752761,,,26/09/2016
010.033-16.99750617,,,26/09/2016
010.033-16.99750618,,,26/09/2016
010.033-16.99750619,,,26/09/2016
010.033-16.99750620,,,26/09/2016
010.033-16.99750621,,,26/09/2016
010.033-16.99750622,,,26/09/2016
010.033-16.99750623,,,26/09/2016
010.033-16.99750624,,,26/09/2016
010.033-16.99750625,,,26/09/2016
010.033-16.99750626,,,26/09/2016
010.033-16.99750627,,,26/09/2016
010.033-16.99750628,,,26/09/2016
010.033-16.99750629,,,26/09/2016
010.033-16.99750630,,,26/09/2016
010.033-16.99750631,,,26/09/2016
010.033-16.99750632,,,26/09/2016
010.033-16.99750633,,,26/09/2016
010.033-16.99750634,,,26/09/2016
010.033-16.99750635,,,26/09/2016
010.033-16.99750636,,,26/09/2016
010.033-16.99750637,,,26/09/2016
010.033-16.99750638,,,26/09/2016
010.033-16.99750639,,,26/09/2016
010.033-16.99750640,,,26/09/2016
010.033-16.99750641,,,26/09/2016
010.033-16.99750642,,,26/09/2016
010.033-16.99750643,,,26/09/2016
010.033-16.99750644,,,26/09/2016
010.033-16.99750645,,,26/09/2016
010.033-16.99750646,,,26/09/2016
010.033-16.99750647,,,26/09/2016
010.033-16.99750648,,,26/09/2016
010.033-16.99750649,,,26/09/2016
010.033-16.99750650,,,26/09/2016
010.033-16.99750651,,,26/09/2016
010.033-16.99750652,,,26/09/2016
010.033-16.99750653,,,26/09/2016
010.033-16.99750654,,,26/09/2016
010.033-16.99750655,,,26/09/2016
010.033-16.99750656,,,26/09/2016
010.033-16.99750657,,,26/09/2016
010.033-16.99750658,,,26/09/2016
010.033-16.99750659,,,26/09/2016
010.033-16.99750660,,,26/09/2016
010.033-16.99750661,,,26/09/2016
010.033-16.99750662,,,26/09/2016
010.033-16.99750663,,,26/09/2016
010.033-16.99750664,,,26/09/2016
010.033-16.99750665,,,26/09/2016
010.033-16.99750666,,,26/09/2016
010.033-16.99750667,,,26/09/2016
010.033-16.99750668,,,26/09/2016
010.033-16.99750669,,,26/09/2016
010.033-16.99750670,,,26/09/2016
010.033-16.99750671,,,26/09/2016
010.033-16.99750672,,,26/09/2016
010.033-16.99750673,,,26/09/2016
010.033-16.99750674,,,26/09/2016
010.033-16.99750675,,,26/09/2016
010.033-16.99750676,,,26/09/2016
010.033-16.99750677,,,26/09/2016
010.033-16.99750678,,,26/09/2016
010.033-16.99750679,,,26/09/2016
010.033-16.99750680,,,26/09/2016
010.033-16.99750681,,,26/09/2016
010.033-16.99750682,,,26/09/2016
010.033-16.99750683,,,26/09/2016
010.033-16.99750684,,,26/09/2016
010.033-16.99750685,,,26/09/2016
010.033-16.99750686,,,26/09/2016
010.033-16.99750687,,,26/09/2016
010.033-16.99750688,,,26/09/2016
010.033-16.99750689,,,26/09/2016
010.033-16.99750690,,,26/09/2016
010.033-16.99750691,,,26/09/2016
010.033-16.99750692,,,26/09/2016
010.033-16.99750693,,,26/09/2016
010.033-16.99750694,,,26/09/2016
010.033-16.99750695,,,26/09/2016
010.033-16.99750696,,,26/09/2016
010.033-16.99750697,,,26/09/2016
010.033-16.99750698,,,26/09/2016
010.033-16.99750699,,,26/09/2016
010.033-16.99750700,,,26/09/2016
010.033-16.99750701,,,26/09/2016
010.033-16.99750702,,,26/09/2016
010.033-16.99750703,,,26/09/2016
010.033-16.99750704,,,26/09/2016
010.033-16.99764070,,,26/09/2016
010.033-16.99764071,,,26/09/2016
010.033-16.99764072,,,26/09/2016
010.033-16.99764073,,,26/09/2016
010.033-16.99764074,,,26/09/2016
010.033-16.99764075,,,26/09/2016
010.033-16.99764076,,,26/09/2016
010.033-16.99764077,,,26/09/2016
010.033-16.99764078,,,26/09/2016
010.033-16.99764079,,,26/09/2016
010.033-16.99764080,,,26/09/2016
010.033-16.99764081,,,26/09/2016
010.033-16.99764082,,,26/09/2016
010.033-16.99764083,,,26/09/2016
010.033-16.99764084,,,26/09/2016
010.033-16.99764085,,,26/09/2016
010.033-16.99764086,,,26/09/2016
010.033-16.99764087,,,26/09/2016
010.033-16.99764088,,,26/09/2016
010.033-16.99764089,,,26/09/2016
010.033-16.99764090,,,26/09/2016
010.033-16.99764091,,,26/09/2016
010.033-16.99764092,,,26/09/2016
010.033-16.99764093,,,26/09/2016
010.033-16.99764094,,,26/09/2016
010.033-16.99764095,,,26/09/2016
010.033-16.99764096,,,26/09/2016
010.033-16.99764097,,,26/09/2016
010.033-16.99764098,,,26/09/2016
010.033-16.99764099,,,26/09/2016
010.033-16.99764100,,,26/09/2016
010.033-16.99764101,,,26/09/2016
010.033-16.99764102,,,26/09/2016
010.033-16.99764103,,,26/09/2016
010.033-16.99764104,,,26/09/2016
010.033-16.99764105,,,26/09/2016
010.033-16.99764106,,,26/09/2016
010.033-16.99764107,,,26/09/2016
010.033-16.99764108,,,26/09/2016
010.033-16.99764109,,,26/09/2016
010.033-16.99764110,,,26/09/2016
010.033-16.99764111,,,26/09/2016
010.033-16.99764112,,,26/09/2016
010.033-16.99764113,,,26/09/2016
010.033-16.99764114,,,26/09/2016
010.033-16.99764115,,,26/09/2016
010.033-16.99764116,,,26/09/2016
010.033-16.99764117,,,26/09/2016
010.033-16.99764118,,,26/09/2016
010.033-16.99764119,,,26/09/2016
010.033-16.99764120,,,26/09/2016
010.033-16.99764121,,,26/09/2016
010.033-16.99764122,,,26/09/2016
010.033-16.99764123,,,26/09/2016
010.033-16.99764124,,,26/09/2016
010.033-16.99764125,,,26/09/2016
010.033-16.99764126,,,26/09/2016
010.033-16.99764127,,,26/09/2016
010.033-16.99764128,,,26/09/2016
010.033-16.99764129,,,26/09/2016
010.033-16.99764130,,,26/09/2016
010.033-16.99764131,,,26/09/2016
010.033-16.99764132,,,26/09/2016
010.033-16.99764133,,,26/09/2016
010.033-16.99764134,,,26/09/2016
010.033-16.99764135,,,26/09/2016
010.033-16.99764136,,,26/09/2016
010.033-16.99764137,,,26/09/2016
010.033-16.99764138,,,26/09/2016
010.033-16.99764139,,,26/09/2016
010.033-16.99764140,,,26/09/2016
010.033-16.99764141,,,26/09/2016
010.033-16.99764142,,,26/09/2016
010.033-16.99764143,,,26/09/2016
010.033-16.99764144,,,26/09/2016
010.033-16.99764145,,,26/09/2016
010.033-16.99764146,,,26/09/2016
010.033-16.99764147,,,26/09/2016
010.033-16.99764148,,,26/09/2016
010.033-16.99764149,,,26/09/2016
010.033-16.99764150,,,26/09/2016
010.033-16.99764151,,,26/09/2016
010.033-16.99764152,,,26/09/2016
010.033-16.99764153,,,26/09/2016
010.033-16.99764154,,,26/09/2016
010.033-16.99764155,,,26/09/2016
010.033-16.99764156,,,26/09/2016
010.033-16.99764157,,,26/09/2016
010.033-16.99750705,,,26/09/2016
010.033-16.99750706,,,26/09/2016
010.033-16.99750707,,,26/09/2016
010.033-16.99750708,,,26/09/2016
010.033-16.99750709,,,26/09/2016
010.033-16.99750710,,,26/09/2016
010.033-16.99750711,,,26/09/2016
010.033-16.99750712,,,26/09/2016
010.033-16.99750713,,,26/09/2016
010.033-16.99750714,,,26/09/2016
010.033-16.99750715,,,26/09/2016
010.033-16.99750716,,,26/09/2016
010.033-16.99750717,,,26/09/2016
010.033-16.99750718,,,26/09/2016
010.033-16.99750719,,,26/09/2016
010.033-16.99750720,,,26/09/2016
010.033-16.99750721,,,26/09/2016
010.033-16.99750722,,,26/09/2016
010.033-16.99750723,,,26/09/2016
010.033-16.99750724,,,26/09/2016
010.033-16.99750725,,,26/09/2016
010.033-16.99750726,,,26/09/2016
010.033-16.99750727,,,26/09/2016
010.033-16.99750728,,,26/09/2016
010.033-16.99750729,,,26/09/2016
010.033-16.99750730,,,26/09/2016
010.033-16.99750731,,,26/09/2016
010.033-16.99750732,,,26/09/2016
010.033-16.99750733,,,26/09/2016
010.033-16.99750734,,,26/09/2016
010.033-16.99750735,,,26/09/2016
010.033-16.99750736,,,26/09/2016
010.033-16.99750737,,,26/09/2016
010.033-16.99750738,,,26/09/2016
010.033-16.99750739,,,26/09/2016
010.033-16.99750740,,,26/09/2016
010.033-16.99750741,,,26/09/2016
010.033-16.99750742,,,26/09/2016
010.033-16.99750743,,,26/09/2016
010.033-16.99750744,,,26/09/2016
010.033-16.99750745,,,26/09/2016
010.033-16.99750746,,,26/09/2016
010.033-16.99750747,,,26/09/2016
010.033-16.99750748,,,26/09/2016
010.033-16.99750749,,,26/09/2016
010.033-16.99750750,,,26/09/2016
010.033-16.99750751,,,26/09/2016
010.033-16.99750752,,,26/09/2016
010.033-16.99750753,,,26/09/2016
010.033-16.99750754,,,26/09/2016
010.033-16.99750755,,,26/09/2016
010.033-16.99750756,,,26/09/2016
010.033-16.99750757,,,26/09/2016
010.033-16.99750758,,,26/09/2016
010.033-16.99750759,,,26/09/2016
010.033-16.99750760,,,26/09/2016
010.033-16.99750761,,,26/09/2016
010.033-16.99750762,,,26/09/2016
010.033-16.99750763,,,26/09/2016
010.033-16.99750764,,,26/09/2016
010.033-16.99750765,,,26/09/2016
010.033-16.99750766,,,26/09/2016
010.033-16.99750767,,,26/09/2016
010.033-16.99750768,,,26/09/2016
010.033-16.99750769,,,26/09/2016
010.033-16.99750770,,,26/09/2016
010.033-16.99750771,,,26/09/2016
010.033-16.99750772,,,26/09/2016
010.033-16.99750773,,,26/09/2016
010.033-16.99750774,,,26/09/2016
010.033-16.99750775,,,26/09/2016
010.033-16.99750776,,,26/09/2016
010.033-16.99750777,,,26/09/2016
010.033-16.99750778,,,26/09/2016
010.033-16.99750779,,,26/09/2016
010.033-16.99750780,,,26/09/2016
010.033-16.99750781,,,26/09/2016
010.033-16.99750782,,,26/09/2016
010.033-16.99750783,,,26/09/2016
010.033-16.99750784,,,26/09/2016
010.033-16.99750785,,,26/09/2016
010.033-16.99750786,,,26/09/2016
010.033-16.99750787,,,26/09/2016
010.033-16.99750788,,,26/09/2016
010.033-16.99750789,,,26/09/2016
010.033-16.99750790,,,26/09/2016
010.033-16.99750791,,,26/09/2016
010.033-16.99750792,,,26/09/2016
010.033-16.99764158,,,26/09/2016
010.033-16.99764159,,,26/09/2016
010.033-16.99764160,,,26/09/2016
010.033-16.99764161,,,26/09/2016
010.033-16.99764162,,,26/09/2016
010.033-16.99764163,,,26/09/2016
010.033-16.99764164,,,26/09/2016
010.033-16.99764165,,,26/09/2016
010.033-16.99764166,,,26/09/2016
010.033-16.99764167,,,26/09/2016
010.033-16.99764168,,,26/09/2016
010.033-16.99764169,,,26/09/2016
010.033-16.99764170,,,26/09/2016
010.033-16.99764171,,,26/09/2016
010.033-16.99764172,,,26/09/2016
010.033-16.99764173,,,26/09/2016
010.033-16.99764174,,,26/09/2016
010.033-16.99764175,,,26/09/2016
010.033-16.99764176,,,26/09/2016
010.033-16.99764177,,,26/09/2016
010.033-16.99764178,,,26/09/2016
010.033-16.99764179,,,26/09/2016
010.033-16.99764180,,,26/09/2016
010.033-16.99764181,,,26/09/2016
010.033-16.99764182,,,26/09/2016
010.033-16.99764183,,,26/09/2016
010.033-16.99764184,,,26/09/2016
010.033-16.99764185,,,26/09/2016
010.033-16.99764186,,,26/09/2016
010.033-16.99764187,,,26/09/2016
010.033-16.99764188,,,26/09/2016
010.033-16.99764189,,,26/09/2016
010.033-16.99764190,,,26/09/2016
010.033-16.99764191,,,26/09/2016
010.033-16.99764192,,,26/09/2016
010.033-16.99764193,,,26/09/2016
010.033-16.99764194,,,26/09/2016
010.033-16.99764195,,,26/09/2016
010.033-16.99764196,,,26/09/2016
010.033-16.99764197,,,26/09/2016
010.033-16.99764198,,,26/09/2016
010.033-16.99764199,,,26/09/2016
010.033-16.99764200,,,26/09/2016
010.033-16.99764201,,,26/09/2016
010.033-16.99764202,,,26/09/2016
010.033-16.99764203,,,26/09/2016
010.033-16.99764204,,,26/09/2016
010.033-16.99764205,,,26/09/2016
010.033-16.99764206,,,26/09/2016
010.033-16.99764207,,,26/09/2016
010.033-16.99764208,,,26/09/2016
010.033-16.99764209,,,26/09/2016
010.033-16.99764210,,,26/09/2016
010.033-16.99764211,,,26/09/2016
010.033-16.99764212,,,26/09/2016
010.033-16.99764213,,,26/09/2016
010.033-16.99764214,,,26/09/2016
010.033-16.99764215,,,26/09/2016
010.033-16.99764216,,,26/09/2016
010.033-16.99764217,,,26/09/2016
010.033-16.99764218,,,26/09/2016
010.033-16.99764219,,,26/09/2016
010.033-16.99764220,,,26/09/2016
010.033-16.99764221,,,26/09/2016
010.033-16.99764222,,,26/09/2016
010.033-16.99764223,,,26/09/2016
010.033-16.99764224,,,26/09/2016
010.033-16.99764225,,,26/09/2016
010.033-16.99764226,,,26/09/2016
010.033-16.99764227,,,26/09/2016
010.033-16.99764228,,,26/09/2016
010.033-16.99764229,,,26/09/2016
010.033-16.99764230,,,26/09/2016
010.033-16.99764231,,,26/09/2016
010.033-16.99764232,,,26/09/2016
010.033-16.99764233,,,26/09/2016
010.033-16.99764234,,,26/09/2016
010.033-16.99764235,,,26/09/2016
010.033-16.99764236,,,26/09/2016
010.033-16.99764237,,,26/09/2016
010.033-16.99764238,,,26/09/2016
010.033-16.99764239,,,26/09/2016
010.033-16.99764240,,,26/09/2016
010.033-16.99764241,,,26/09/2016
010.033-16.99764242,,,26/09/2016
010.033-16.99764243,,,26/09/2016
010.033-16.99764244,,,26/09/2016
010.033-16.99764245,,,26/09/2016
010.033-16.99750793,,,26/09/2016
010.033-16.99750794,,,26/09/2016
010.033-16.99750795,,,26/09/2016
010.033-16.99750796,,,26/09/2016
010.033-16.99750797,,,26/09/2016
010.033-16.99750798,,,26/09/2016
010.033-16.99750799,,,26/09/2016
010.033-16.99750800,,,26/09/2016
010.033-16.99750801,,,26/09/2016
010.033-16.99750802,,,26/09/2016
010.033-16.99750803,,,26/09/2016
010.033-16.99750804,,,26/09/2016
010.033-16.99750805,,,26/09/2016
010.033-16.99750806,,,26/09/2016
010.033-16.99750807,,,26/09/2016
010.033-16.99750808,,,26/09/2016
010.033-16.99750809,,,26/09/2016
010.033-16.99750810,,,26/09/2016
010.033-16.99750811,,,26/09/2016
010.033-16.99750812,,,26/09/2016
010.033-16.99750813,,,26/09/2016
010.033-16.99750814,,,26/09/2016
010.033-16.99750815,,,26/09/2016
010.033-16.99750816,,,26/09/2016
010.033-16.99750817,,,26/09/2016
010.033-16.99750818,,,26/09/2016
010.033-16.99750819,,,26/09/2016
010.033-16.99750820,,,26/09/2016
010.033-16.99750821,,,26/09/2016
010.033-16.99750822,,,26/09/2016
010.033-16.99750823,,,26/09/2016
010.033-16.99750824,,,26/09/2016
010.033-16.99750825,,,26/09/2016
010.033-16.99750826,,,26/09/2016
010.033-16.99750827,,,26/09/2016
010.033-16.99750828,,,26/09/2016
010.033-16.99750829,,,26/09/2016
010.033-16.99750830,,,26/09/2016
010.033-16.99750831,,,26/09/2016
010.033-16.99750832,,,26/09/2016
010.033-16.99750833,,,26/09/2016
010.033-16.99750834,,,26/09/2016
010.033-16.99750835,,,26/09/2016
010.033-16.99750836,,,26/09/2016
010.033-16.99750837,,,26/09/2016
010.033-16.99750838,,,26/09/2016
010.033-16.99750839,,,26/09/2016
010.033-16.99750840,,,26/09/2016
010.033-16.99750841,,,26/09/2016
010.033-16.99750842,,,26/09/2016
010.033-16.99750843,,,26/09/2016
010.033-16.99750844,,,26/09/2016
010.033-16.99750845,,,26/09/2016
010.033-16.99750846,,,26/09/2016
010.033-16.99750847,,,26/09/2016
010.033-16.99750848,,,26/09/2016
010.033-16.99750849,,,26/09/2016
010.033-16.99750850,,,26/09/2016
010.033-16.99750851,,,26/09/2016
010.033-16.99750852,,,26/09/2016
010.033-16.99750853,,,26/09/2016
010.033-16.99750854,,,26/09/2016
010.033-16.99750855,,,26/09/2016
010.033-16.99750856,,,26/09/2016
010.033-16.99750857,,,26/09/2016
010.033-16.99750858,,,26/09/2016
010.033-16.99750859,,,26/09/2016
010.033-16.99750860,,,26/09/2016
010.033-16.99750861,,,26/09/2016
010.033-16.99750862,,,26/09/2016
010.033-16.99750863,,,26/09/2016
010.033-16.99750864,,,26/09/2016
010.033-16.99750865,,,26/09/2016
010.033-16.99750866,,,26/09/2016
010.033-16.99750867,,,26/09/2016
010.033-16.99750868,,,26/09/2016
010.033-16.99750869,,,26/09/2016
010.033-16.99750870,,,26/09/2016
010.033-16.99750871,,,26/09/2016
010.033-16.99750872,,,26/09/2016
010.033-16.99750873,,,26/09/2016
010.033-16.99750874,,,26/09/2016
010.033-16.99750875,,,26/09/2016
010.033-16.99750876,,,26/09/2016
010.033-16.99750877,,,26/09/2016
010.033-16.99750878,,,26/09/2016
010.033-16.99750879,,,26/09/2016
010.033-16.99750880,,,26/09/2016
010.033-16.99764246,,,26/09/2016
010.033-16.99764247,,,26/09/2016
010.033-16.99764248,,,26/09/2016
010.033-16.99764249,,,26/09/2016
010.033-16.99764250,,,26/09/2016
010.033-16.99764251,,,26/09/2016
010.033-16.99764252,,,26/09/2016
010.033-16.99764253,,,26/09/2016
010.033-16.99764254,,,26/09/2016
010.033-16.99764255,,,26/09/2016
010.033-16.99764256,,,26/09/2016
010.033-16.99764257,,,26/09/2016
010.033-16.99764258,,,26/09/2016
010.033-16.99764259,,,26/09/2016
010.033-16.99764260,,,26/09/2016
010.033-16.99764261,,,26/09/2016
010.033-16.99764262,,,26/09/2016
010.033-16.99764263,,,26/09/2016
010.033-16.99764264,,,26/09/2016
010.033-16.99764265,,,26/09/2016
010.033-16.99764266,,,26/09/2016
010.033-16.99764267,,,26/09/2016
010.033-16.99764268,,,26/09/2016
010.033-16.99764269,,,26/09/2016
010.033-16.99764270,,,26/09/2016
010.033-16.99764271,,,26/09/2016
010.033-16.99764272,,,26/09/2016
010.033-16.99764273,,,26/09/2016
010.033-16.99764274,,,26/09/2016
010.033-16.99764275,,,26/09/2016
010.033-16.99764276,,,26/09/2016
010.033-16.99764277,,,26/09/2016
010.033-16.99764278,,,26/09/2016
010.033-16.99764279,,,26/09/2016
010.033-16.99764280,,,26/09/2016
010.033-16.99764281,,,26/09/2016
010.033-16.99764282,,,26/09/2016
010.033-16.99764283,,,26/09/2016
010.033-16.99764284,,,26/09/2016
010.033-16.99764285,,,26/09/2016
010.033-16.99764286,,,26/09/2016
010.033-16.99764287,,,26/09/2016
010.033-16.99764288,,,26/09/2016
010.033-16.99764289,,,26/09/2016
010.033-16.99764290,,,26/09/2016
010.033-16.99764291,,,26/09/2016
010.033-16.99764292,,,26/09/2016
010.033-16.99764293,,,26/09/2016
010.033-16.99764294,,,26/09/2016
010.033-16.99764295,,,26/09/2016
010.033-16.99764296,,,26/09/2016
010.033-16.99764297,,,26/09/2016
010.033-16.99764298,,,26/09/2016
010.033-16.99764299,,,26/09/2016
010.033-16.99764300,,,26/09/2016
010.033-16.99764301,,,26/09/2016
010.033-16.99764302,,,26/09/2016
010.033-16.99764303,,,26/09/2016
010.033-16.99764304,,,26/09/2016
010.033-16.99764305,,,26/09/2016
010.033-16.99764306,,,26/09/2016
010.033-16.99764307,,,26/09/2016
010.033-16.99764308,,,26/09/2016
010.033-16.99764309,,,26/09/2016
010.033-16.99764310,,,26/09/2016
010.033-16.99764311,,,26/09/2016
010.033-16.99764312,,,26/09/2016
010.033-16.99764313,,,26/09/2016
010.033-16.99764314,,,26/09/2016
010.033-16.99764315,,,26/09/2016
010.033-16.99764316,,,26/09/2016
010.033-16.99764317,,,26/09/2016
010.033-16.99764318,,,26/09/2016
010.033-16.99764319,,,26/09/2016
010.033-16.99764320,,,26/09/2016
010.033-16.99764321,,,26/09/2016
010.033-16.99764322,,,26/09/2016
010.033-16.99764323,,,26/09/2016
010.033-16.99764324,,,26/09/2016
010.033-16.99764325,,,26/09/2016
010.033-16.99764326,,,26/09/2016
010.033-16.99764327,,,26/09/2016
010.033-16.99764328,,,26/09/2016
010.033-16.99764329,,,26/09/2016
010.033-16.99764330,,,26/09/2016
010.033-16.99764331,,,26/09/2016
010.033-16.99764332,,,26/09/2016
010.033-16.99764333,,,26/09/2016
010.033-16.99750881,,,26/09/2016
010.033-16.99750882,,,26/09/2016
010.033-16.99750883,,,26/09/2016
010.033-16.99750884,,,26/09/2016
010.033-16.99750885,,,26/09/2016
010.033-16.99750886,,,26/09/2016
010.033-16.99750887,,,26/09/2016
010.033-16.99750888,,,26/09/2016
010.033-16.99750889,,,26/09/2016
010.033-16.99750890,,,26/09/2016
010.033-16.99750891,,,26/09/2016
010.033-16.99750892,,,26/09/2016
010.033-16.99750893,,,26/09/2016
010.033-16.99750894,,,26/09/2016
010.033-16.99750895,,,26/09/2016
010.033-16.99750896,,,26/09/2016
010.033-16.99750897,,,26/09/2016
010.033-16.99750898,,,26/09/2016
010.033-16.99750899,,,26/09/2016
010.033-16.99750900,,,26/09/2016
010.033-16.99750901,,,26/09/2016
010.033-16.99750902,,,26/09/2016
010.033-16.99750903,,,26/09/2016
010.033-16.99750904,,,26/09/2016
010.033-16.99750905,,,26/09/2016
010.033-16.99750906,,,26/09/2016
010.033-16.99750907,,,26/09/2016
010.033-16.99750908,,,26/09/2016
010.033-16.99750909,,,26/09/2016
010.033-16.99750910,,,26/09/2016
010.033-16.99750911,,,26/09/2016
010.033-16.99750912,,,26/09/2016
010.033-16.99750913,,,26/09/2016
010.033-16.99750914,,,26/09/2016
010.033-16.99750915,,,26/09/2016
010.033-16.99750916,,,26/09/2016
010.033-16.99750917,,,26/09/2016
010.033-16.99750918,,,26/09/2016
010.033-16.99750919,,,26/09/2016
010.033-16.99750920,,,26/09/2016
010.033-16.99750921,,,26/09/2016
010.033-16.99750922,,,26/09/2016
010.033-16.99750923,,,26/09/2016
010.033-16.99750924,,,26/09/2016
010.033-16.99750925,,,26/09/2016
010.033-16.99750926,,,26/09/2016
010.033-16.99750927,,,26/09/2016
010.033-16.99750928,,,26/09/2016
010.033-16.99750929,,,26/09/2016
010.033-16.99750930,,,26/09/2016
010.033-16.99750931,,,26/09/2016
010.033-16.99750932,,,26/09/2016
010.033-16.99750933,,,26/09/2016
010.033-16.99750934,,,26/09/2016
010.033-16.99750935,,,26/09/2016
010.033-16.99750936,,,26/09/2016
010.033-16.99750937,,,26/09/2016
010.033-16.99750938,,,26/09/2016
010.033-16.99750939,,,26/09/2016
010.033-16.99750940,,,26/09/2016
010.033-16.99750941,,,26/09/2016
010.033-16.99750942,,,26/09/2016
010.033-16.99750943,,,26/09/2016
010.033-16.99750944,,,26/09/2016
010.033-16.99750945,,,26/09/2016
010.033-16.99750946,,,26/09/2016
010.033-16.99750947,,,26/09/2016
010.033-16.99750948,,,26/09/2016
010.033-16.99750949,,,26/09/2016
010.033-16.99750950,,,26/09/2016
010.033-16.99750951,,,26/09/2016
010.033-16.99750952,,,26/09/2016
010.033-16.99750953,,,26/09/2016
010.033-16.99750954,,,26/09/2016
010.033-16.99750955,,,26/09/2016
010.033-16.99750956,,,26/09/2016
010.033-16.99750957,,,26/09/2016
010.033-16.99750958,,,26/09/2016
010.033-16.99750959,,,26/09/2016
010.033-16.99750960,,,26/09/2016
010.033-16.99750961,,,26/09/2016
010.033-16.99750962,,,26/09/2016
010.033-16.99750963,,,26/09/2016
010.033-16.99750964,,,26/09/2016
010.033-16.99750965,,,26/09/2016
010.033-16.99750966,,,26/09/2016
010.033-16.99750967,,,26/09/2016
010.033-16.99750968,,,26/09/2016
010.033-16.99764334,,,26/09/2016
010.033-16.99764335,,,26/09/2016
010.033-16.99764336,,,26/09/2016
010.033-16.99764337,,,26/09/2016
010.033-16.99764338,,,26/09/2016
010.033-16.99764339,,,26/09/2016
010.033-16.99764340,,,26/09/2016
010.033-16.99764341,,,26/09/2016
010.033-16.99764342,,,26/09/2016
010.033-16.99764343,,,26/09/2016
010.033-16.99764344,,,26/09/2016
010.033-16.99764345,,,26/09/2016
010.033-16.99764346,,,26/09/2016
010.033-16.99764347,,,26/09/2016
010.033-16.99764348,,,26/09/2016
010.033-16.99764349,,,26/09/2016
010.033-16.99764350,,,26/09/2016
010.033-16.99764351,,,26/09/2016
010.033-16.99764352,,,26/09/2016
010.033-16.99764353,,,26/09/2016
010.033-16.99764354,,,26/09/2016
010.033-16.99764355,,,26/09/2016
010.033-16.99764356,,,26/09/2016
010.033-16.99764357,,,26/09/2016
010.033-16.99764358,,,26/09/2016
010.033-16.99764359,,,26/09/2016
010.033-16.99764360,,,26/09/2016
010.033-16.99764361,,,26/09/2016
010.033-16.99764362,,,26/09/2016
010.033-16.99764363,,,26/09/2016
010.033-16.99764364,,,26/09/2016
010.033-16.99764365,,,26/09/2016
010.033-16.99764366,,,26/09/2016
010.033-16.99764367,,,26/09/2016
010.033-16.99764368,,,26/09/2016
010.033-16.99764369,,,26/09/2016
010.033-16.99764370,,,26/09/2016
010.033-16.99764371,,,26/09/2016
010.033-16.99764372,,,26/09/2016
010.033-16.99764373,,,26/09/2016
010.033-16.99764374,,,26/09/2016
010.033-16.99764375,,,26/09/2016
010.033-16.99764376,,,26/09/2016
010.033-16.99764377,,,26/09/2016
010.033-16.99764378,,,26/09/2016
010.033-16.99764379,,,26/09/2016
010.033-16.99764380,,,26/09/2016
010.033-16.99764381,,,26/09/2016
010.033-16.99764382,,,26/09/2016
010.033-16.99764383,,,26/09/2016
010.033-16.99764384,,,26/09/2016
010.033-16.99764385,,,26/09/2016
010.033-16.99764386,,,26/09/2016
010.033-16.99764387,,,26/09/2016
010.033-16.99764388,,,26/09/2016
010.033-16.99764389,,,26/09/2016
010.033-16.99764390,,,26/09/2016
010.033-16.99764391,,,26/09/2016
010.033-16.99764392,,,26/09/2016
010.033-16.99764393,,,26/09/2016
010.033-16.99764394,,,26/09/2016
010.033-16.99764395,,,26/09/2016
010.033-16.99764396,,,26/09/2016
010.033-16.99764397,,,26/09/2016
010.033-16.99764398,,,26/09/2016
010.033-16.99764399,,,26/09/2016
010.033-16.99764400,,,26/09/2016
010.033-16.99764401,,,26/09/2016
010.033-16.99764402,,,26/09/2016
010.033-16.99764403,,,26/09/2016
010.033-16.99764404,,,26/09/2016
010.033-16.99764405,,,26/09/2016
010.033-16.99764406,,,26/09/2016
010.033-16.99764407,,,26/09/2016
010.033-16.99764408,,,26/09/2016
010.033-16.99764409,,,26/09/2016
010.033-16.99764410,,,26/09/2016
010.033-16.99764411,,,26/09/2016
010.033-16.99764412,,,26/09/2016
010.033-16.99764413,,,26/09/2016
010.033-16.99764414,,,26/09/2016
010.033-16.99764415,,,26/09/2016
010.033-16.99764416,,,26/09/2016
010.033-16.99764417,,,26/09/2016
010.033-16.99764418,,,26/09/2016
010.033-16.99764419,,,26/09/2016
010.033-16.99764420,,,26/09/2016
010.033-16.99764421,,,26/09/2016
010.033-16.99750969,,,26/09/2016
010.033-16.99750970,,,26/09/2016
010.033-16.99750971,,,26/09/2016
010.033-16.99750972,,,26/09/2016
010.033-16.99750973,,,26/09/2016
010.033-16.99750974,,,26/09/2016
010.033-16.99750975,,,26/09/2016
010.033-16.99750976,,,26/09/2016
010.033-16.99750977,,,26/09/2016
010.033-16.99750978,,,26/09/2016
010.033-16.99750979,,,26/09/2016
010.033-16.99750980,,,26/09/2016
010.033-16.99750981,,,26/09/2016
010.033-16.99750982,,,26/09/2016
010.033-16.99750983,,,26/09/2016
010.033-16.99750984,,,26/09/2016
010.033-16.99750985,,,26/09/2016
010.033-16.99750986,,,26/09/2016
010.033-16.99750987,,,26/09/2016
010.033-16.99750988,,,26/09/2016
010.033-16.99750989,,,26/09/2016
010.033-16.99750990,,,26/09/2016
010.033-16.99750991,,,26/09/2016
010.033-16.99750992,,,26/09/2016
010.033-16.99750993,,,26/09/2016
010.033-16.99750994,,,26/09/2016
010.033-16.99750995,,,26/09/2016
010.033-16.99750996,,,26/09/2016
010.033-16.99750997,,,26/09/2016
010.033-16.99750998,,,26/09/2016
010.033-16.99750999,,,26/09/2016
010.033-16.99751000,,,26/09/2016
010.033-16.99751001,,,26/09/2016
010.033-16.99751002,,,26/09/2016
010.033-16.99751003,,,26/09/2016
010.033-16.99751004,,,26/09/2016
010.033-16.99751005,,,26/09/2016
010.033-16.99751006,,,26/09/2016
010.033-16.99751007,,,26/09/2016
010.033-16.99751008,,,26/09/2016
010.033-16.99751009,,,26/09/2016
010.033-16.99751010,,,26/09/2016
010.033-16.99751011,,,26/09/2016
010.033-16.99751012,,,26/09/2016
010.033-16.99751013,,,26/09/2016
010.033-16.99751014,,,26/09/2016
010.033-16.99751015,,,26/09/2016
010.033-16.99751016,,,26/09/2016
010.033-16.99751017,,,26/09/2016
010.033-16.99751018,,,26/09/2016
010.033-16.99751019,,,26/09/2016
010.033-16.99751020,,,26/09/2016
010.033-16.99751021,,,26/09/2016
010.033-16.99751022,,,26/09/2016
010.033-16.99751023,,,26/09/2016
010.033-16.99751024,,,26/09/2016
010.033-16.99751025,,,26/09/2016
010.033-16.99751026,,,26/09/2016
010.033-16.99751027,,,26/09/2016
010.033-16.99751028,,,26/09/2016
010.033-16.99751029,,,26/09/2016
010.033-16.99751030,,,26/09/2016
010.033-16.99751031,,,26/09/2016
010.033-16.99751032,,,26/09/2016
010.033-16.99751033,,,26/09/2016
010.033-16.99751034,,,26/09/2016
010.033-16.99751035,,,26/09/2016
010.033-16.99751036,,,26/09/2016
010.033-16.99751037,,,26/09/2016
010.033-16.99751038,,,26/09/2016
010.033-16.99751039,,,26/09/2016
010.033-16.99751040,,,26/09/2016
010.033-16.99751041,,,26/09/2016
010.033-16.99751042,,,26/09/2016
010.033-16.99751043,,,26/09/2016
010.033-16.99751044,,,26/09/2016
010.033-16.99751045,,,26/09/2016
010.033-16.99751046,,,26/09/2016
010.033-16.99751047,,,26/09/2016
010.033-16.99751048,,,26/09/2016
010.033-16.99751049,,,26/09/2016
010.033-16.99751050,,,26/09/2016
010.033-16.99751051,,,26/09/2016
010.033-16.99751052,,,26/09/2016
010.033-16.99751053,,,26/09/2016
010.033-16.99751054,,,26/09/2016
010.033-16.99751055,,,26/09/2016
010.033-16.99751056,,,26/09/2016
010.033-16.99764422,,,26/09/2016
010.033-16.99764423,,,26/09/2016
010.033-16.99764424,,,26/09/2016
010.033-16.99764425,,,26/09/2016
010.033-16.99764426,,,26/09/2016
010.033-16.99764427,,,26/09/2016
010.033-16.99764428,,,26/09/2016
010.033-16.99764429,,,26/09/2016
010.033-16.99764430,,,26/09/2016
010.033-16.99764431,,,26/09/2016
010.033-16.99764432,,,26/09/2016
010.033-16.99764433,,,26/09/2016
010.033-16.99764434,,,26/09/2016
010.033-16.99764435,,,26/09/2016
010.033-16.99764436,,,26/09/2016
010.033-16.99764437,,,26/09/2016
010.033-16.99764438,,,26/09/2016
010.033-16.99764439,,,26/09/2016
010.033-16.99764440,,,26/09/2016
010.033-16.99764441,,,26/09/2016
010.033-16.99764442,,,26/09/2016
010.033-16.99764443,,,26/09/2016
010.033-16.99764444,,,26/09/2016
010.033-16.99764445,,,26/09/2016
010.033-16.99764446,,,26/09/2016
010.033-16.99764447,,,26/09/2016
010.033-16.99764448,,,26/09/2016
010.033-16.99764449,,,26/09/2016
010.033-16.99764450,,,26/09/2016
010.033-16.99764451,,,26/09/2016
010.033-16.99764452,,,26/09/2016
010.033-16.99764453,,,26/09/2016
010.033-16.99764454,,,26/09/2016
010.033-16.99764455,,,26/09/2016
010.033-16.99764456,,,26/09/2016
010.033-16.99764457,,,26/09/2016
010.033-16.99764458,,,26/09/2016
010.033-16.99764459,,,26/09/2016
010.033-16.99764460,,,26/09/2016
010.033-16.99764461,,,26/09/2016
010.033-16.99764462,,,26/09/2016
010.033-16.99764463,,,26/09/2016
010.033-16.99764464,,,26/09/2016
010.033-16.99764465,,,26/09/2016
010.033-16.99764466,,,26/09/2016
010.033-16.99764467,,,26/09/2016
010.033-16.99764468,,,26/09/2016
010.033-16.99764469,,,26/09/2016
010.033-16.99764470,,,26/09/2016
010.033-16.99764471,,,26/09/2016
010.033-16.99764472,,,26/09/2016
010.033-16.99764473,,,26/09/2016
010.033-16.99764474,,,26/09/2016
010.033-16.99764475,,,26/09/2016
010.033-16.99764476,,,26/09/2016
010.033-16.99764477,,,26/09/2016
010.033-16.99764478,,,26/09/2016
010.033-16.99764479,,,26/09/2016
010.033-16.99764480,,,26/09/2016
010.033-16.99764481,,,26/09/2016
010.033-16.99764482,,,26/09/2016
010.033-16.99764483,,,26/09/2016
010.033-16.99764484,,,26/09/2016
010.033-16.99764485,,,26/09/2016
010.033-16.99764486,,,26/09/2016
010.033-16.99764487,,,26/09/2016
010.033-16.99764488,,,26/09/2016
010.033-16.99764489,,,26/09/2016
010.033-16.99764490,,,26/09/2016
010.033-16.99764491,,,26/09/2016
010.033-16.99764492,,,26/09/2016
010.033-16.99764493,,,26/09/2016
010.033-16.99764494,,,26/09/2016
010.033-16.99764495,,,26/09/2016
010.033-16.99764496,,,26/09/2016
010.033-16.99764497,,,26/09/2016
010.033-16.99764498,,,26/09/2016
010.033-16.99764499,,,26/09/2016
010.033-16.99764500,,,26/09/2016
010.033-16.99764501,,,26/09/2016
010.033-16.99764502,,,26/09/2016
010.033-16.99764503,,,26/09/2016
010.033-16.99764504,,,26/09/2016
010.033-16.99764505,,,26/09/2016
010.033-16.99764506,,,26/09/2016
010.033-16.99764507,,,26/09/2016
010.033-16.99764508,,,26/09/2016
010.033-16.99764509,,,26/09/2016
010.033-16.99764510,,,26/09/2016
010.033-16.99764511,,,26/09/2016
010.033-16.99764512,,,26/09/2016
010.033-16.99764513,,,26/09/2016
010.033-16.99764514,,,26/09/2016
010.033-16.99764515,,,26/09/2016
010.033-16.99764516,,,26/09/2016
010.033-16.99764517,,,26/09/2016
010.033-16.99764518,,,26/09/2016
010.033-16.99764519,,,26/09/2016
010.033-16.99764520,,,26/09/2016
010.033-16.99764521,,,26/09/2016
010.033-16.99764522,,,26/09/2016
010.033-16.99764523,,,26/09/2016
010.033-16.99764524,,,26/09/2016
010.033-16.99764525,,,26/09/2016
010.033-16.99764526,,,26/09/2016
010.033-16.99764527,,,26/09/2016
010.033-16.99764528,,,26/09/2016
010.033-16.99764529,,,26/09/2016
010.033-16.99764530,,,26/09/2016
010.033-16.99764531,,,26/09/2016
010.033-16.99764532,,,26/09/2016
010.033-16.99764533,,,26/09/2016
010.033-16.99764534,,,26/09/2016
010.033-16.99764535,,,26/09/2016
010.033-16.99764536,,,26/09/2016
010.033-16.99764537,,,26/09/2016
010.033-16.99764538,,,26/09/2016
010.033-16.99764539,,,26/09/2016
010.033-16.99764540,,,26/09/2016
010.033-16.99764541,,,26/09/2016
010.033-16.99764542,,,26/09/2016
010.033-16.99764543,,,26/09/2016
010.033-16.99764544,,,26/09/2016
010.033-16.99764545,,,26/09/2016
010.033-16.99764546,,,26/09/2016
010.033-16.99764547,,,26/09/2016
010.033-16.99764548,,,26/09/2016
010.033-16.99764549,,,26/09/2016
010.033-16.99764550,,,26/09/2016
010.033-16.99764551,,,26/09/2016
010.033-16.99764552,,,26/09/2016
010.033-16.99764553,,,26/09/2016
010.033-16.99764554,,,26/09/2016
010.033-16.99764555,,,26/09/2016
010.033-16.99764556,,,26/09/2016
010.033-16.99764557,,,26/09/2016
010.033-16.99764558,,,26/09/2016
010.033-16.99764559,,,26/09/2016
010.033-16.99764560,,,26/09/2016
010.033-16.99764561,,,26/09/2016
010.033-16.99764562,,,26/09/2016
010.033-16.99764563,,,26/09/2016
010.033-16.99764564,,,26/09/2016
010.033-16.99764565,,,26/09/2016
010.033-16.99764566,,,26/09/2016
010.033-16.99764567,,,26/09/2016
010.033-16.99764568,,,26/09/2016
010.033-16.99764569,,,26/09/2016
010.033-16.99764570,,,26/09/2016
010.033-16.99764571,,,26/09/2016
010.033-16.99764572,,,26/09/2016
010.033-16.99764573,,,26/09/2016
010.033-16.99764574,,,26/09/2016
010.033-16.99764575,,,26/09/2016
010.033-16.99764576,,,26/09/2016
010.033-16.99764577,,,26/09/2016
010.033-16.99764578,,,26/09/2016
010.033-16.99764579,,,26/09/2016
010.033-16.99764580,,,26/09/2016
010.033-16.99764581,,,26/09/2016
010.033-16.99764582,,,26/09/2016
010.033-16.99764583,,,26/09/2016
010.033-16.99764584,,,26/09/2016
010.033-16.99764585,,,26/09/2016
010.033-16.99764586,,,26/09/2016
010.033-16.99764587,,,26/09/2016
010.033-16.99764588,,,26/09/2016
010.033-16.99764589,,,26/09/2016
010.033-16.99764590,,,26/09/2016
010.033-16.99764591,,,26/09/2016
010.033-16.99764592,,,26/09/2016
010.033-16.99764593,,,26/09/2016
010.033-16.99764594,,,26/09/2016
010.033-16.99764595,,,26/09/2016
010.033-16.99764596,,,26/09/2016
010.033-16.99764597,,,26/09/2016
010.033-16.99764598,,,26/09/2016
010.033-16.99764599,,,26/09/2016
010.033-16.99764600,,,26/09/2016
010.033-16.99764601,,,26/09/2016
010.033-16.99764602,,,26/09/2016
010.033-16.99764603,,,26/09/2016
010.033-16.99764604,,,26/09/2016
010.033-16.99764605,,,26/09/2016
010.033-16.99764606,,,26/09/2016
010.033-16.99764607,,,26/09/2016
010.033-16.99764608,,,26/09/2016
010.033-16.99764609,,,26/09/2016
010.033-16.99764610,,,26/09/2016
010.033-16.99764611,,,26/09/2016
010.033-16.99764612,,,26/09/2016
010.033-16.99764613,,,26/09/2016
010.033-16.99764614,,,26/09/2016
010.033-16.99764615,,,26/09/2016
010.033-16.99764616,,,26/09/2016
010.033-16.99764617,,,26/09/2016
010.033-16.99764618,,,26/09/2016
010.033-16.99764619,,,26/09/2016
010.033-16.99764620,,,26/09/2016
010.033-16.99764621,,,26/09/2016
010.033-16.99764622,,,26/09/2016
010.033-16.99764623,,,26/09/2016
010.033-16.99764624,,,26/09/2016
010.033-16.99764625,,,26/09/2016
010.033-16.99764626,,,26/09/2016
010.033-16.99764627,,,26/09/2016
010.033-16.99764628,,,26/09/2016
010.033-16.99764629,,,26/09/2016
010.033-16.99764630,,,26/09/2016
010.033-16.99764631,,,26/09/2016
010.033-16.99764632,,,26/09/2016
010.033-16.99764633,,,26/09/2016
010.033-16.99764634,,,26/09/2016
010.033-16.99764635,,,26/09/2016
010.033-16.99764636,,,26/09/2016
010.033-16.99764637,,,26/09/2016
010.033-16.99764638,,,26/09/2016
010.033-16.99764639,,,26/09/2016
010.033-16.99764640,,,26/09/2016
010.033-16.99764641,,,26/09/2016
010.033-16.99764642,,,26/09/2016
010.033-16.99764643,,,26/09/2016
010.033-16.99764644,,,26/09/2016
010.033-16.99764645,,,26/09/2016
010.033-16.99764646,,,26/09/2016
010.033-16.99764647,,,26/09/2016
010.033-16.99764648,,,26/09/2016
010.033-16.99764649,,,26/09/2016
010.033-16.99764650,,,26/09/2016
010.033-16.99764651,,,26/09/2016
010.033-16.99764652,,,26/09/2016
010.033-16.99764653,,,26/09/2016
010.033-16.99764654,,,26/09/2016
010.033-16.99764655,,,26/09/2016
010.033-16.99764656,,,26/09/2016
010.033-16.99764657,,,26/09/2016
010.033-16.99764658,,,26/09/2016
010.033-16.99764659,,,26/09/2016
010.033-16.99764660,,,26/09/2016
010.033-16.99764661,,,26/09/2016
010.033-16.99764662,,,26/09/2016
010.033-16.99764663,,,26/09/2016
010.033-16.99764664,,,26/09/2016
010.033-16.99764665,,,26/09/2016
010.033-16.99764666,,,26/09/2016
010.033-16.99764667,,,26/09/2016
010.033-16.99764668,,,26/09/2016
010.033-16.99764669,,,26/09/2016
010.033-16.99764670,,,26/09/2016
010.033-16.99764671,,,26/09/2016
010.033-16.99764672,,,26/09/2016
010.033-16.99764673,,,26/09/2016
010.033-16.99764674,,,26/09/2016
010.033-16.99764675,,,26/09/2016
010.033-16.99764676,,,26/09/2016
010.033-16.99764677,,,26/09/2016
010.033-16.99764678,,,26/09/2016
010.033-16.99764679,,,26/09/2016
010.033-16.99764680,,,26/09/2016
010.033-16.99764681,,,26/09/2016
010.033-16.99764682,,,26/09/2016
010.033-16.99764683,,,26/09/2016
010.033-16.99764684,,,26/09/2016
010.033-16.99764685,,,26/09/2016
010.033-16.99764686,,,26/09/2016
010.033-16.99764687,,,26/09/2016
010.033-16.99764688,,,26/09/2016
010.033-16.99764689,,,26/09/2016
010.033-16.99764690,,,26/09/2016
010.033-16.99764691,,,26/09/2016
010.033-16.99764692,,,26/09/2016
010.033-16.99764693,,,26/09/2016
010.033-16.99764694,,,26/09/2016
010.033-16.99764695,,,26/09/2016
010.033-16.99764696,,,26/09/2016
010.033-16.99764697,,,26/09/2016
010.033-16.99764698,,,26/09/2016
010.033-16.99764699,,,26/09/2016
010.033-16.99764700,,,26/09/2016
010.033-16.99764701,,,26/09/2016
010.033-16.99764702,,,26/09/2016
010.033-16.99764703,,,26/09/2016
010.033-16.99764704,,,26/09/2016
010.033-16.99764705,,,26/09/2016
010.033-16.99764706,,,26/09/2016
010.033-16.99764707,,,26/09/2016
010.033-16.99764708,,,26/09/2016
010.033-16.99764709,,,26/09/2016
010.033-16.99764710,,,26/09/2016
010.033-16.99764711,,,26/09/2016
010.033-16.99764712,,,26/09/2016
010.033-16.99764713,,,26/09/2016
010.033-16.99764714,,,26/09/2016
010.033-16.99764715,,,26/09/2016
010.033-16.99764716,,,26/09/2016
010.033-16.99764717,,,26/09/2016
010.033-16.99764718,,,26/09/2016
010.033-16.99764719,,,26/09/2016
010.033-16.99764720,,,26/09/2016
010.033-16.99764721,,,26/09/2016
010.033-16.99764722,,,26/09/2016
010.033-16.99764723,,,26/09/2016
010.033-16.99764724,,,26/09/2016
010.033-16.99764725,,,26/09/2016
010.033-16.99764726,,,26/09/2016
010.033-16.99764727,,,26/09/2016
010.033-16.99764728,,,26/09/2016
010.033-16.99764729,,,26/09/2016
010.033-16.99764730,,,26/09/2016
010.033-16.99764731,,,26/09/2016
010.033-16.99764732,,,26/09/2016
010.033-16.99764733,,,26/09/2016
010.033-16.99764734,,,26/09/2016
010.033-16.99764735,,,26/09/2016
010.033-16.99764736,,,26/09/2016
010.033-16.99764737,,,26/09/2016
010.033-16.99764738,,,26/09/2016
010.033-16.99764739,,,26/09/2016
010.033-16.99764740,,,26/09/2016
010.033-16.99764741,,,26/09/2016
010.033-16.99764742,,,26/09/2016
010.033-16.99764743,,,26/09/2016
010.033-16.99764744,,,26/09/2016
010.033-16.99764745,,,26/09/2016
010.033-16.99764746,,,26/09/2016
010.033-16.99764747,,,26/09/2016
010.033-16.99764748,,,26/09/2016
010.033-16.99764749,,,26/09/2016
010.033-16.99764750,,,26/09/2016
010.033-16.99764751,,,26/09/2016
010.033-16.99764752,,,26/09/2016
010.033-16.99764753,,,26/09/2016
010.033-16.99764754,,,26/09/2016
010.033-16.99764755,,,26/09/2016
010.033-16.99764756,,,26/09/2016
010.033-16.99764757,,,26/09/2016
010.033-16.99764758,,,26/09/2016
010.033-16.99764759,,,26/09/2016
010.033-16.99764760,,,26/09/2016
010.033-16.99764761,,,26/09/2016
010.033-16.99764762,,,26/09/2016
010.033-16.99764763,,,26/09/2016
010.033-16.99764764,,,26/09/2016
010.033-16.99764765,,,26/09/2016
010.033-16.99764766,,,26/09/2016
010.033-16.99764767,,,26/09/2016
010.033-16.99764768,,,26/09/2016
010.033-16.99764769,,,26/09/2016
010.033-16.99764770,,,26/09/2016
010.033-16.99764771,,,26/09/2016
010.033-16.99764772,,,26/09/2016
010.033-16.99764773,,,26/09/2016
010.033-16.99764774,,,26/09/2016
010.033-16.99764775,,,26/09/2016
010.033-16.99764776,,,26/09/2016
010.033-16.99764777,,,26/09/2016
010.033-16.99764778,,,26/09/2016
010.033-16.99764779,,,26/09/2016
010.033-16.99764780,,,26/09/2016
010.033-16.99764781,,,26/09/2016
010.033-16.99764782,,,26/09/2016
010.033-16.99764783,,,26/09/2016
010.033-16.99764784,,,26/09/2016
010.033-16.99764785,,,26/09/2016
010.033-16.99764786,,,26/09/2016
010.033-16.99764787,,,26/09/2016
010.033-16.99764788,,,26/09/2016
010.033-16.99764789,,,26/09/2016
010.033-16.99764790,,,26/09/2016
010.033-16.99764791,,,26/09/2016
010.033-16.99764792,,,26/09/2016
010.033-16.99764793,,,26/09/2016
010.033-16.99764794,,,26/09/2016
010.033-16.99764795,,,26/09/2016
010.033-16.99764796,,,26/09/2016
010.033-16.99764797,,,26/09/2016
010.033-16.99764798,,,26/09/2016
010.033-16.99764799,,,26/09/2016
010.033-16.99764800,,,26/09/2016
010.033-16.99764801,,,26/09/2016
010.033-16.99764802,,,26/09/2016
010.033-16.99764803,,,26/09/2016
010.033-16.99764804,,,26/09/2016
010.033-16.99764805,,,26/09/2016
010.033-16.99764806,,,26/09/2016
010.033-16.99764807,,,26/09/2016
010.033-16.99764808,,,26/09/2016
010.033-16.99764809,,,26/09/2016
010.033-16.99764810,,,26/09/2016
010.033-16.99764811,,,26/09/2016
010.033-16.99764812,,,26/09/2016
010.033-16.99764813,,,26/09/2016
010.033-16.99764814,,,26/09/2016
010.033-16.99764815,,,26/09/2016
010.033-16.99764816,,,26/09/2016
010.033-16.99764817,,,26/09/2016
010.033-16.99764818,,,26/09/2016
010.033-16.99764819,,,26/09/2016
010.033-16.99764820,,,26/09/2016
010.033-16.99764821,,,26/09/2016
010.033-16.99764822,,,26/09/2016
010.033-16.99764823,,,26/09/2016
010.033-16.99764824,,,26/09/2016
010.033-16.99764825,,,26/09/2016
010.033-16.99764826,,,26/09/2016
010.033-16.99764827,,,26/09/2016
010.033-16.99764828,,,26/09/2016
010.033-16.99764829,,,26/09/2016
010.033-16.99764830,,,26/09/2016
010.033-16.99764831,,,26/09/2016
010.033-16.99764832,,,26/09/2016
010.033-16.99764833,,,26/09/2016
010.033-16.99764834,,,26/09/2016
010.033-16.99764835,,,26/09/2016
010.033-16.99764836,,,26/09/2016
010.033-16.99764837,,,26/09/2016
010.033-16.99764838,,,26/09/2016
010.033-16.99764839,,,26/09/2016
010.033-16.99764840,,,26/09/2016
010.033-16.99764841,,,26/09/2016
010.033-16.99764842,,,26/09/2016
010.033-16.99764843,,,26/09/2016
010.033-16.99764844,,,26/09/2016
010.033-16.99764845,,,26/09/2016
010.033-16.99764846,,,26/09/2016
010.033-16.99764847,,,26/09/2016
010.033-16.99764848,,,26/09/2016
010.033-16.99764849,,,26/09/2016
010.033-16.99764850,,,26/09/2016
010.033-16.99764851,,,26/09/2016
010.033-16.99764852,,,26/09/2016
010.033-16.99764853,,,26/09/2016
010.033-16.99764854,,,26/09/2016
010.033-16.99764855,,,26/09/2016
010.033-16.99764856,,,26/09/2016
010.033-16.99764857,,,26/09/2016
010.033-16.99764858,,,26/09/2016
010.033-16.99764859,,,26/09/2016
010.033-16.99764860,,,26/09/2016
010.033-16.99764861,,,26/09/2016
010.033-16.99764862,,,26/09/2016
010.033-16.99764863,,,26/09/2016
010.033-16.99764864,,,26/09/2016
010.033-16.99764865,,,26/09/2016
010.033-16.99764866,,,26/09/2016
010.033-16.99764867,,,26/09/2016
010.033-16.99764868,,,26/09/2016
010.033-16.99764869,,,26/09/2016
010.033-16.99764870,,,26/09/2016
010.033-16.99764871,,,26/09/2016
010.033-16.99764872,,,26/09/2016
010.033-16.99764873,,,26/09/2016
010.033-16.99764874,,,26/09/2016
010.033-16.99764875,,,26/09/2016
010.033-16.99764876,,,26/09/2016
010.033-16.99764877,,,26/09/2016
010.033-16.99764878,,,26/09/2016
010.033-16.99764879,,,26/09/2016
010.033-16.99764880,,,26/09/2016
010.033-16.99764881,,,26/09/2016
010.033-16.99764882,,,26/09/2016
010.033-16.99764883,,,26/09/2016
010.033-16.99764884,,,26/09/2016
010.033-16.99764885,,,26/09/2016
010.033-16.99764886,,,26/09/2016
010.033-16.99764887,,,26/09/2016
010.033-16.99764888,,,26/09/2016
010.033-16.99764889,,,26/09/2016
010.033-16.99764890,,,26/09/2016
010.033-16.99764891,,,26/09/2016
010.033-16.99764892,,,26/09/2016
010.033-16.99764893,,,26/09/2016
010.033-16.99764894,,,26/09/2016
010.033-16.99764895,,,26/09/2016
010.033-16.99764896,,,26/09/2016
010.033-16.99764897,,,26/09/2016
010.033-16.99764898,,,26/09/2016
010.033-16.99764899,,,26/09/2016
010.033-16.99764900,,,26/09/2016
010.033-16.99764901,,,26/09/2016
010.033-16.99764902,,,26/09/2016
010.033-16.99764903,,,26/09/2016
010.033-16.99764904,,,26/09/2016
010.033-16.99764905,,,26/09/2016
010.033-16.99764906,,,26/09/2016
010.033-16.99764907,,,26/09/2016
010.033-16.99764908,,,26/09/2016
010.033-16.99764909,,,26/09/2016
010.033-16.99764910,,,26/09/2016
010.033-16.99764911,,,26/09/2016
010.033-16.99764912,,,26/09/2016
010.033-16.99764913,,,26/09/2016
010.033-16.99764914,,,26/09/2016
010.033-16.99764915,,,26/09/2016
010.033-16.99764916,,,26/09/2016
010.033-16.99764917,,,26/09/2016
010.033-16.99764918,,,26/09/2016
010.033-16.99764919,,,26/09/2016
010.033-16.99764920,,,26/09/2016
010.033-16.99764921,,,26/09/2016
010.033-16.99764922,,,26/09/2016
010.033-16.99764923,,,26/09/2016
010.033-16.99764924,,,26/09/2016
010.033-16.99764925,,,26/09/2016
010.033-16.99764926,,,26/09/2016
010.033-16.99764927,,,26/09/2016
010.033-16.99764928,,,26/09/2016
010.033-16.99764929,,,26/09/2016
010.033-16.99764930,,,26/09/2016
010.033-16.99764931,,,26/09/2016
010.033-16.99764932,,,26/09/2016
010.033-16.99764933,,,26/09/2016
010.033-16.99764934,,,26/09/2016
010.033-16.99764935,,,26/09/2016
010.033-16.99764936,,,26/09/2016
010.033-16.99764937,,,26/09/2016
010.033-16.99764938,,,26/09/2016
010.033-16.99764939,,,26/09/2016
010.033-16.99764940,,,26/09/2016
010.033-16.99764941,,,26/09/2016
010.033-16.99764942,,,26/09/2016
010.033-16.99764943,,,26/09/2016
010.033-16.99764944,,,26/09/2016
010.033-16.99764945,,,26/09/2016
010.033-16.99764946,,,26/09/2016
010.033-16.99764947,,,26/09/2016
010.033-16.99764948,,,26/09/2016
010.033-16.99764949,,,26/09/2016
010.033-16.99762242,,,26/09/2016
010.033-16.99762243,,,26/09/2016
010.033-16.99762244,,,26/09/2016
010.033-16.99762245,,,26/09/2016
010.033-16.99762246,,,26/09/2016
010.033-16.99762247,,,26/09/2016
010.033-16.99762248,,,26/09/2016
010.033-16.99762249,,,26/09/2016
010.033-16.99762250,,,26/09/2016
010.033-16.99762251,,,26/09/2016
010.033-16.99762252,,,26/09/2016
010.033-16.99762253,,,26/09/2016
010.033-16.99762254,,,26/09/2016
010.033-16.99762255,,,26/09/2016
010.033-16.99762256,,,26/09/2016
010.033-16.99762257,,,26/09/2016
010.033-16.99762258,,,26/09/2016
010.033-16.99762259,,,26/09/2016
010.033-16.99762260,,,26/09/2016
010.033-16.99762261,,,26/09/2016
010.033-16.99762262,,,26/09/2016
010.033-16.99762263,,,26/09/2016
010.033-16.99762264,,,26/09/2016
010.033-16.99762265,,,26/09/2016
010.033-16.99762266,,,26/09/2016
010.033-16.99762267,,,26/09/2016
010.033-16.99762268,,,26/09/2016
010.033-16.99762269,,,26/09/2016
010.033-16.99762270,,,26/09/2016
010.033-16.99762271,,,26/09/2016
010.033-16.99762272,,,26/09/2016
010.033-16.99762273,,,26/09/2016
010.033-16.99762274,,,26/09/2016
010.033-16.99762275,,,26/09/2016
010.033-16.99762276,,,26/09/2016
010.033-16.99762277,,,26/09/2016
010.033-16.99762278,,,26/09/2016
010.033-16.99762279,,,26/09/2016
010.033-16.99762280,,,26/09/2016
010.033-16.99762281,,,26/09/2016
010.033-16.99762282,,,26/09/2016
010.033-16.99762283,,,26/09/2016
010.033-16.99762284,,,26/09/2016
010.033-16.99762285,,,26/09/2016
010.033-16.99762286,,,26/09/2016
010.033-16.99762287,,,26/09/2016
010.033-16.99762288,,,26/09/2016
010.033-16.99762289,,,26/09/2016
010.033-16.99762290,,,26/09/2016
010.033-16.99762291,,,26/09/2016
010.033-16.99762292,,,26/09/2016
010.033-16.99762293,,,26/09/2016
010.033-16.99762294,,,26/09/2016
010.033-16.99762295,,,26/09/2016
010.033-16.99762296,,,26/09/2016
010.033-16.99762297,,,26/09/2016
010.033-16.99762298,,,26/09/2016
010.033-16.99762299,,,26/09/2016
010.033-16.99762300,,,26/09/2016
010.033-16.99762301,,,26/09/2016
010.033-16.99762302,,,26/09/2016
010.033-16.99762303,,,26/09/2016
010.033-16.99762304,,,26/09/2016
010.033-16.99762305,,,26/09/2016
010.033-16.99762306,,,26/09/2016
010.033-16.99762307,,,26/09/2016
010.033-16.99762308,,,26/09/2016
010.033-16.99762309,,,26/09/2016
010.033-16.99762310,,,26/09/2016
010.033-16.99762311,,,26/09/2016
010.033-16.99762312,,,26/09/2016
010.033-16.99762313,,,26/09/2016
010.033-16.99762314,,,26/09/2016
010.033-16.99762315,,,26/09/2016
010.033-16.99762316,,,26/09/2016
010.033-16.99762317,,,26/09/2016
010.033-16.99762318,,,26/09/2016
010.033-16.99762319,,,26/09/2016
010.033-16.99762320,,,26/09/2016
010.033-16.99762321,,,26/09/2016
010.033-16.99762322,,,26/09/2016
010.033-16.99762323,,,26/09/2016
010.033-16.99762324,,,26/09/2016
010.033-16.99762325,,,26/09/2016
010.033-16.99762326,,,26/09/2016
010.033-16.99762327,,,26/09/2016
010.033-16.99762328,,,26/09/2016
010.033-16.99762329,,,26/09/2016
010.033-16.99762330,,,26/09/2016
010.033-16.99762331,,,26/09/2016
010.033-16.99762332,,,26/09/2016
010.033-16.99762333,,,26/09/2016
010.033-16.99762334,,,26/09/2016
010.033-16.99762335,,,26/09/2016
010.033-16.99762336,,,26/09/2016
010.033-16.99762337,,,26/09/2016
010.033-16.99762338,,,26/09/2016
010.033-16.99762339,,,26/09/2016
010.033-16.99762340,,,26/09/2016
010.033-16.99762341,,,26/09/2016
010.033-16.99762342,,,26/09/2016
010.033-16.99762343,,,26/09/2016
010.033-16.99762344,,,26/09/2016
010.033-16.99762345,,,26/09/2016
010.033-16.99762346,,,26/09/2016
010.033-16.99762347,,,26/09/2016
010.033-16.99762348,,,26/09/2016
010.033-16.99762349,,,26/09/2016
010.033-16.99762350,,,26/09/2016
010.033-16.99762351,,,26/09/2016
010.033-16.99762352,,,26/09/2016
010.033-16.99762353,,,26/09/2016
010.033-16.99762354,,,26/09/2016
010.033-16.99762355,,,26/09/2016
010.033-16.99762356,,,26/09/2016
010.033-16.99762357,,,26/09/2016
010.033-16.99762358,,,26/09/2016
010.033-16.99762359,,,26/09/2016
010.033-16.99762360,,,26/09/2016
010.033-16.99762361,,,26/09/2016
010.033-16.99762362,,,26/09/2016
010.033-16.99762363,,,26/09/2016
010.033-16.99762364,,,26/09/2016
010.033-16.99762365,,,26/09/2016
010.033-16.99762366,,,26/09/2016
010.033-16.99762367,,,26/09/2016
010.033-16.99762368,,,26/09/2016
010.033-16.99762369,,,26/09/2016
010.033-16.99762370,,,26/09/2016
010.033-16.99762371,,,26/09/2016
010.033-16.99762372,,,26/09/2016
010.033-16.99762373,,,26/09/2016
010.033-16.99762374,,,26/09/2016
010.033-16.99762375,,,26/09/2016
010.033-16.99762376,,,26/09/2016
010.033-16.99762377,,,26/09/2016
010.033-16.99762378,,,26/09/2016
010.033-16.99762379,,,26/09/2016
010.033-16.99762380,,,26/09/2016
010.033-16.99762381,,,26/09/2016
010.033-16.99762382,,,26/09/2016
010.033-16.99762383,,,26/09/2016
010.033-16.99762384,,,26/09/2016
010.033-16.99762385,,,26/09/2016
010.033-16.99762386,,,26/09/2016
010.033-16.99762387,,,26/09/2016
010.033-16.99762388,,,26/09/2016
010.033-16.99762389,,,26/09/2016
010.033-16.99762390,,,26/09/2016
010.033-16.99762391,,,26/09/2016
010.033-16.99762392,,,26/09/2016
010.033-16.99762393,,,26/09/2016
010.033-16.99762394,,,26/09/2016
010.033-16.99762395,,,26/09/2016
010.033-16.99762396,,,26/09/2016
010.033-16.99762397,,,26/09/2016
010.033-16.99762398,,,26/09/2016
010.033-16.99762399,,,26/09/2016
010.033-16.99762400,,,26/09/2016
010.033-16.99762401,,,26/09/2016
010.033-16.99762402,,,26/09/2016
010.033-16.99762403,,,26/09/2016
010.033-16.99762404,,,26/09/2016
010.033-16.99762405,,,26/09/2016
010.033-16.99762406,,,26/09/2016
010.033-16.99762407,,,26/09/2016
010.033-16.99762408,,,26/09/2016
010.033-16.99762409,,,26/09/2016
010.033-16.99762410,,,26/09/2016
010.033-16.99762411,,,26/09/2016
010.033-16.99762412,,,26/09/2016
010.033-16.99762413,,,26/09/2016
010.033-16.99762414,,,26/09/2016
010.033-16.99762415,,,26/09/2016
010.033-16.99762416,,,26/09/2016
010.033-16.99762417,,,26/09/2016
010.033-16.99762418,,,26/09/2016
010.033-16.99762419,,,26/09/2016
010.033-16.99762420,,,26/09/2016
010.033-16.99762421,,,26/09/2016
010.033-16.99762422,,,26/09/2016
010.033-16.99762423,,,26/09/2016
010.033-16.99762424,,,26/09/2016
010.033-16.99762425,,,26/09/2016
010.033-16.99762426,,,26/09/2016
010.033-16.99762427,,,26/09/2016
010.033-16.99762428,,,26/09/2016
010.033-16.99762429,,,26/09/2016
010.033-16.99762430,,,26/09/2016
010.033-16.99762431,,,26/09/2016
010.033-16.99762432,,,26/09/2016
010.033-16.99762433,,,26/09/2016
010.033-16.99762434,,,26/09/2016
010.033-16.99762435,,,26/09/2016
010.033-16.99762436,,,26/09/2016
010.033-16.99762437,,,26/09/2016
010.033-16.99762438,,,26/09/2016
010.033-16.99762439,,,26/09/2016
010.033-16.99762440,,,26/09/2016
010.033-16.99762441,,,26/09/2016
010.033-16.99762442,,,26/09/2016
010.033-16.99762443,,,26/09/2016
010.033-16.99762444,,,26/09/2016
010.033-16.99762445,,,26/09/2016
010.033-16.99762446,,,26/09/2016
010.033-16.99762447,,,26/09/2016
010.033-16.99762448,,,26/09/2016
010.033-16.99762449,,,26/09/2016
010.033-16.99762450,,,26/09/2016
010.033-16.99762451,,,26/09/2016
010.033-16.99762452,,,26/09/2016
010.033-16.99762453,,,26/09/2016
010.033-16.99762454,,,26/09/2016
010.033-16.99762455,,,26/09/2016
010.033-16.99762456,,,26/09/2016
010.033-16.99762457,,,26/09/2016
010.033-16.99762458,,,26/09/2016
010.033-16.99762459,,,26/09/2016
010.033-16.99762460,,,26/09/2016
010.033-16.99762461,,,26/09/2016
010.033-16.99762462,,,26/09/2016
010.033-16.99762463,,,26/09/2016
010.033-16.99762464,,,26/09/2016
010.033-16.99762465,,,26/09/2016
010.033-16.99762466,,,26/09/2016
010.033-16.99762467,,,26/09/2016
010.033-16.99762468,,,26/09/2016
010.033-16.99762469,,,26/09/2016
010.033-16.99762470,,,26/09/2016
010.033-16.99762471,,,26/09/2016
010.033-16.99762472,,,26/09/2016
010.033-16.99762473,,,26/09/2016
010.033-16.99762474,,,26/09/2016
010.033-16.99762475,,,26/09/2016
010.033-16.99762476,,,26/09/2016
010.033-16.99762477,,,26/09/2016
010.033-16.99762478,,,26/09/2016
010.033-16.99762479,,,26/09/2016
010.033-16.99762480,,,26/09/2016
010.033-16.99762481,,,26/09/2016
010.033-16.99762482,,,26/09/2016
010.033-16.99762483,,,26/09/2016
010.033-16.99762484,,,26/09/2016
010.033-16.99762485,,,26/09/2016
010.033-16.99762486,,,26/09/2016
010.033-16.99762487,,,26/09/2016
010.033-16.99762488,,,26/09/2016
010.033-16.99762489,,,26/09/2016
010.033-16.99762490,,,26/09/2016
010.033-16.99762491,,,26/09/2016
010.033-16.99762492,,,26/09/2016
010.033-16.99762493,,,26/09/2016
010.033-16.99762494,,,26/09/2016
010.033-16.99762495,,,26/09/2016
010.033-16.99762496,,,26/09/2016
010.033-16.99762497,,,26/09/2016
010.033-16.99762498,,,26/09/2016
010.033-16.99762499,,,26/09/2016
010.033-16.99762500,,,26/09/2016
010.033-16.99762501,,,26/09/2016
010.033-16.99762502,,,26/09/2016
010.033-16.99762503,,,26/09/2016
010.033-16.99762504,,,26/09/2016
010.033-16.99762505,,,26/09/2016
010.033-16.99762506,,,26/09/2016
010.033-16.99762507,,,26/09/2016
010.033-16.99762508,,,26/09/2016
010.033-16.99762509,,,26/09/2016
010.033-16.99762510,,,26/09/2016
010.033-16.99762511,,,26/09/2016
010.033-16.99762512,,,26/09/2016
010.033-16.99762513,,,26/09/2016
010.033-16.99762514,,,26/09/2016
010.033-16.99762515,,,26/09/2016
010.033-16.99762516,,,26/09/2016
010.033-16.99762517,,,26/09/2016
010.033-16.99762518,,,26/09/2016
010.033-16.99762519,,,26/09/2016
010.033-16.99762520,,,26/09/2016
010.033-16.99762521,,,26/09/2016
010.033-16.99762522,,,26/09/2016
010.033-16.99762523,,,26/09/2016
010.033-16.99762524,,,26/09/2016
010.033-16.99762525,,,26/09/2016
010.033-16.99762526,,,26/09/2016
010.033-16.99762527,,,26/09/2016
010.033-16.99762528,,,26/09/2016
010.033-16.99762529,,,26/09/2016
010.033-16.99762530,,,26/09/2016
010.033-16.99762531,,,26/09/2016
010.033-16.99762532,,,26/09/2016
010.033-16.99762533,,,26/09/2016
010.033-16.99762534,,,26/09/2016
010.033-16.99762535,,,26/09/2016
010.033-16.99762536,,,26/09/2016
010.033-16.99762537,,,26/09/2016
010.033-16.99762538,,,26/09/2016
010.033-16.99762539,,,26/09/2016
010.033-16.99762540,,,26/09/2016
010.033-16.99762541,,,26/09/2016
010.033-16.99762542,,,26/09/2016
010.033-16.99762543,,,26/09/2016
010.033-16.99762544,,,26/09/2016
010.033-16.99762545,,,26/09/2016
010.033-16.99762546,,,26/09/2016
010.033-16.99762547,,,26/09/2016
010.033-16.99762548,,,26/09/2016
010.033-16.99762549,,,26/09/2016
010.033-16.99762550,,,26/09/2016
010.033-16.99762551,,,26/09/2016
010.033-16.99762552,,,26/09/2016
010.033-16.99762553,,,26/09/2016
010.033-16.99762554,,,26/09/2016
010.033-16.99762555,,,26/09/2016
010.033-16.99762556,,,26/09/2016
010.033-16.99762557,,,26/09/2016
010.033-16.99762558,,,26/09/2016
010.033-16.99762559,,,26/09/2016
010.033-16.99762560,,,26/09/2016
010.033-16.99762561,,,26/09/2016
010.033-16.99762562,,,26/09/2016
010.033-16.99762563,,,26/09/2016
010.033-16.99762564,,,26/09/2016
010.033-16.99762565,,,26/09/2016
010.033-16.99762566,,,26/09/2016
010.033-16.99762567,,,26/09/2016
010.033-16.99762568,,,26/09/2016
010.033-16.99762569,,,26/09/2016
010.033-16.99762570,,,26/09/2016
010.033-16.99762571,,,26/09/2016
010.033-16.99762572,,,26/09/2016
010.033-16.99762573,,,26/09/2016
010.033-16.99762574,,,26/09/2016
010.033-16.99762575,,,26/09/2016
010.033-16.99762576,,,26/09/2016
010.033-16.99762577,,,26/09/2016
010.033-16.99762578,,,26/09/2016
010.033-16.99762579,,,26/09/2016
010.033-16.99762580,,,26/09/2016
010.033-16.99762581,,,26/09/2016
010.033-16.99762582,,,26/09/2016
010.033-16.99762583,,,26/09/2016
010.033-16.99762584,,,26/09/2016
010.033-16.99762585,,,26/09/2016
010.033-16.99762586,,,26/09/2016
010.033-16.99762587,,,26/09/2016
010.033-16.99762588,,,26/09/2016
010.033-16.99762589,,,26/09/2016
010.033-16.99762590,,,26/09/2016
010.033-16.99762591,,,26/09/2016
010.033-16.99762592,,,26/09/2016
010.033-16.99762593,,,26/09/2016
010.033-16.99762594,,,26/09/2016
010.033-16.99762595,,,26/09/2016
010.033-16.99762596,,,26/09/2016
010.033-16.99762597,,,26/09/2016
010.033-16.99762598,,,26/09/2016
010.033-16.99762599,,,26/09/2016
010.033-16.99762600,,,26/09/2016
010.033-16.99762601,,,26/09/2016
010.033-16.99762602,,,26/09/2016
010.033-16.99762603,,,26/09/2016
010.033-16.99762604,,,26/09/2016
010.033-16.99762605,,,26/09/2016
010.033-16.99762606,,,26/09/2016
010.033-16.99762607,,,26/09/2016
010.033-16.99762608,,,26/09/2016
010.033-16.99762609,,,26/09/2016
010.033-16.99762610,,,26/09/2016
010.033-16.99762611,,,26/09/2016
010.033-16.99762612,,,26/09/2016
010.033-16.99762613,,,26/09/2016
010.033-16.99762614,,,26/09/2016
010.033-16.99762615,,,26/09/2016
010.033-16.99762616,,,26/09/2016
010.033-16.99762617,,,26/09/2016
010.033-16.99762618,,,26/09/2016
010.033-16.99762619,,,26/09/2016
010.033-16.99762620,,,26/09/2016
010.033-16.99762621,,,26/09/2016
010.033-16.99762622,,,26/09/2016
010.033-16.99762623,,,26/09/2016
010.033-16.99762624,,,26/09/2016
010.033-16.99762625,,,26/09/2016
010.033-16.99762626,,,26/09/2016
010.033-16.99762627,,,26/09/2016
010.033-16.99762628,,,26/09/2016
010.033-16.99762629,,,26/09/2016
010.033-16.99762630,,,26/09/2016
010.033-16.99762631,,,26/09/2016
010.033-16.99762632,,,26/09/2016
010.033-16.99762633,,,26/09/2016
010.033-16.99762634,,,26/09/2016
010.033-16.99762635,,,26/09/2016
010.033-16.99762636,,,26/09/2016
010.033-16.99762637,,,26/09/2016
010.033-16.99762638,,,26/09/2016
010.033-16.99762639,,,26/09/2016
010.033-16.99762640,,,26/09/2016
010.033-16.99762641,,,26/09/2016
010.033-16.99762642,,,26/09/2016
010.033-16.99762643,,,26/09/2016
010.033-16.99762644,,,26/09/2016
010.033-16.99762645,,,26/09/2016
010.033-16.99762646,,,26/09/2016
010.033-16.99762647,,,26/09/2016
010.033-16.99762648,,,26/09/2016
010.033-16.99762649,,,26/09/2016
010.033-16.99762650,,,26/09/2016
010.033-16.99762651,,,26/09/2016
010.033-16.99762652,,,26/09/2016
010.033-16.99762653,,,26/09/2016
010.033-16.99762654,,,26/09/2016
010.033-16.99762655,,,26/09/2016
010.033-16.99762656,,,26/09/2016
010.033-16.99762657,,,26/09/2016
010.033-16.99762658,,,26/09/2016
010.033-16.99762659,,,26/09/2016
010.033-16.99762660,,,26/09/2016
010.033-16.99762661,,,26/09/2016
010.033-16.99762662,,,26/09/2016
010.033-16.99762663,,,26/09/2016
010.033-16.99762664,,,26/09/2016
010.033-16.99762665,,,26/09/2016
010.033-16.99762666,,,26/09/2016
010.033-16.99762667,,,26/09/2016
010.033-16.99762668,,,26/09/2016
010.033-16.99762669,,,26/09/2016
010.033-16.99762670,,,26/09/2016
010.033-16.99762671,,,26/09/2016
010.033-16.99762672,,,26/09/2016
010.033-16.99762673,,,26/09/2016
010.033-16.99762674,,,26/09/2016
010.033-16.99762675,,,26/09/2016
010.033-16.99762676,,,26/09/2016
010.033-16.99762677,,,26/09/2016
010.033-16.99762678,,,26/09/2016
010.033-16.99762679,,,26/09/2016
010.033-16.99762680,,,26/09/2016
010.033-16.99762681,,,26/09/2016
010.033-16.99760781,,,26/09/2016
010.033-16.99760782,,,26/09/2016
010.033-16.99760783,,,26/09/2016
010.033-16.99760784,,,26/09/2016
010.033-16.99760785,,,26/09/2016
010.033-16.99760786,,,26/09/2016
010.033-16.99760787,,,26/09/2016
010.033-16.99760788,,,26/09/2016
010.033-16.99760789,,,26/09/2016
010.033-16.99760790,,,26/09/2016
010.033-16.99760791,,,26/09/2016
010.033-16.99760792,,,26/09/2016
010.033-16.99760793,,,26/09/2016
010.033-16.99760794,,,26/09/2016
010.033-16.99760795,,,26/09/2016
010.033-16.99760796,,,26/09/2016
010.033-16.99760797,,,26/09/2016
010.033-16.99760798,,,26/09/2016
010.033-16.99760799,,,26/09/2016
010.033-16.99760800,,,26/09/2016
010.033-16.99760801,,,26/09/2016
010.033-16.99760802,,,26/09/2016
010.033-16.99760803,,,26/09/2016
010.033-16.99760804,,,26/09/2016
010.033-16.99760805,,,26/09/2016
010.033-16.99760806,,,26/09/2016
010.033-16.99760807,,,26/09/2016
010.033-16.99760808,,,26/09/2016
010.033-16.99760809,,,26/09/2016
010.033-16.99760810,,,26/09/2016
010.033-16.99760811,,,26/09/2016
010.033-16.99760812,,,26/09/2016
010.033-16.99760813,,,26/09/2016
010.033-16.99760814,,,26/09/2016
010.033-16.99760815,,,26/09/2016
010.033-16.99760816,,,26/09/2016
010.033-16.99760817,,,26/09/2016
010.033-16.99760818,,,26/09/2016
010.033-16.99760819,,,26/09/2016
010.033-16.99760820,,,26/09/2016
010.033-16.99760821,,,26/09/2016
010.033-16.99760822,,,26/09/2016
010.033-16.99760823,,,26/09/2016
010.033-16.99760824,,,26/09/2016
010.033-16.99760825,,,26/09/2016
010.033-16.99760826,,,26/09/2016
010.033-16.99760827,,,26/09/2016
010.033-16.99760828,,,26/09/2016
010.033-16.99760829,,,26/09/2016
010.033-16.99760830,,,26/09/2016
010.033-16.99760831,,,26/09/2016
010.033-16.99760832,,,26/09/2016
010.033-16.99760833,,,26/09/2016
010.033-16.99760834,,,26/09/2016
010.033-16.99760835,,,26/09/2016
010.033-16.99760836,,,26/09/2016
010.033-16.99760837,,,26/09/2016
010.033-16.99760838,,,26/09/2016
010.033-16.99760839,,,26/09/2016
010.033-16.99760840,,,26/09/2016
010.033-16.99760841,,,26/09/2016
010.033-16.99760842,,,26/09/2016
010.033-16.99760843,,,26/09/2016
010.033-16.99760844,,,26/09/2016
010.033-16.99760845,,,26/09/2016
010.033-16.99760846,,,26/09/2016
010.033-16.99760847,,,26/09/2016
010.033-16.99760848,,,26/09/2016
010.033-16.99760849,,,26/09/2016
010.033-16.99760850,,,26/09/2016
010.033-16.99760851,,,26/09/2016
010.033-16.99760852,,,26/09/2016
010.033-16.99760853,,,26/09/2016
010.033-16.99760854,,,26/09/2016
010.033-16.99760855,,,26/09/2016
010.033-16.99760856,,,26/09/2016
010.033-16.99760857,,,26/09/2016
010.033-16.99760858,,,26/09/2016
010.033-16.99760859,,,26/09/2016
010.033-16.99760860,,,26/09/2016
010.033-16.99760861,,,26/09/2016
010.033-16.99760862,,,26/09/2016
010.033-16.99760863,,,26/09/2016
010.033-16.99760864,,,26/09/2016
010.033-16.99760865,,,26/09/2016
010.033-16.99760866,,,26/09/2016
010.033-16.99760867,,,26/09/2016
010.033-16.99760868,,,26/09/2016
010.033-16.99760869,,,26/09/2016
010.033-16.99760870,,,26/09/2016
010.033-16.99760871,,,26/09/2016
010.033-16.99760872,,,26/09/2016
010.033-16.99760873,,,26/09/2016
010.033-16.99760874,,,26/09/2016
010.033-16.99760875,,,26/09/2016
010.033-16.99760876,,,26/09/2016
010.033-16.99760877,,,26/09/2016
010.033-16.99760878,,,26/09/2016
010.033-16.99760879,,,26/09/2016
010.033-16.99760880,,,26/09/2016
010.033-16.99760881,,,26/09/2016
010.033-16.99760882,,,26/09/2016
010.033-16.99760883,,,26/09/2016
010.033-16.99760884,,,26/09/2016
010.033-16.99760885,,,26/09/2016
010.033-16.99760886,,,26/09/2016
010.033-16.99760887,,,26/09/2016
010.033-16.99760888,,,26/09/2016
010.033-16.99760889,,,26/09/2016
010.033-16.99760890,,,26/09/2016
010.033-16.99760891,,,26/09/2016
010.033-16.99760892,,,26/09/2016
010.033-16.99760893,,,26/09/2016
010.033-16.99760894,,,26/09/2016
010.033-16.99760895,,,26/09/2016
010.033-16.99760896,,,26/09/2016
010.033-16.99760897,,,26/09/2016
010.033-16.99760898,,,26/09/2016
010.033-16.99760899,,,26/09/2016
010.033-16.99760900,,,26/09/2016
010.033-16.99760901,,,26/09/2016
010.033-16.99760902,,,26/09/2016
010.033-16.99760903,,,26/09/2016
010.033-16.99760904,,,26/09/2016
010.033-16.99760905,,,26/09/2016
010.033-16.99760906,,,26/09/2016
010.033-16.99760907,,,26/09/2016
010.033-16.99760908,,,26/09/2016
010.033-16.99760909,,,26/09/2016
010.033-16.99760910,,,26/09/2016
010.033-16.99760911,,,26/09/2016
010.033-16.99760912,,,26/09/2016
010.033-16.99760913,,,26/09/2016
010.033-16.99760914,,,26/09/2016
010.033-16.99760915,,,26/09/2016
010.033-16.99760916,,,26/09/2016
010.033-16.99760917,,,26/09/2016
010.033-16.99760918,,,26/09/2016
010.033-16.99760919,,,26/09/2016
010.033-16.99760920,,,26/09/2016
010.033-16.99760921,,,26/09/2016
010.033-16.99760922,,,26/09/2016
010.033-16.99760923,,,26/09/2016
010.033-16.99760924,,,26/09/2016
010.033-16.99760925,,,26/09/2016
010.033-16.99760926,,,26/09/2016
010.033-16.99760927,,,26/09/2016
010.033-16.99760928,,,26/09/2016
010.033-16.99760929,,,26/09/2016
010.033-16.99760930,,,26/09/2016
010.033-16.99760931,,,26/09/2016
010.033-16.99760932,,,26/09/2016
010.033-16.99760933,,,26/09/2016
010.033-16.99760934,,,26/09/2016
010.033-16.99760935,,,26/09/2016
010.033-16.99760936,,,26/09/2016
010.033-16.99760937,,,26/09/2016
010.033-16.99760938,,,26/09/2016
010.033-16.99760939,,,26/09/2016
010.033-16.99760940,,,26/09/2016
010.033-16.99760941,,,26/09/2016
010.033-16.99760942,,,26/09/2016
010.033-16.99760943,,,26/09/2016
010.033-16.99760944,,,26/09/2016
010.033-16.99760945,,,26/09/2016
010.033-16.99760946,,,26/09/2016
010.033-16.99760947,,,26/09/2016
010.033-16.99760948,,,26/09/2016
010.033-16.99760949,,,26/09/2016
010.033-16.99760950,,,26/09/2016
010.033-16.99760951,,,26/09/2016
010.033-16.99760952,,,26/09/2016
010.033-16.99760953,,,26/09/2016
010.033-16.99760954,,,26/09/2016
010.033-16.99760955,,,26/09/2016
010.033-16.99760956,,,26/09/2016
010.033-16.99760957,,,26/09/2016
010.033-16.99760958,,,26/09/2016
010.033-16.99760959,,,26/09/2016
010.033-16.99760960,,,26/09/2016
010.033-16.99760961,,,26/09/2016
010.033-16.99760962,,,26/09/2016
010.033-16.99760963,,,26/09/2016
010.033-16.99760964,,,26/09/2016
010.033-16.99760965,,,26/09/2016
010.033-16.99760966,,,26/09/2016
010.033-16.99760967,,,26/09/2016
010.033-16.99760968,,,26/09/2016
010.033-16.99760969,,,26/09/2016
010.033-16.99760970,,,26/09/2016
010.033-16.99760971,,,26/09/2016
010.033-16.99760972,,,26/09/2016
010.033-16.99760973,,,26/09/2016
010.033-16.99760974,,,26/09/2016
010.033-16.99760975,,,26/09/2016
010.033-16.99760976,,,26/09/2016
010.033-16.99760977,,,26/09/2016
010.033-16.99760978,,,26/09/2016
010.033-16.99760979,,,26/09/2016
010.033-16.99760980,,,26/09/2016
010.033-16.99760981,,,26/09/2016
010.033-16.99760982,,,26/09/2016
010.033-16.99760983,,,26/09/2016
010.033-16.99760984,,,26/09/2016
010.033-16.99760985,,,26/09/2016
010.033-16.99760986,,,26/09/2016
010.033-16.99760987,,,26/09/2016
010.033-16.99760988,,,26/09/2016
010.033-16.99760989,,,26/09/2016
010.033-16.99760990,,,26/09/2016
010.033-16.99760991,,,26/09/2016
010.033-16.99760992,,,26/09/2016
010.033-16.99760993,,,26/09/2016
010.033-16.99760994,,,26/09/2016
010.033-16.99760995,,,26/09/2016
010.033-16.99760996,,,26/09/2016
010.033-16.99760997,,,26/09/2016
010.033-16.99760998,,,26/09/2016
010.033-16.99760999,,,26/09/2016
010.033-16.99761000,,,26/09/2016
010.033-16.99761001,,,26/09/2016
010.033-16.99761002,,,26/09/2016
010.033-16.99761003,,,26/09/2016
010.033-16.99761004,,,26/09/2016
010.033-16.99761005,,,26/09/2016
010.033-16.99761006,,,26/09/2016
010.033-16.99761007,,,26/09/2016
010.033-16.99761008,,,26/09/2016
010.033-16.99761009,,,26/09/2016
010.033-16.99761010,,,26/09/2016
010.033-16.99761011,,,26/09/2016
010.033-16.99761012,,,26/09/2016
010.033-16.99761013,,,26/09/2016
010.033-16.99761014,,,26/09/2016
010.033-16.99761015,,,26/09/2016
010.033-16.99761016,,,26/09/2016
010.033-16.99761017,,,26/09/2016
010.033-16.99761018,,,26/09/2016
010.033-16.99761019,,,26/09/2016
010.033-16.99761020,,,26/09/2016
010.033-16.99761021,,,26/09/2016
010.033-16.99761022,,,26/09/2016
010.033-16.99761023,,,26/09/2016
010.033-16.99761024,,,26/09/2016
010.033-16.99761025,,,26/09/2016
010.033-16.99761026,,,26/09/2016
010.033-16.99761027,,,26/09/2016
010.033-16.99761028,,,26/09/2016
010.033-16.99761029,,,26/09/2016
010.033-16.99761030,,,26/09/2016
010.033-16.99761031,,,26/09/2016
010.033-16.99761032,,,26/09/2016
010.033-16.99761033,,,26/09/2016
010.033-16.99761034,,,26/09/2016
010.033-16.99761035,,,26/09/2016
010.033-16.99761036,,,26/09/2016
010.033-16.99761037,,,26/09/2016
010.033-16.99761038,,,26/09/2016
010.033-16.99761039,,,26/09/2016
010.033-16.99761040,,,26/09/2016
010.033-16.99761041,,,26/09/2016
010.033-16.99761042,,,26/09/2016
010.033-16.99761043,,,26/09/2016
010.033-16.99761044,,,26/09/2016
010.033-16.99761045,,,26/09/2016
010.033-16.99761046,,,26/09/2016
010.033-16.99761047,,,26/09/2016
010.033-16.99761048,,,26/09/2016
010.033-16.99761049,,,26/09/2016
010.033-16.99761050,,,26/09/2016
010.033-16.99761051,,,26/09/2016
010.033-16.99761052,,,26/09/2016
010.033-16.99761053,,,26/09/2016
010.033-16.99761054,,,26/09/2016
010.033-16.99761055,,,26/09/2016
010.033-16.99761056,,,26/09/2016
010.033-16.99761057,,,26/09/2016
010.033-16.99761058,,,26/09/2016
010.033-16.99761059,,,26/09/2016
010.033-16.99761060,,,26/09/2016
010.033-16.99761061,,,26/09/2016
010.033-16.99761062,,,26/09/2016
010.033-16.99761063,,,26/09/2016
010.033-16.99761064,,,26/09/2016
010.033-16.99761065,,,26/09/2016
010.033-16.99761066,,,26/09/2016
010.033-16.99761067,,,26/09/2016
010.033-16.99761068,,,26/09/2016
010.033-16.99761069,,,26/09/2016
010.033-16.99761070,,,26/09/2016
010.033-16.99761071,,,26/09/2016
010.033-16.99761072,,,26/09/2016
010.033-16.99761073,,,26/09/2016
010.033-16.99761074,,,26/09/2016
010.033-16.99761075,,,26/09/2016
010.033-16.99761076,,,26/09/2016
010.033-16.99761077,,,26/09/2016
010.033-16.99761078,,,26/09/2016
010.033-16.99761079,,,26/09/2016
010.033-16.99761080,,,26/09/2016
010.033-16.99761081,,,26/09/2016
010.033-16.99761082,,,26/09/2016
010.033-16.99761083,,,26/09/2016
010.033-16.99761084,,,26/09/2016
010.033-16.99761085,,,26/09/2016
010.033-16.99761086,,,26/09/2016
010.033-16.99761087,,,26/09/2016
010.033-16.99761088,,,26/09/2016
010.033-16.99761089,,,26/09/2016
010.033-16.99761090,,,26/09/2016
010.033-16.99761091,,,26/09/2016
010.033-16.99761092,,,26/09/2016
010.033-16.99761093,,,26/09/2016
010.033-16.99761094,,,26/09/2016
010.033-16.99761095,,,26/09/2016
010.033-16.99761096,,,26/09/2016
010.033-16.99761097,,,26/09/2016
010.033-16.99761098,,,26/09/2016
010.033-16.99761099,,,26/09/2016
010.033-16.99761100,,,26/09/2016
010.033-16.99761101,,,26/09/2016
010.033-16.99761102,,,26/09/2016
010.033-16.99761103,,,26/09/2016
010.033-16.99761104,,,26/09/2016
010.033-16.99761105,,,26/09/2016
010.033-16.99761106,,,26/09/2016
010.033-16.99761107,,,26/09/2016
010.033-16.99761108,,,26/09/2016
010.033-16.99761109,,,26/09/2016
010.033-16.99761110,,,26/09/2016
010.033-16.99761111,,,26/09/2016
010.033-16.99761112,,,26/09/2016
010.033-16.99761113,,,26/09/2016
010.033-16.99761114,,,26/09/2016
010.033-16.99761115,,,26/09/2016
010.033-16.99761116,,,26/09/2016
010.033-16.99761117,,,26/09/2016
010.033-16.99761118,,,26/09/2016
010.033-16.99761119,,,26/09/2016
010.033-16.99761120,,,26/09/2016
010.033-16.99761121,,,26/09/2016
010.033-16.99761122,,,26/09/2016
010.033-16.99761123,,,26/09/2016
010.033-16.99761124,,,26/09/2016
010.033-16.99761125,,,26/09/2016
010.033-16.99761126,,,26/09/2016
010.033-16.99761127,,,26/09/2016
010.033-16.99761128,,,26/09/2016
010.033-16.99761129,,,26/09/2016
010.033-16.99761130,,,26/09/2016
010.033-16.99761131,,,26/09/2016
010.033-16.99761132,,,26/09/2016
010.033-16.99761133,,,26/09/2016
010.033-16.99761134,,,26/09/2016
010.033-16.99761135,,,26/09/2016
010.033-16.99761136,,,26/09/2016
010.033-16.99761137,,,26/09/2016
010.033-16.99761138,,,26/09/2016
010.033-16.99761139,,,26/09/2016
010.033-16.99761140,,,26/09/2016
010.033-16.99761141,,,26/09/2016
010.033-16.99761142,,,26/09/2016
010.033-16.99761143,,,26/09/2016
010.033-16.99761144,,,26/09/2016
010.033-16.99761145,,,26/09/2016
010.033-16.99761146,,,26/09/2016
010.033-16.99761147,,,26/09/2016
010.033-16.99761148,,,26/09/2016
010.033-16.99761149,,,26/09/2016
010.033-16.99761150,,,26/09/2016
010.033-16.99761151,,,26/09/2016
010.033-16.99761152,,,26/09/2016
010.033-16.99761153,,,26/09/2016
010.033-16.99761154,,,26/09/2016
010.033-16.99761155,,,26/09/2016
010.033-16.99761156,,,26/09/2016
010.033-16.99761157,,,26/09/2016
010.033-16.99761158,,,26/09/2016
010.033-16.99761159,,,26/09/2016
010.033-16.99761160,,,26/09/2016
010.033-16.99761161,,,26/09/2016
010.033-16.99761162,,,26/09/2016
010.033-16.99761163,,,26/09/2016
010.033-16.99761164,,,26/09/2016
010.033-16.99761165,,,26/09/2016
010.033-16.99761166,,,26/09/2016
010.033-16.99761167,,,26/09/2016
010.033-16.99761168,,,26/09/2016
010.033-16.99761169,,,26/09/2016
010.033-16.99761170,,,26/09/2016
010.033-16.99761171,,,26/09/2016
010.033-16.99761172,,,26/09/2016
010.033-16.99761173,,,26/09/2016
010.033-16.99761174,,,26/09/2016
010.033-16.99761175,,,26/09/2016
010.033-16.99761176,,,26/09/2016
010.033-16.99761177,,,26/09/2016
010.033-16.99761178,,,26/09/2016
010.033-16.99761179,,,26/09/2016
010.033-16.99761180,,,26/09/2016
010.033-16.99761181,,,26/09/2016
010.033-16.99761182,,,26/09/2016
010.033-16.99761183,,,26/09/2016
010.033-16.99761184,,,26/09/2016
010.033-16.99761185,,,26/09/2016
010.033-16.99761186,,,26/09/2016
010.033-16.99761187,,,26/09/2016
010.033-16.99761188,,,26/09/2016
010.033-16.99761189,,,26/09/2016
010.033-16.99761190,,,26/09/2016
010.033-16.99761191,,,26/09/2016
010.033-16.99761192,,,26/09/2016
010.033-16.99761193,,,26/09/2016
010.033-16.99761194,,,26/09/2016
010.033-16.99761195,,,26/09/2016
010.033-16.99761196,,,26/09/2016
010.033-16.99761197,,,26/09/2016
010.033-16.99761198,,,26/09/2016
010.033-16.99761199,,,26/09/2016
010.033-16.99761200,,,26/09/2016
010.033-16.99761201,,,26/09/2016
010.033-16.99761202,,,26/09/2016
010.033-16.99761203,,,26/09/2016
010.033-16.99761204,,,26/09/2016
010.033-16.99761205,,,26/09/2016
010.033-16.99761206,,,26/09/2016
010.033-16.99761207,,,26/09/2016
010.033-16.99761208,,,26/09/2016
010.033-16.99761209,,,26/09/2016
010.033-16.99761210,,,26/09/2016
010.033-16.99761211,,,26/09/2016
010.033-16.99761212,,,26/09/2016
010.033-16.99761213,,,26/09/2016
010.033-16.99761214,,,26/09/2016
010.033-16.99761215,,,26/09/2016
010.033-16.99761216,,,26/09/2016
010.033-16.99761217,,,26/09/2016
010.033-16.99761218,,,26/09/2016
010.033-16.99761219,,,26/09/2016
010.033-16.99761220,,,26/09/2016
010.033-16.99761221,,,26/09/2016
010.033-16.99761222,,,26/09/2016
010.033-16.99761223,,,26/09/2016
010.033-16.99761224,,,26/09/2016
010.033-16.99761225,,,26/09/2016
010.033-16.99761226,,,26/09/2016
010.033-16.99761227,,,26/09/2016
010.033-16.99761228,,,26/09/2016
010.033-16.99761229,,,26/09/2016
010.033-16.99761230,,,26/09/2016
010.033-16.99761231,,,26/09/2016
010.033-16.99761232,,,26/09/2016
010.033-16.99761233,,,26/09/2016
010.033-16.99761234,,,26/09/2016
010.033-16.99761235,,,26/09/2016
010.033-16.99761236,,,26/09/2016
010.033-16.99761237,,,26/09/2016
010.033-16.99761238,,,26/09/2016
010.033-16.99761239,,,26/09/2016
010.033-16.99761240,,,26/09/2016
010.033-16.99761241,,,26/09/2016
010.033-16.99761242,,,26/09/2016
010.033-16.99761243,,,26/09/2016
010.033-16.99761244,,,26/09/2016
010.033-16.99761245,,,26/09/2016
010.033-16.99761246,,,26/09/2016
010.033-16.99761247,,,26/09/2016
010.033-16.99761248,,,26/09/2016
010.033-16.99761249,,,26/09/2016
010.033-16.99761250,,,26/09/2016
010.033-16.99761251,,,26/09/2016
010.033-16.99761252,,,26/09/2016
010.033-16.99761253,,,26/09/2016
010.033-16.99761254,,,26/09/2016
010.033-16.99761255,,,26/09/2016
010.033-16.99761256,,,26/09/2016
010.033-16.99761257,,,26/09/2016
010.033-16.99761258,,,26/09/2016
010.033-16.99761259,,,26/09/2016
010.033-16.99761260,,,26/09/2016
010.033-16.99761261,,,26/09/2016
010.033-16.99761262,,,26/09/2016
010.033-16.99761263,,,26/09/2016
010.033-16.99761264,,,26/09/2016
010.033-16.99761265,,,26/09/2016
010.033-16.99761266,,,26/09/2016
010.033-16.99761267,,,26/09/2016
010.033-16.99761268,,,26/09/2016
010.033-16.99761269,,,26/09/2016
010.033-16.99761270,,,26/09/2016
010.033-16.99761271,,,26/09/2016
010.033-16.99761272,,,26/09/2016
010.033-16.99761273,,,26/09/2016
010.033-16.99761274,,,26/09/2016
010.033-16.99761275,,,26/09/2016
010.033-16.99761276,,,26/09/2016
010.033-16.99761277,,,26/09/2016
010.033-16.99761278,,,26/09/2016
010.033-16.99761279,,,26/09/2016
010.033-16.99761280,,,26/09/2016
010.033-16.99761281,,,26/09/2016
010.033-16.99761282,,,26/09/2016
010.033-16.99761283,,,26/09/2016
010.033-16.99761284,,,26/09/2016
010.033-16.99761285,,,26/09/2016
010.033-16.99761286,,,26/09/2016
010.033-16.99761287,,,26/09/2016
010.033-16.99761288,,,26/09/2016
010.033-16.99761289,,,26/09/2016
010.033-16.99761290,,,26/09/2016
010.033-16.99761291,,,26/09/2016
010.033-16.99761292,,,26/09/2016
010.033-16.99761293,,,26/09/2016
010.033-16.99761294,,,26/09/2016
010.033-16.99761295,,,26/09/2016
010.033-16.99761296,,,26/09/2016
010.033-16.99761297,,,26/09/2016
010.033-16.99761298,,,26/09/2016
010.033-16.99761299,,,26/09/2016
010.033-16.99761300,,,26/09/2016
010.033-16.99761301,,,26/09/2016
010.033-16.99761302,,,26/09/2016
010.033-16.99761303,,,26/09/2016
010.033-16.99761304,,,26/09/2016
010.033-16.99761305,,,26/09/2016
010.033-16.99761306,,,26/09/2016
010.033-16.99761307,,,26/09/2016
010.033-16.99761308,,,26/09/2016
010.033-16.99762682,,,26/09/2016
010.033-16.99762683,,,26/09/2016
010.033-16.99762684,,,26/09/2016
010.033-16.99762685,,,26/09/2016
010.033-16.99762686,,,26/09/2016
010.033-16.99762687,,,26/09/2016
010.033-16.99762688,,,26/09/2016
010.033-16.99762689,,,26/09/2016
010.033-16.99762690,,,26/09/2016
010.033-16.99762691,,,26/09/2016
010.033-16.99762692,,,26/09/2016
010.033-16.99762693,,,26/09/2016
010.033-16.99762694,,,26/09/2016
010.033-16.99762695,,,26/09/2016
010.033-16.99762696,,,26/09/2016
010.033-16.99762697,,,26/09/2016
010.033-16.99762698,,,26/09/2016
010.033-16.99762699,,,26/09/2016
010.033-16.99762700,,,26/09/2016
010.033-16.99762701,,,26/09/2016
010.033-16.99762702,,,26/09/2016
010.033-16.99762703,,,26/09/2016
010.033-16.99762704,,,26/09/2016
010.033-16.99762705,,,26/09/2016
010.033-16.99762706,,,26/09/2016
010.033-16.99762707,,,26/09/2016
010.033-16.99762708,,,26/09/2016
010.033-16.99762709,,,26/09/2016
010.033-16.99762710,,,26/09/2016
010.033-16.99762711,,,26/09/2016
010.033-16.99762712,,,26/09/2016
010.033-16.99762713,,,26/09/2016
010.033-16.99762714,,,26/09/2016
010.033-16.99762715,,,26/09/2016
010.033-16.99762716,,,26/09/2016
010.033-16.99762717,,,26/09/2016
010.033-16.99762718,,,26/09/2016
010.033-16.99762719,,,26/09/2016
010.033-16.99762720,,,26/09/2016
010.033-16.99762721,,,26/09/2016
010.033-16.99762722,,,26/09/2016
010.033-16.99762723,,,26/09/2016
010.033-16.99762724,,,26/09/2016
010.033-16.99762725,,,26/09/2016
010.033-16.99762726,,,26/09/2016
010.033-16.99762727,,,26/09/2016
010.033-16.99762728,,,26/09/2016
010.033-16.99762729,,,26/09/2016
010.033-16.99762730,,,26/09/2016
010.033-16.99762731,,,26/09/2016
010.033-16.99762732,,,26/09/2016
010.033-16.99762733,,,26/09/2016
010.033-16.99762734,,,26/09/2016
010.033-16.99762735,,,26/09/2016
010.033-16.99762736,,,26/09/2016
010.033-16.99762737,,,26/09/2016
010.033-16.99762738,,,26/09/2016
010.033-16.99762739,,,26/09/2016
010.033-16.99762740,,,26/09/2016
010.033-16.99762741,,,26/09/2016
010.033-16.99762742,,,26/09/2016
010.033-16.99762743,,,26/09/2016
010.033-16.99762744,,,26/09/2016
010.033-16.99762745,,,26/09/2016
010.033-16.99762746,,,26/09/2016
010.033-16.99762747,,,26/09/2016
010.033-16.99762748,,,26/09/2016
010.033-16.99762749,,,26/09/2016
010.033-16.99762750,,,26/09/2016
010.033-16.99762751,,,26/09/2016
010.033-16.99762752,,,26/09/2016
010.033-16.99762753,,,26/09/2016
010.033-16.99762754,,,26/09/2016
010.033-16.99762755,,,26/09/2016
010.033-16.99762756,,,26/09/2016
010.033-16.99762757,,,26/09/2016
010.033-16.99762758,,,26/09/2016
010.033-16.99762759,,,26/09/2016
010.033-16.99762760,,,26/09/2016
010.033-16.99762761,,,26/09/2016
010.033-16.99762762,,,26/09/2016
010.033-16.99762763,,,26/09/2016
010.033-16.99762764,,,26/09/2016
010.033-16.99762765,,,26/09/2016
010.033-16.99762766,,,26/09/2016
010.033-16.99762767,,,26/09/2016
010.033-16.99762768,,,26/09/2016
010.033-16.99762769,,,26/09/2016
010.033-16.99762770,,,26/09/2016
010.033-16.99762771,,,26/09/2016
010.033-16.99762772,,,26/09/2016
010.033-16.99762773,,,26/09/2016
010.033-16.99762774,,,26/09/2016
010.033-16.99762775,,,26/09/2016
010.033-16.99762776,,,26/09/2016
010.033-16.99762777,,,26/09/2016
010.033-16.99762778,,,26/09/2016
010.033-16.99762779,,,26/09/2016
010.033-16.99762780,,,26/09/2016
010.033-16.99762781,,,26/09/2016
010.033-16.99762782,,,26/09/2016
010.033-16.99762783,,,26/09/2016
010.033-16.99762784,,,26/09/2016
010.033-16.99762785,,,26/09/2016
010.033-16.99762786,,,26/09/2016
010.033-16.99762787,,,26/09/2016
010.033-16.99762788,,,26/09/2016
010.033-16.99762789,,,26/09/2016
010.033-16.99762790,,,26/09/2016
010.033-16.99762791,,,26/09/2016
010.033-16.99762792,,,26/09/2016
010.033-16.99762793,,,26/09/2016
010.033-16.99762794,,,26/09/2016
010.033-16.99762795,,,26/09/2016
010.033-16.99762796,,,26/09/2016
010.033-16.99762797,,,26/09/2016
010.033-16.99762798,,,26/09/2016
010.033-16.99762799,,,26/09/2016
010.033-16.99762800,,,26/09/2016
010.033-16.99762801,,,26/09/2016
010.033-16.99762802,,,26/09/2016
010.033-16.99762803,,,26/09/2016
010.033-16.99762804,,,26/09/2016
010.033-16.99762805,,,26/09/2016
010.033-16.99762806,,,26/09/2016
010.033-16.99762807,,,26/09/2016
010.033-16.99762808,,,26/09/2016
010.033-16.99762809,,,26/09/2016
010.033-16.99762810,,,26/09/2016
010.033-16.99762811,,,26/09/2016
010.033-16.99762812,,,26/09/2016
010.033-16.99762813,,,26/09/2016
010.033-16.99762814,,,26/09/2016
010.033-16.99762815,,,26/09/2016
010.033-16.99762816,,,26/09/2016
010.033-16.99762817,,,26/09/2016
010.033-16.99762818,,,26/09/2016
010.033-16.99762819,,,26/09/2016
010.033-16.99762820,,,26/09/2016
010.033-16.99762821,,,26/09/2016
010.033-16.99762822,,,26/09/2016
010.033-16.99762823,,,26/09/2016
010.033-16.99762824,,,26/09/2016
010.033-16.99762825,,,26/09/2016
010.033-16.99762826,,,26/09/2016
010.033-16.99762827,,,26/09/2016
010.033-16.99762828,,,26/09/2016
010.033-16.99762829,,,26/09/2016
010.033-16.99762830,,,26/09/2016
010.033-16.99762831,,,26/09/2016
010.033-16.99762832,,,26/09/2016
010.033-16.99762833,,,26/09/2016
010.033-16.99762834,,,26/09/2016
010.033-16.99762835,,,26/09/2016
010.033-16.99762836,,,26/09/2016
010.033-16.99762837,,,26/09/2016
010.033-16.99762838,,,26/09/2016
010.033-16.99762839,,,26/09/2016
010.033-16.99762840,,,26/09/2016
010.033-16.99762841,,,26/09/2016
010.033-16.99762842,,,26/09/2016
010.033-16.99762843,,,26/09/2016
010.033-16.99762844,,,26/09/2016
010.033-16.99762845,,,26/09/2016
010.033-16.99762846,,,26/09/2016
010.033-16.99762847,,,26/09/2016
010.033-16.99762848,,,26/09/2016
010.033-16.99762849,,,26/09/2016
010.033-16.99762850,,,26/09/2016
010.033-16.99762851,,,26/09/2016
010.033-16.99762852,,,26/09/2016
010.033-16.99762853,,,26/09/2016
010.033-16.99762854,,,26/09/2016
010.033-16.99762855,,,26/09/2016
010.033-16.99762856,,,26/09/2016
010.033-16.99762857,,,26/09/2016
010.033-16.99762858,,,26/09/2016
010.033-16.99762859,,,26/09/2016
010.033-16.99762860,,,26/09/2016
010.033-16.99762861,,,26/09/2016
010.033-16.99762862,,,26/09/2016
010.033-16.99762863,,,26/09/2016
010.033-16.99762864,,,26/09/2016
010.033-16.99762865,,,26/09/2016
010.033-16.99762866,,,26/09/2016
010.033-16.99762867,,,26/09/2016
010.033-16.99762868,,,26/09/2016
010.033-16.99762869,,,26/09/2016
010.033-16.99762870,,,26/09/2016
010.033-16.99762871,,,26/09/2016
010.033-16.99762872,,,26/09/2016
010.033-16.99762873,,,26/09/2016
010.033-16.99762874,,,26/09/2016
010.033-16.99762875,,,26/09/2016
010.033-16.99762876,,,26/09/2016
010.033-16.99762877,,,26/09/2016
010.033-16.99762878,,,26/09/2016
010.033-16.99762879,,,26/09/2016
010.033-16.99762880,,,26/09/2016
010.033-16.99762881,,,26/09/2016
010.033-16.99762882,,,26/09/2016
010.033-16.99762883,,,26/09/2016
010.033-16.99762884,,,26/09/2016
010.033-16.99762885,,,26/09/2016
010.033-16.99762886,,,26/09/2016
010.033-16.99762887,,,26/09/2016
010.033-16.99762888,,,26/09/2016
010.033-16.99762889,,,26/09/2016
010.033-16.99762890,,,26/09/2016
010.033-16.99762891,,,26/09/2016
010.033-16.99762892,,,26/09/2016
010.033-16.99762893,,,26/09/2016
010.033-16.99762894,,,26/09/2016
010.033-16.99762895,,,26/09/2016
010.033-16.99762896,,,26/09/2016
010.033-16.99762897,,,26/09/2016
010.033-16.99762898,,,26/09/2016
010.033-16.99762899,,,26/09/2016
010.033-16.99762900,,,26/09/2016
010.033-16.99762901,,,26/09/2016
010.033-16.99762902,,,26/09/2016
010.033-16.99762903,,,26/09/2016
010.033-16.99762904,,,26/09/2016
010.033-16.99762905,,,26/09/2016
010.033-16.99762906,,,26/09/2016
010.033-16.99762907,,,26/09/2016
010.033-16.99762908,,,26/09/2016
010.033-16.99762909,,,26/09/2016
010.033-16.99762910,,,26/09/2016
010.033-16.99762911,,,26/09/2016
010.033-16.99762912,,,26/09/2016
010.033-16.99762913,,,26/09/2016
010.033-16.99762914,,,26/09/2016
010.033-16.99762915,,,26/09/2016
010.033-16.99762916,,,26/09/2016
010.033-16.99762917,,,26/09/2016
010.033-16.99762918,,,26/09/2016
010.033-16.99762919,,,26/09/2016
010.033-16.99762920,,,26/09/2016
010.033-16.99762921,,,26/09/2016
010.033-16.99762922,,,26/09/2016
010.033-16.99762923,,,26/09/2016
010.033-16.99762924,,,26/09/2016
010.033-16.99762925,,,26/09/2016
010.033-16.99762926,,,26/09/2016
010.033-16.99762927,,,26/09/2016
010.033-16.99762928,,,26/09/2016
010.033-16.99762929,,,26/09/2016
010.033-16.99762930,,,26/09/2016
010.033-16.99762931,,,26/09/2016
010.033-16.99762932,,,26/09/2016
010.033-16.99762933,,,26/09/2016
010.033-16.99762934,,,26/09/2016
010.033-16.99762935,,,26/09/2016
010.033-16.99762936,,,26/09/2016
010.033-16.99762937,,,26/09/2016
010.033-16.99762938,,,26/09/2016
010.033-16.99762939,,,26/09/2016
010.033-16.99762940,,,26/09/2016
010.033-16.99762941,,,26/09/2016
010.033-16.99762942,,,26/09/2016
010.033-16.99762943,,,26/09/2016
010.033-16.99762944,,,26/09/2016
010.033-16.99762945,,,26/09/2016
010.033-16.99762946,,,26/09/2016
010.033-16.99762947,,,26/09/2016
010.033-16.99762948,,,26/09/2016
010.033-16.99762949,,,26/09/2016
010.033-16.99762950,,,26/09/2016
010.033-16.99762951,,,26/09/2016
010.033-16.99762952,,,26/09/2016
010.033-16.99762953,,,26/09/2016
010.033-16.99762954,,,26/09/2016
010.033-16.99762955,,,26/09/2016
010.033-16.99762956,,,26/09/2016
010.033-16.99762957,,,26/09/2016
010.033-16.99762958,,,26/09/2016
010.033-16.99762959,,,26/09/2016
010.033-16.99762960,,,26/09/2016
010.033-16.99762961,,,26/09/2016
010.033-16.99762962,,,26/09/2016
010.033-16.99762963,,,26/09/2016
010.033-16.99762964,,,26/09/2016
010.033-16.99762965,,,26/09/2016
010.033-16.99762966,,,26/09/2016
010.033-16.99762967,,,26/09/2016
010.033-16.99762968,,,26/09/2016
010.033-16.99762969,,,26/09/2016
010.033-16.99762970,,,26/09/2016
010.033-16.99762971,,,26/09/2016
010.033-16.99762972,,,26/09/2016
010.033-16.99762973,,,26/09/2016
010.033-16.99762974,,,26/09/2016
010.033-16.99762975,,,26/09/2016
010.033-16.99762976,,,26/09/2016
010.033-16.99762977,,,26/09/2016
010.033-16.99762978,,,26/09/2016
010.033-16.99762979,,,26/09/2016
010.033-16.99762980,,,26/09/2016
010.033-16.99762981,,,26/09/2016
010.033-16.99762982,,,26/09/2016
010.033-16.99762983,,,26/09/2016
010.033-16.99762984,,,26/09/2016
010.033-16.99762985,,,26/09/2016
010.033-16.99762986,,,26/09/2016
010.033-16.99762987,,,26/09/2016
010.033-16.99762988,,,26/09/2016
010.033-16.99762989,,,26/09/2016
010.033-16.99762990,,,26/09/2016
010.033-16.99762991,,,26/09/2016
010.033-16.99762992,,,26/09/2016
010.033-16.99762993,,,26/09/2016
010.033-16.99762994,,,26/09/2016
010.033-16.99762995,,,26/09/2016
010.033-16.99762996,,,26/09/2016
010.033-16.99762997,,,26/09/2016
010.033-16.99762998,,,26/09/2016
010.033-16.99762999,,,26/09/2016
010.033-16.99763000,,,26/09/2016
010.033-16.99763001,,,26/09/2016
010.033-16.99763002,,,26/09/2016
010.033-16.99763003,,,26/09/2016
010.033-16.99763004,,,26/09/2016
010.033-16.99763005,,,26/09/2016
010.033-16.99763006,,,26/09/2016
010.033-16.99763007,,,26/09/2016
010.033-16.99763008,,,26/09/2016
010.033-16.99763009,,,26/09/2016
010.033-16.99763010,,,26/09/2016
010.033-16.99763011,,,26/09/2016
010.033-16.99763012,,,26/09/2016
010.033-16.99763013,,,26/09/2016
010.033-16.99763014,,,26/09/2016
010.033-16.99763015,,,26/09/2016
010.033-16.99763016,,,26/09/2016
010.033-16.99763017,,,26/09/2016
010.033-16.99763018,,,26/09/2016
010.033-16.99763019,,,26/09/2016
010.033-16.99763020,,,26/09/2016
010.033-16.99763021,,,26/09/2016
010.033-16.99763022,,,26/09/2016
010.033-16.99763023,,,26/09/2016
010.033-16.99763024,,,26/09/2016
010.033-16.99763025,,,26/09/2016
010.033-16.99763026,,,26/09/2016
010.033-16.99763027,,,26/09/2016
010.033-16.99763028,,,26/09/2016
010.033-16.99763029,,,26/09/2016
010.033-16.99763030,,,26/09/2016
010.033-16.99763031,,,26/09/2016
010.033-16.99763032,,,26/09/2016
010.033-16.99763033,,,26/09/2016
010.033-16.99761309,,,26/09/2016
010.033-16.99761310,,,26/09/2016
010.033-16.99761311,,,26/09/2016
010.033-16.99761312,,,26/09/2016
010.033-16.99761313,,,26/09/2016
010.033-16.99761314,,,26/09/2016
010.033-16.99761315,,,26/09/2016
010.033-16.99761316,,,26/09/2016
010.033-16.99761317,,,26/09/2016
010.033-16.99761318,,,26/09/2016
010.033-16.99761319,,,26/09/2016
010.033-16.99761320,,,26/09/2016
010.033-16.99761321,,,26/09/2016
010.033-16.99761322,,,26/09/2016
010.033-16.99761323,,,26/09/2016
010.033-16.99761324,,,26/09/2016
010.033-16.99761325,,,26/09/2016
010.033-16.99761326,,,26/09/2016
010.033-16.99761327,,,26/09/2016
010.033-16.99761328,,,26/09/2016
010.033-16.99761329,,,26/09/2016
010.033-16.99761330,,,26/09/2016
010.033-16.99761331,,,26/09/2016
010.033-16.99761332,,,26/09/2016
010.033-16.99761333,,,26/09/2016
010.033-16.99761334,,,26/09/2016
010.033-16.99761335,,,26/09/2016
010.033-16.99761336,,,26/09/2016
010.033-16.99761337,,,26/09/2016
010.033-16.99761338,,,26/09/2016
010.033-16.99761339,,,26/09/2016
010.033-16.99761340,,,26/09/2016
010.033-16.99761341,,,26/09/2016
010.033-16.99761342,,,26/09/2016
010.033-16.99761343,,,26/09/2016
010.033-16.99761344,,,26/09/2016
010.033-16.99761345,,,26/09/2016
010.033-16.99761346,,,26/09/2016
010.033-16.99761347,,,26/09/2016
010.033-16.99761348,,,26/09/2016
010.033-16.99761349,,,26/09/2016
010.033-16.99761350,,,26/09/2016
010.033-16.99761351,,,26/09/2016
010.033-16.99761352,,,26/09/2016
010.033-16.99761353,,,26/09/2016
010.033-16.99761354,,,26/09/2016
010.033-16.99761355,,,26/09/2016
010.033-16.99761356,,,26/09/2016
010.033-16.99761357,,,26/09/2016
010.033-16.99761358,,,26/09/2016
010.033-16.99761359,,,26/09/2016
010.033-16.99761360,,,26/09/2016
010.033-16.99761361,,,26/09/2016
010.033-16.99761362,,,26/09/2016
010.033-16.99761363,,,26/09/2016
010.033-16.99761364,,,26/09/2016
010.033-16.99761365,,,26/09/2016
010.033-16.99761366,,,26/09/2016
010.033-16.99761367,,,26/09/2016
010.033-16.99761368,,,26/09/2016
010.033-16.99761369,,,26/09/2016
010.033-16.99761370,,,26/09/2016
010.033-16.99761371,,,26/09/2016
010.033-16.99761372,,,26/09/2016
010.033-16.99761373,,,26/09/2016
010.033-16.99761374,,,26/09/2016
010.033-16.99761375,,,26/09/2016
010.033-16.99761376,,,26/09/2016
010.033-16.99761377,,,26/09/2016
010.033-16.99761378,,,26/09/2016
010.033-16.99761379,,,26/09/2016
010.033-16.99761380,,,26/09/2016
010.033-16.99761381,,,26/09/2016
010.033-16.99761382,,,26/09/2016
010.033-16.99761383,,,26/09/2016
010.033-16.99761384,,,26/09/2016
010.033-16.99761385,,,26/09/2016
010.033-16.99761386,,,26/09/2016
010.033-16.99761387,,,26/09/2016
010.033-16.99761388,,,26/09/2016
010.033-16.99761389,,,26/09/2016
010.033-16.99761390,,,26/09/2016
010.033-16.99761391,,,26/09/2016
010.033-16.99761392,,,26/09/2016
010.033-16.99761393,,,26/09/2016
010.033-16.99761394,,,26/09/2016
010.033-16.99761395,,,26/09/2016
010.033-16.99761396,,,26/09/2016
010.033-16.99763034,,,26/09/2016
010.033-16.99763035,,,26/09/2016
010.033-16.99763036,,,26/09/2016
010.033-16.99763037,,,26/09/2016
010.033-16.99763038,,,26/09/2016
010.033-16.99763039,,,26/09/2016
010.033-16.99763040,,,26/09/2016
010.033-16.99763041,,,26/09/2016
010.033-16.99763042,,,26/09/2016
010.033-16.99763043,,,26/09/2016
010.033-16.99763044,,,26/09/2016
010.033-16.99763045,,,26/09/2016
010.033-16.99763046,,,26/09/2016
010.033-16.99763047,,,26/09/2016
010.033-16.99763048,,,26/09/2016
010.033-16.99763049,,,26/09/2016
010.033-16.99763050,,,26/09/2016
010.033-16.99763051,,,26/09/2016
010.033-16.99763052,,,26/09/2016
010.033-16.99763053,,,26/09/2016
010.033-16.99763054,,,26/09/2016
010.033-16.99763055,,,26/09/2016
010.033-16.99763056,,,26/09/2016
010.033-16.99763057,,,26/09/2016
010.033-16.99763058,,,26/09/2016
010.033-16.99763059,,,26/09/2016
010.033-16.99763060,,,26/09/2016
010.033-16.99763061,,,26/09/2016
010.033-16.99763062,,,26/09/2016
010.033-16.99763063,,,26/09/2016
010.033-16.99763064,,,26/09/2016
010.033-16.99763065,,,26/09/2016
010.033-16.99763066,,,26/09/2016
010.033-16.99763067,,,26/09/2016
010.033-16.99763068,,,26/09/2016
010.033-16.99763069,,,26/09/2016
010.033-16.99763070,,,26/09/2016
010.033-16.99763071,,,26/09/2016
010.033-16.99763072,,,26/09/2016
010.033-16.99763073,,,26/09/2016
010.033-16.99763074,,,26/09/2016
010.033-16.99763075,,,26/09/2016
010.033-16.99763076,,,26/09/2016
010.033-16.99763077,,,26/09/2016
010.033-16.99763078,,,26/09/2016
010.033-16.99763079,,,26/09/2016
010.033-16.99763080,,,26/09/2016
010.033-16.99763081,,,26/09/2016
010.033-16.99763082,,,26/09/2016
010.033-16.99763083,,,26/09/2016
010.033-16.99763084,,,26/09/2016
010.033-16.99763085,,,26/09/2016
010.033-16.99763086,,,26/09/2016
010.033-16.99763087,,,26/09/2016
010.033-16.99763088,,,26/09/2016
010.033-16.99763089,,,26/09/2016
010.033-16.99763090,,,26/09/2016
010.033-16.99763091,,,26/09/2016
010.033-16.99763092,,,26/09/2016
010.033-16.99763093,,,26/09/2016
010.033-16.99763094,,,26/09/2016
010.033-16.99763095,,,26/09/2016
010.033-16.99763096,,,26/09/2016
010.033-16.99763097,,,26/09/2016
010.033-16.99763098,,,26/09/2016
010.033-16.99763099,,,26/09/2016
010.033-16.99763100,,,26/09/2016
010.033-16.99763101,,,26/09/2016
010.033-16.99763102,,,26/09/2016
010.033-16.99763103,,,26/09/2016
010.033-16.99763104,,,26/09/2016
010.033-16.99763105,,,26/09/2016
010.033-16.99763106,,,26/09/2016
010.033-16.99763107,,,26/09/2016
010.033-16.99763108,,,26/09/2016
010.033-16.99763109,,,26/09/2016
010.033-16.99763110,,,26/09/2016
010.033-16.99763111,,,26/09/2016
010.033-16.99763112,,,26/09/2016
010.033-16.99763113,,,26/09/2016
010.033-16.99763114,,,26/09/2016
010.033-16.99763115,,,26/09/2016
010.033-16.99763116,,,26/09/2016
010.033-16.99763117,,,26/09/2016
010.033-16.99763118,,,26/09/2016
010.033-16.99763119,,,26/09/2016
010.033-16.99763120,,,26/09/2016
010.033-16.99763121,,,26/09/2016
010.033-16.99761397,,,26/09/2016
010.033-16.99761398,,,26/09/2016
010.033-16.99761399,,,26/09/2016
010.033-16.99761400,,,26/09/2016
010.033-16.99761401,,,26/09/2016
010.033-16.99761402,,,26/09/2016
010.033-16.99761403,,,26/09/2016
010.033-16.99761404,,,26/09/2016
010.033-16.99761405,,,26/09/2016
010.033-16.99761406,,,26/09/2016
010.033-16.99761407,,,26/09/2016
010.033-16.99761408,,,26/09/2016
010.033-16.99761409,,,26/09/2016
010.033-16.99761410,,,26/09/2016
010.033-16.99761411,,,26/09/2016
010.033-16.99761412,,,26/09/2016
010.033-16.99761413,,,26/09/2016
010.033-16.99761414,,,26/09/2016
010.033-16.99761415,,,26/09/2016
010.033-16.99761416,,,26/09/2016
010.033-16.99761417,,,26/09/2016
010.033-16.99761418,,,26/09/2016
010.033-16.99761419,,,26/09/2016
010.033-16.99761420,,,26/09/2016
010.033-16.99761421,,,26/09/2016
010.033-16.99761422,,,26/09/2016
010.033-16.99761423,,,26/09/2016
010.033-16.99761424,,,26/09/2016
010.033-16.99761425,,,26/09/2016
010.033-16.99761426,,,26/09/2016
010.033-16.99761427,,,26/09/2016
010.033-16.99761428,,,26/09/2016
010.033-16.99761429,,,26/09/2016
010.033-16.99761430,,,26/09/2016
010.033-16.99761431,,,26/09/2016
010.033-16.99761432,,,26/09/2016
010.033-16.99761433,,,26/09/2016
010.033-16.99761434,,,26/09/2016
010.033-16.99761435,,,26/09/2016
010.033-16.99761436,,,26/09/2016
010.033-16.99761437,,,26/09/2016
010.033-16.99761438,,,26/09/2016
010.033-16.99761439,,,26/09/2016
010.033-16.99761440,,,26/09/2016
010.033-16.99761441,,,26/09/2016
010.033-16.99761442,,,26/09/2016
010.033-16.99761443,,,26/09/2016
010.033-16.99761444,,,26/09/2016
010.033-16.99761445,,,26/09/2016
010.033-16.99761446,,,26/09/2016
010.033-16.99761447,,,26/09/2016
010.033-16.99761448,,,26/09/2016
010.033-16.99761449,,,26/09/2016
010.033-16.99761450,,,26/09/2016
010.033-16.99761451,,,26/09/2016
010.033-16.99761452,,,26/09/2016
010.033-16.99761453,,,26/09/2016
010.033-16.99761454,,,26/09/2016
010.033-16.99761455,,,26/09/2016
010.033-16.99761456,,,26/09/2016
010.033-16.99761457,,,26/09/2016
010.033-16.99761458,,,26/09/2016
010.033-16.99761459,,,26/09/2016
010.033-16.99761460,,,26/09/2016
010.033-16.99761461,,,26/09/2016
010.033-16.99761462,,,26/09/2016
010.033-16.99761463,,,26/09/2016
010.033-16.99761464,,,26/09/2016
010.033-16.99761465,,,26/09/2016
010.033-16.99761466,,,26/09/2016
010.033-16.99761467,,,26/09/2016
010.033-16.99761468,,,26/09/2016
010.033-16.99761469,,,26/09/2016
010.033-16.99761470,,,26/09/2016
010.033-16.99761471,,,26/09/2016
010.033-16.99761472,,,26/09/2016
010.033-16.99761473,,,26/09/2016
010.033-16.99761474,,,26/09/2016
010.033-16.99761475,,,26/09/2016
010.033-16.99761476,,,26/09/2016
010.033-16.99761477,,,26/09/2016
010.033-16.99761478,,,26/09/2016
010.033-16.99761479,,,26/09/2016
010.033-16.99761480,,,26/09/2016
010.033-16.99761481,,,26/09/2016
010.033-16.99761482,,,26/09/2016
010.033-16.99761483,,,26/09/2016
010.033-16.99761484,,,26/09/2016
010.033-16.99754643,,,26/09/2016
010.033-16.99754644,,,26/09/2016
010.033-16.99754645,,,26/09/2016
010.033-16.99754646,,,26/09/2016
010.033-16.99754647,,,26/09/2016
010.033-16.99754648,,,26/09/2016
010.033-16.99754649,,,26/09/2016
010.033-16.99754650,,,26/09/2016
010.033-16.99754651,,,26/09/2016
010.033-16.99754652,,,26/09/2016
010.033-16.99754653,,,26/09/2016
010.033-16.99754654,,,26/09/2016
010.033-16.99754655,,,26/09/2016
010.033-16.99754656,,,26/09/2016
010.033-16.99754657,,,26/09/2016
010.033-16.99754658,,,26/09/2016
010.033-16.99754659,,,26/09/2016
010.033-16.99754660,,,26/09/2016
010.033-16.99754661,,,26/09/2016
010.033-16.99754662,,,26/09/2016
010.033-16.99754663,,,26/09/2016
010.033-16.99754664,,,26/09/2016
010.033-16.99754665,,,26/09/2016
010.033-16.99754666,,,26/09/2016
010.033-16.99754667,,,26/09/2016
010.033-16.99754668,,,26/09/2016
010.033-16.99754669,,,26/09/2016
010.033-16.99754670,,,26/09/2016
010.033-16.99754671,,,26/09/2016
010.033-16.99754672,,,26/09/2016
010.033-16.99754673,,,26/09/2016
010.033-16.99754674,,,26/09/2016
010.033-16.99754675,,,26/09/2016
010.033-16.99754676,,,26/09/2016
010.033-16.99754677,,,26/09/2016
010.033-16.99754678,,,26/09/2016
010.033-16.99754679,,,26/09/2016
010.033-16.99754680,,,26/09/2016
010.033-16.99754681,,,26/09/2016
010.033-16.99754682,,,26/09/2016
010.033-16.99754683,,,26/09/2016
010.033-16.99754684,,,26/09/2016
010.033-16.99754685,,,26/09/2016
010.033-16.99754686,,,26/09/2016
010.033-16.99754687,,,26/09/2016
010.033-16.99754688,,,26/09/2016
010.033-16.99754689,,,26/09/2016
010.033-16.99754690,,,26/09/2016
010.033-16.99754691,,,26/09/2016
010.033-16.99754692,,,26/09/2016
010.033-16.99754693,,,26/09/2016
010.033-16.99754694,,,26/09/2016
010.033-16.99754695,,,26/09/2016
010.033-16.99754696,,,26/09/2016
010.033-16.99754697,,,26/09/2016
010.033-16.99754698,,,26/09/2016
010.033-16.99754699,,,26/09/2016
010.033-16.99754700,,,26/09/2016
010.033-16.99754701,,,26/09/2016
010.033-16.99754702,,,26/09/2016
010.033-16.99754703,,,26/09/2016
010.033-16.99754704,,,26/09/2016
010.033-16.99754705,,,26/09/2016
010.033-16.99754706,,,26/09/2016
010.033-16.99754707,,,26/09/2016
010.033-16.99754708,,,26/09/2016
010.033-16.99754709,,,26/09/2016
010.033-16.99754710,,,26/09/2016
010.033-16.99754711,,,26/09/2016
010.033-16.99754712,,,26/09/2016
010.033-16.99754713,,,26/09/2016
010.033-16.99754714,,,26/09/2016
010.033-16.99754715,,,26/09/2016
010.033-16.99754716,,,26/09/2016
010.033-16.99754717,,,26/09/2016
010.033-16.99754718,,,26/09/2016
010.033-16.99754719,,,26/09/2016
010.033-16.99754720,,,26/09/2016
010.033-16.99754721,,,26/09/2016
010.033-16.99754722,,,26/09/2016
010.033-16.99754723,,,26/09/2016
010.033-16.99754724,,,26/09/2016
010.033-16.99754725,,,26/09/2016
010.033-16.99754726,,,26/09/2016
010.033-16.99754727,,,26/09/2016
010.033-16.99754728,,,26/09/2016
010.033-16.99754729,,,26/09/2016
010.033-16.99754730,,,26/09/2016
010.033-16.99754731,,,26/09/2016
010.033-16.99754732,,,26/09/2016
010.033-16.99754733,,,26/09/2016
010.033-16.99754734,,,26/09/2016
010.033-16.99754735,,,26/09/2016
010.033-16.99754736,,,26/09/2016
010.033-16.99754737,,,26/09/2016
010.033-16.99754738,,,26/09/2016
010.033-16.99754739,,,26/09/2016
010.033-16.99754740,,,26/09/2016
010.033-16.99754741,,,26/09/2016
010.033-16.99754742,,,26/09/2016
010.033-16.99754743,,,26/09/2016
010.033-16.99754744,,,26/09/2016
010.033-16.99754745,,,26/09/2016
010.033-16.99754746,,,26/09/2016
010.033-16.99754747,,,26/09/2016
010.033-16.99754748,,,26/09/2016
010.033-16.99754749,,,26/09/2016
010.033-16.99754750,,,26/09/2016
010.033-16.99754751,,,26/09/2016
010.033-16.99754752,,,26/09/2016
010.033-16.99754753,,,26/09/2016
010.033-16.99754754,,,26/09/2016
010.033-16.99754755,,,26/09/2016
010.033-16.99754756,,,26/09/2016
010.033-16.99754757,,,26/09/2016
010.033-16.99754758,,,26/09/2016
010.033-16.99754759,,,26/09/2016
010.033-16.99754760,,,26/09/2016
010.033-16.99754761,,,26/09/2016
010.033-16.99754762,,,26/09/2016
010.033-16.99754763,,,26/09/2016
010.033-16.99754764,,,26/09/2016
010.033-16.99754765,,,26/09/2016
010.033-16.99754766,,,26/09/2016
010.033-16.99754767,,,26/09/2016
010.033-16.99754768,,,26/09/2016
010.033-16.99754769,,,26/09/2016
010.033-16.99754770,,,26/09/2016
010.033-16.99754771,,,26/09/2016
010.033-16.99754772,,,26/09/2016
010.033-16.99754773,,,26/09/2016
010.033-16.99754774,,,26/09/2016
010.033-16.99754775,,,26/09/2016
010.033-16.99754776,,,26/09/2016
010.033-16.99754777,,,26/09/2016
010.033-16.99754778,,,26/09/2016
010.033-16.99754779,,,26/09/2016
010.033-16.99754780,,,26/09/2016
010.033-16.99754781,,,26/09/2016
010.033-16.99754782,,,26/09/2016
010.033-16.99754783,,,26/09/2016
010.033-16.99754784,,,26/09/2016
010.033-16.99754785,,,26/09/2016
010.033-16.99754786,,,26/09/2016
010.033-16.99754787,,,26/09/2016
010.033-16.99754788,,,26/09/2016
010.033-16.99754789,,,26/09/2016
010.033-16.99754790,,,26/09/2016
010.033-16.99754791,,,26/09/2016
010.033-16.99754792,,,26/09/2016
010.033-16.99754793,,,26/09/2016
010.033-16.99754794,,,26/09/2016
010.033-16.99754795,,,26/09/2016
010.033-16.99754796,,,26/09/2016
010.033-16.99754797,,,26/09/2016
010.033-16.99754798,,,26/09/2016
010.033-16.99754799,,,26/09/2016
010.033-16.99754800,,,26/09/2016
010.033-16.99754801,,,26/09/2016
010.033-16.99754802,,,26/09/2016
010.033-16.99754803,,,26/09/2016
010.033-16.99754804,,,26/09/2016
010.033-16.99754805,,,26/09/2016
010.033-16.99754806,,,26/09/2016
010.033-16.99754807,,,26/09/2016
010.033-16.99754808,,,26/09/2016
010.033-16.99754809,,,26/09/2016
010.033-16.99754810,,,26/09/2016
010.033-16.99754811,,,26/09/2016
010.033-16.99754812,,,26/09/2016
010.033-16.99754813,,,26/09/2016
010.033-16.99754814,,,26/09/2016
010.033-16.99754815,,,26/09/2016
010.033-16.99754816,,,26/09/2016
010.033-16.99754817,,,26/09/2016
010.033-16.99754818,,,26/09/2016
010.033-16.99754819,,,26/09/2016
010.033-16.99754820,,,26/09/2016
010.033-16.99754821,,,26/09/2016
010.033-16.99754822,,,26/09/2016
010.033-16.99754823,,,26/09/2016
010.033-16.99754824,,,26/09/2016
010.033-16.99754825,,,26/09/2016
010.033-16.99754826,,,26/09/2016
010.033-16.99754827,,,26/09/2016
010.033-16.99754828,,,26/09/2016
010.033-16.99754829,,,26/09/2016
010.033-16.99754830,,,26/09/2016
010.033-16.99754831,,,26/09/2016
010.033-16.99754832,,,26/09/2016
010.033-16.99754833,,,26/09/2016
010.033-16.99754834,,,26/09/2016
010.033-16.99754835,,,26/09/2016
010.033-16.99754836,,,26/09/2016
010.033-16.99754837,,,26/09/2016
010.033-16.99754838,,,26/09/2016
010.033-16.99754839,,,26/09/2016
010.033-16.99754840,,,26/09/2016
010.033-16.99754841,,,26/09/2016
010.033-16.99754842,,,26/09/2016
010.033-16.99754843,,,26/09/2016
010.033-16.99754844,,,26/09/2016
010.033-16.99754845,,,26/09/2016
010.033-16.99754846,,,26/09/2016
010.033-16.99754847,,,26/09/2016
010.033-16.99754848,,,26/09/2016
010.033-16.99754849,,,26/09/2016
010.033-16.99754850,,,26/09/2016
010.033-16.99754851,,,26/09/2016
010.033-16.99754852,,,26/09/2016
010.033-16.99754853,,,26/09/2016
010.033-16.99754854,,,26/09/2016
010.033-16.99754855,,,26/09/2016
010.033-16.99754856,,,26/09/2016
010.033-16.99754857,,,26/09/2016
010.033-16.99754858,,,26/09/2016
010.033-16.99754859,,,26/09/2016
010.033-16.99754860,,,26/09/2016
010.033-16.99754861,,,26/09/2016
010.033-16.99754862,,,26/09/2016
010.033-16.99754863,,,26/09/2016
010.033-16.99754864,,,26/09/2016
010.033-16.99754865,,,26/09/2016
010.033-16.99754866,,,26/09/2016
010.033-16.99754867,,,26/09/2016
010.033-16.99754868,,,26/09/2016
010.033-16.99754869,,,26/09/2016
010.033-16.99754870,,,26/09/2016
010.033-16.99754871,,,26/09/2016
010.033-16.99754872,,,26/09/2016
010.033-16.99754873,,,26/09/2016
010.033-16.99754874,,,26/09/2016
010.033-16.99754875,,,26/09/2016
010.033-16.99754876,,,26/09/2016
010.033-16.99754877,,,26/09/2016
010.033-16.99754878,,,26/09/2016
010.033-16.99754879,,,26/09/2016
010.033-16.99754880,,,26/09/2016
010.033-16.99754881,,,26/09/2016
010.033-16.99754882,,,26/09/2016
010.033-16.99754883,,,26/09/2016
010.033-16.99754884,,,26/09/2016
010.033-16.99754885,,,26/09/2016
010.033-16.99754886,,,26/09/2016
010.033-16.99754887,,,26/09/2016
010.033-16.99754888,,,26/09/2016
010.033-16.99754889,,,26/09/2016
010.033-16.99754890,,,26/09/2016
010.033-16.99754891,,,26/09/2016
010.033-16.99754892,,,26/09/2016
010.033-16.99754893,,,26/09/2016
010.033-16.99754894,,,26/09/2016
010.033-16.99754895,,,26/09/2016
010.033-16.99754896,,,26/09/2016
010.033-16.99754897,,,26/09/2016
010.033-16.99754898,,,26/09/2016
010.033-16.99754899,,,26/09/2016
010.033-16.99754900,,,26/09/2016
010.033-16.99754901,,,26/09/2016
010.033-16.99754902,,,26/09/2016
010.033-16.99754903,,,26/09/2016
010.033-16.99754904,,,26/09/2016
010.033-16.99754905,,,26/09/2016
010.033-16.99754906,,,26/09/2016
010.033-16.99754907,,,26/09/2016
010.033-16.99754908,,,26/09/2016
010.033-16.99754909,,,26/09/2016
010.033-16.99754910,,,26/09/2016
010.033-16.99754911,,,26/09/2016
010.033-16.99754912,,,26/09/2016
010.033-16.99754913,,,26/09/2016
010.033-16.99754914,,,26/09/2016
010.033-16.99754915,,,26/09/2016
010.033-16.99754916,,,26/09/2016
010.033-16.99754917,,,26/09/2016
010.033-16.99754918,,,26/09/2016
010.033-16.99754919,,,26/09/2016
010.033-16.99754920,,,26/09/2016
010.033-16.99754921,,,26/09/2016
010.033-16.99754922,,,26/09/2016
010.033-16.99754923,,,26/09/2016
010.033-16.99754924,,,26/09/2016
010.033-16.99754925,,,26/09/2016
010.033-16.99754926,,,26/09/2016
010.033-16.99754927,,,26/09/2016
010.033-16.99754928,,,26/09/2016
010.033-16.99754929,,,26/09/2016
010.033-16.99754930,,,26/09/2016
010.033-16.99754931,,,26/09/2016
010.033-16.99754932,,,26/09/2016
010.033-16.99754933,,,26/09/2016
010.033-16.99754934,,,26/09/2016
010.033-16.99754935,,,26/09/2016
010.033-16.99754936,,,26/09/2016
010.033-16.99754937,,,26/09/2016
010.033-16.99754938,,,26/09/2016
010.033-16.99754939,,,26/09/2016
010.033-16.99754940,,,26/09/2016
010.033-16.99754941,,,26/09/2016
010.033-16.99754942,,,26/09/2016
010.033-16.99754943,,,26/09/2016
010.033-16.99754944,,,26/09/2016
010.033-16.99754945,,,26/09/2016
010.033-16.99754946,,,26/09/2016
010.033-16.99754947,,,26/09/2016
010.033-16.99754948,,,26/09/2016
010.033-16.99754949,,,26/09/2016
010.033-16.99754950,,,26/09/2016
010.033-16.99754951,,,26/09/2016
010.033-16.99754952,,,26/09/2016
010.033-16.99754953,,,26/09/2016
010.033-16.99754954,,,26/09/2016
010.033-16.99754955,,,26/09/2016
010.033-16.99754956,,,26/09/2016
010.033-16.99754957,,,26/09/2016
010.033-16.99754958,,,26/09/2016
010.033-16.99754959,,,26/09/2016
010.033-16.99754960,,,26/09/2016
010.033-16.99754961,,,26/09/2016
010.033-16.99754962,,,26/09/2016
010.033-16.99754963,,,26/09/2016
010.033-16.99754964,,,26/09/2016
010.033-16.99754965,,,26/09/2016
010.033-16.99754966,,,26/09/2016
010.033-16.99754967,,,26/09/2016
010.033-16.99754968,,,26/09/2016
010.033-16.99754969,,,26/09/2016
010.033-16.99754970,,,26/09/2016
010.033-16.99754971,,,26/09/2016
010.033-16.99754972,,,26/09/2016
010.033-16.99754973,,,26/09/2016
010.033-16.99754974,,,26/09/2016
010.033-16.99754975,,,26/09/2016
010.033-16.99754976,,,26/09/2016
010.033-16.99754977,,,26/09/2016
010.033-16.99754978,,,26/09/2016
010.033-16.99754979,,,26/09/2016
010.033-16.99754980,,,26/09/2016
010.033-16.99754981,,,26/09/2016
010.033-16.99754982,,,26/09/2016
010.033-16.99754983,,,26/09/2016
010.033-16.99754984,,,26/09/2016
010.033-16.99754985,,,26/09/2016
010.033-16.99754986,,,26/09/2016
010.033-16.99754987,,,26/09/2016
010.033-16.99754988,,,26/09/2016
010.033-16.99754989,,,26/09/2016
010.033-16.99754990,,,26/09/2016
010.033-16.99754991,,,26/09/2016
010.033-16.99754992,,,26/09/2016
010.033-16.99754993,,,26/09/2016
010.033-16.99754994,,,26/09/2016
010.033-16.99754995,,,26/09/2016
010.033-16.99754996,,,26/09/2016
010.033-16.99754997,,,26/09/2016
010.033-16.99754998,,,26/09/2016
010.033-16.99754999,,,26/09/2016
010.033-16.99755000,,,26/09/2016
010.033-16.99755001,,,26/09/2016
010.033-16.99755002,,,26/09/2016
010.033-16.99755003,,,26/09/2016
010.033-16.99755004,,,26/09/2016
010.033-16.99755005,,,26/09/2016
010.033-16.99755006,,,26/09/2016
010.033-16.99755007,,,26/09/2016
010.033-16.99755008,,,26/09/2016
010.033-16.99755009,,,26/09/2016
010.033-16.99755010,,,26/09/2016
010.033-16.99755011,,,26/09/2016
010.033-16.99755012,,,26/09/2016
010.033-16.99755013,,,26/09/2016
010.033-16.99755014,,,26/09/2016
010.033-16.99755015,,,26/09/2016
010.033-16.99755016,,,26/09/2016
010.033-16.99755017,,,26/09/2016
010.033-16.99755018,,,26/09/2016
010.033-16.99755019,,,26/09/2016
010.033-16.99755020,,,26/09/2016
010.033-16.99755021,,,26/09/2016
010.033-16.99755022,,,26/09/2016
010.033-16.99755023,,,26/09/2016
010.033-16.99755024,,,26/09/2016
010.033-16.99755025,,,26/09/2016
010.033-16.99755026,,,26/09/2016
010.033-16.99755027,,,26/09/2016
010.033-16.99755028,,,26/09/2016
010.033-16.99755029,,,26/09/2016
010.033-16.99755030,,,26/09/2016
010.033-16.99755031,,,26/09/2016
010.033-16.99755032,,,26/09/2016
010.033-16.99755033,,,26/09/2016
010.033-16.99755034,,,26/09/2016
010.033-16.99755035,,,26/09/2016
010.033-16.99755036,,,26/09/2016
010.033-16.99755037,,,26/09/2016
010.033-16.99755038,,,26/09/2016
010.033-16.99755039,,,26/09/2016
010.033-16.99755040,,,26/09/2016
010.033-16.99755041,,,26/09/2016
010.033-16.99755042,,,26/09/2016
010.033-16.99755043,,,26/09/2016
010.033-16.99755044,,,26/09/2016
010.033-16.99755045,,,26/09/2016
010.033-16.99755046,,,26/09/2016
010.033-16.99755047,,,26/09/2016
010.033-16.99755048,,,26/09/2016
010.033-16.99755049,,,26/09/2016
010.033-16.99755050,,,26/09/2016
010.033-16.99755051,,,26/09/2016
010.033-16.99755052,,,26/09/2016
010.033-16.99755053,,,26/09/2016
010.033-16.99755054,,,26/09/2016
010.033-16.99755055,,,26/09/2016
010.033-16.99755056,,,26/09/2016
010.033-16.99755057,,,26/09/2016
010.033-16.99755058,,,26/09/2016
010.033-16.99755059,,,26/09/2016
010.033-16.99755060,,,26/09/2016
010.033-16.99755061,,,26/09/2016
010.033-16.99755062,,,26/09/2016
010.033-16.99755063,,,26/09/2016
010.033-16.99755064,,,26/09/2016
010.033-16.99755065,,,26/09/2016
010.033-16.99755066,,,26/09/2016
010.033-16.99755067,,,26/09/2016
010.033-16.99755068,,,26/09/2016
010.033-16.99755069,,,26/09/2016
010.033-16.99755070,,,26/09/2016
010.033-16.99755071,,,26/09/2016
010.033-16.99755072,,,26/09/2016
010.033-16.99755073,,,26/09/2016
010.033-16.99755074,,,26/09/2016
010.033-16.99755075,,,26/09/2016
010.033-16.99755076,,,26/09/2016
010.033-16.99755077,,,26/09/2016
010.033-16.99755078,,,26/09/2016
010.033-16.99755079,,,26/09/2016
010.033-16.99755080,,,26/09/2016
010.033-16.99755081,,,26/09/2016
010.033-16.99755082,,,26/09/2016
010.033-16.99755083,,,26/09/2016
010.033-16.99755084,,,26/09/2016
010.033-16.99755085,,,26/09/2016
010.033-16.99755086,,,26/09/2016
010.033-16.99755087,,,26/09/2016
010.033-16.99755088,,,26/09/2016
010.033-16.99755089,,,26/09/2016
010.033-16.99755090,,,26/09/2016
010.033-16.99755091,,,26/09/2016
010.033-16.99755092,,,26/09/2016
010.033-16.99755093,,,26/09/2016
010.033-16.99755094,,,26/09/2016
010.033-16.99755095,,,26/09/2016
010.033-16.99755096,,,26/09/2016
010.033-16.99755097,,,26/09/2016
010.033-16.99755098,,,26/09/2016
010.033-16.99755099,,,26/09/2016
010.033-16.99755100,,,26/09/2016
010.033-16.99755101,,,26/09/2016
010.033-16.99755102,,,26/09/2016
010.033-16.99755103,,,26/09/2016
010.033-16.99755104,,,26/09/2016
010.033-16.99755105,,,26/09/2016
010.033-16.99755106,,,26/09/2016
010.033-16.99755107,,,26/09/2016
010.033-16.99755108,,,26/09/2016
010.033-16.99755109,,,26/09/2016
010.033-16.99755110,,,26/09/2016
010.033-16.99755111,,,26/09/2016
010.033-16.99755112,,,26/09/2016
010.033-16.99755113,,,26/09/2016
010.033-16.99755114,,,26/09/2016
010.033-16.99755115,,,26/09/2016
010.033-16.99755116,,,26/09/2016
010.033-16.99755117,,,26/09/2016
010.033-16.99755118,,,26/09/2016
010.033-16.99755119,,,26/09/2016
010.033-16.99755120,,,26/09/2016
010.033-16.99755121,,,26/09/2016
010.033-16.99755122,,,26/09/2016
010.033-16.99755123,,,26/09/2016
010.033-16.99755124,,,26/09/2016
010.033-16.99755125,,,26/09/2016
010.033-16.99755126,,,26/09/2016
010.033-16.99755127,,,26/09/2016
010.033-16.99755128,,,26/09/2016
010.033-16.99755129,,,26/09/2016
010.033-16.99755130,,,26/09/2016
010.033-16.99755131,,,26/09/2016
010.033-16.99755132,,,26/09/2016
010.033-16.99755133,,,26/09/2016
010.033-16.99755134,,,26/09/2016
010.033-16.99755135,,,26/09/2016
010.033-16.99755136,,,26/09/2016
010.033-16.99755137,,,26/09/2016
010.033-16.99755138,,,26/09/2016
010.033-16.99755139,,,26/09/2016
010.033-16.99755140,,,26/09/2016
010.033-16.99755141,,,26/09/2016
010.033-16.99755142,,,26/09/2016
010.033-16.99755143,,,26/09/2016
010.033-16.99755144,,,26/09/2016
010.033-16.99755145,,,26/09/2016
010.033-16.99755146,,,26/09/2016
010.033-16.99755147,,,26/09/2016
010.033-16.99755148,,,26/09/2016
010.033-16.99755149,,,26/09/2016
010.033-16.99755150,,,26/09/2016
010.033-16.99755151,,,26/09/2016
010.033-16.99755152,,,26/09/2016
010.033-16.99755153,,,26/09/2016
010.033-16.99755154,,,26/09/2016
010.033-16.99755155,,,26/09/2016
010.033-16.99755156,,,26/09/2016
010.033-16.99755157,,,26/09/2016
010.033-16.99755158,,,26/09/2016
010.033-16.99755159,,,26/09/2016
010.033-16.99755160,,,26/09/2016
010.033-16.99755161,,,26/09/2016
010.033-16.99755162,,,26/09/2016
010.033-16.99755163,,,26/09/2016
010.033-16.99755164,,,26/09/2016
010.033-16.99755165,,,26/09/2016
010.033-16.99755166,,,26/09/2016
010.033-16.99755167,,,26/09/2016
010.033-16.99755168,,,26/09/2016
010.033-16.99755169,,,26/09/2016
010.033-16.99755170,,,26/09/2016
010.033-16.99755171,,,26/09/2016
010.033-16.99755172,,,26/09/2016
010.033-16.99755173,,,26/09/2016
010.033-16.99755174,,,26/09/2016
010.033-16.99755175,,,26/09/2016
010.033-16.99755176,,,26/09/2016
010.033-16.99755177,,,26/09/2016
010.033-16.99755178,,,26/09/2016
010.033-16.99755179,,,26/09/2016
010.033-16.99755180,,,26/09/2016
010.033-16.99755181,,,26/09/2016
010.033-16.99755182,,,26/09/2016
010.033-16.99755183,,,26/09/2016
010.033-16.99755184,,,26/09/2016
010.033-16.99755185,,,26/09/2016
010.033-16.99755186,,,26/09/2016
010.033-16.99755187,,,26/09/2016
010.033-16.99755188,,,26/09/2016
010.033-16.99755189,,,26/09/2016
010.033-16.99755190,,,26/09/2016
010.033-16.99755191,,,26/09/2016
010.033-16.99755192,,,26/09/2016
010.033-16.99755193,,,26/09/2016
010.033-16.99755194,,,26/09/2016
010.033-16.99755195,,,26/09/2016
010.033-16.99755196,,,26/09/2016
010.033-16.99755197,,,26/09/2016
010.033-16.99755198,,,26/09/2016
010.033-16.99755199,,,26/09/2016
010.033-16.99755200,,,26/09/2016
010.033-16.99755201,,,26/09/2016
010.033-16.99755202,,,26/09/2016
010.033-16.99755203,,,26/09/2016
010.033-16.99755204,,,26/09/2016
010.033-16.99755205,,,26/09/2016
010.033-16.99755206,,,26/09/2016
010.033-16.99755207,,,26/09/2016
010.033-16.99755208,,,26/09/2016
010.033-16.99755209,,,26/09/2016
010.033-16.99755210,,,26/09/2016
010.033-16.99755211,,,26/09/2016
010.033-16.99755212,,,26/09/2016
010.033-16.99755213,,,26/09/2016
010.033-16.99755214,,,26/09/2016
010.033-16.99755215,,,26/09/2016
010.033-16.99755216,,,26/09/2016
010.033-16.99755217,,,26/09/2016
010.033-16.99755218,,,26/09/2016
010.033-16.99755219,,,26/09/2016
010.033-16.99755220,,,26/09/2016
010.033-16.99755221,,,26/09/2016
010.033-16.99755222,,,26/09/2016
010.033-16.99755223,,,26/09/2016
010.033-16.99755224,,,26/09/2016
010.033-16.99755225,,,26/09/2016
010.033-16.99755226,,,26/09/2016
010.033-16.99755227,,,26/09/2016
010.033-16.99755228,,,26/09/2016
010.033-16.99755229,,,26/09/2016
010.033-16.99755230,,,26/09/2016
010.033-16.99755231,,,26/09/2016
010.033-16.99755232,,,26/09/2016
010.033-16.99755233,,,26/09/2016
010.033-16.99755234,,,26/09/2016
010.033-16.99755235,,,26/09/2016
010.033-16.99755236,,,26/09/2016
010.033-16.99755237,,,26/09/2016
010.033-16.99755238,,,26/09/2016
010.033-16.99755239,,,26/09/2016
010.033-16.99755240,,,26/09/2016
010.033-16.99755241,,,26/09/2016
010.033-16.99755242,,,26/09/2016
010.033-16.99755243,,,26/09/2016
010.033-16.99755244,,,26/09/2016
010.033-16.99755245,,,26/09/2016
010.033-16.99755246,,,26/09/2016
010.033-16.99755247,,,26/09/2016
010.033-16.99755248,,,26/09/2016
010.033-16.99755249,,,26/09/2016
010.033-16.99755250,,,26/09/2016
010.033-16.99755251,,,26/09/2016
010.033-16.99755252,,,26/09/2016
010.033-16.99755253,,,26/09/2016
010.033-16.99755254,,,26/09/2016
010.033-16.99755255,,,26/09/2016
010.033-16.99755256,,,26/09/2016
010.033-16.99755257,,,26/09/2016
010.033-16.99755258,,,26/09/2016
010.033-16.99755259,,,26/09/2016
010.033-16.99755260,,,26/09/2016
010.033-16.99755261,,,26/09/2016
010.033-16.99755262,,,26/09/2016
010.033-16.99755263,,,26/09/2016
010.033-16.99755264,,,26/09/2016
010.033-16.99755265,,,26/09/2016
010.033-16.99755266,,,26/09/2016
010.033-16.99755267,,,26/09/2016
010.033-16.99755268,,,26/09/2016
010.033-16.99755269,,,26/09/2016
010.033-16.99755270,,,26/09/2016
010.033-16.99755271,,,26/09/2016
010.033-16.99755272,,,26/09/2016
010.033-16.99755273,,,26/09/2016
010.033-16.99755274,,,26/09/2016
010.033-16.99755275,,,26/09/2016
010.033-16.99755276,,,26/09/2016
010.033-16.99755277,,,26/09/2016
010.033-16.99755278,,,26/09/2016
010.033-16.99755279,,,26/09/2016
010.033-16.99755280,,,26/09/2016
010.033-16.99755281,,,26/09/2016
010.033-16.99755282,,,26/09/2016
010.033-16.99755283,,,26/09/2016
010.033-16.99755284,,,26/09/2016
010.033-16.99755285,,,26/09/2016
010.033-16.99755286,,,26/09/2016
010.033-16.99755287,,,26/09/2016
010.033-16.99755288,,,26/09/2016
010.033-16.99755289,,,26/09/2016
010.033-16.99755290,,,26/09/2016
010.033-16.99755291,,,26/09/2016
010.033-16.99755292,,,26/09/2016
010.033-16.99755293,,,26/09/2016
010.033-16.99755294,,,26/09/2016
010.033-16.99755295,,,26/09/2016
010.033-16.99755296,,,26/09/2016
010.033-16.99755297,,,26/09/2016
010.033-16.99755298,,,26/09/2016
010.033-16.99755299,,,26/09/2016
010.033-16.99755300,,,26/09/2016
010.033-16.99755301,,,26/09/2016
010.033-16.99755302,,,26/09/2016
010.033-16.99755303,,,26/09/2016
010.033-16.99755304,,,26/09/2016
010.033-16.99755305,,,26/09/2016
010.033-16.99755306,,,26/09/2016
010.033-16.99755307,,,26/09/2016
010.033-16.99755308,,,26/09/2016
010.033-16.99755309,,,26/09/2016
010.033-16.99755310,,,26/09/2016
010.033-16.99755311,,,26/09/2016
010.033-16.99755312,,,26/09/2016
010.033-16.99755313,,,26/09/2016
010.033-16.99755314,,,26/09/2016
010.033-16.99755315,,,26/09/2016
010.033-16.99755316,,,26/09/2016
010.033-16.99755317,,,26/09/2016
010.033-16.99755318,,,26/09/2016
010.033-16.99755319,,,26/09/2016
010.033-16.99755320,,,26/09/2016
010.033-16.99755321,,,26/09/2016
010.033-16.99755322,,,26/09/2016
010.033-16.99755323,,,26/09/2016
010.033-16.99755324,,,26/09/2016
010.033-16.99755325,,,26/09/2016
010.033-16.99755326,,,26/09/2016
010.033-16.99755327,,,26/09/2016
010.033-16.99755328,,,26/09/2016
010.033-16.99755329,,,26/09/2016
010.033-16.99755330,,,26/09/2016
010.033-16.99755331,,,26/09/2016
010.033-16.99755332,,,26/09/2016
010.033-16.99755333,,,26/09/2016
010.033-16.99755334,,,26/09/2016
010.033-16.99755335,,,26/09/2016
010.033-16.99755336,,,26/09/2016
010.033-16.99755337,,,26/09/2016
010.033-16.99755338,,,26/09/2016
010.033-16.99755339,,,26/09/2016
010.033-16.99755340,,,26/09/2016
010.033-16.99755341,,,26/09/2016
010.033-16.99755342,,,26/09/2016
010.033-16.99755343,,,26/09/2016
010.033-16.99755344,,,26/09/2016
010.033-16.99755345,,,26/09/2016
010.033-16.99755346,,,26/09/2016
010.033-16.99755347,,,26/09/2016
010.033-16.99755348,,,26/09/2016
010.033-16.99755349,,,26/09/2016
010.033-16.99755350,,,26/09/2016
010.033-16.99755351,,,26/09/2016
010.033-16.99755352,,,26/09/2016
010.033-16.99755353,,,26/09/2016
010.033-16.99755354,,,26/09/2016
010.033-16.99755355,,,26/09/2016
010.033-16.99755356,,,26/09/2016
010.033-16.99755357,,,26/09/2016
010.033-16.99755358,,,26/09/2016
010.033-16.99755359,,,26/09/2016
010.033-16.99755360,,,26/09/2016
010.033-16.99755361,,,26/09/2016
010.033-16.99755362,,,26/09/2016
010.033-16.99755363,,,26/09/2016
010.033-16.99755364,,,26/09/2016
010.033-16.99755365,,,26/09/2016
010.033-16.99755366,,,26/09/2016
010.033-16.99755367,,,26/09/2016
010.033-16.99755368,,,26/09/2016
010.033-16.99755369,,,26/09/2016
010.033-16.99755370,,,26/09/2016
010.033-16.99755371,,,26/09/2016
010.033-16.99755372,,,26/09/2016
010.033-16.99755373,,,26/09/2016
010.033-16.99755374,,,26/09/2016
010.033-16.99755375,,,26/09/2016
010.033-16.99755376,,,26/09/2016
010.033-16.99755377,,,26/09/2016
010.033-16.99755378,,,26/09/2016
010.033-16.99755379,,,26/09/2016
010.033-16.99755380,,,26/09/2016
010.033-16.99755381,,,26/09/2016
010.033-16.99755382,,,26/09/2016
010.033-16.99755383,,,26/09/2016
010.033-16.99755384,,,26/09/2016
010.033-16.99755385,,,26/09/2016
010.033-16.99755386,,,26/09/2016
010.033-16.99755387,,,26/09/2016
010.033-16.99755388,,,26/09/2016
010.033-16.99755389,,,26/09/2016
010.033-16.99755390,,,26/09/2016
010.033-16.99755391,,,26/09/2016
010.033-16.99755392,,,26/09/2016
010.033-16.99755393,,,26/09/2016
010.033-16.99755394,,,26/09/2016
010.033-16.99755395,,,26/09/2016
010.033-16.99755396,,,26/09/2016
010.033-16.99755397,,,26/09/2016
010.033-16.99755398,,,26/09/2016
010.033-16.99755399,,,26/09/2016
010.033-16.99755400,,,26/09/2016
010.033-16.99755401,,,26/09/2016
010.033-16.99755402,,,26/09/2016
010.033-16.99755403,,,26/09/2016
010.033-16.99755404,,,26/09/2016
010.033-16.99755405,,,26/09/2016
010.033-16.99755406,,,26/09/2016
010.033-16.99755407,,,26/09/2016
010.033-16.99755408,,,26/09/2016
010.033-16.99755409,,,26/09/2016
010.033-16.99755410,,,26/09/2016
010.033-16.99755411,,,26/09/2016
010.033-16.99755412,,,26/09/2016
010.033-16.99755413,,,26/09/2016
010.033-16.99755414,,,26/09/2016
010.033-16.99755415,,,26/09/2016
010.033-16.99755416,,,26/09/2016
010.033-16.99755417,,,26/09/2016
010.033-16.99755418,,,26/09/2016
010.033-16.99755419,,,26/09/2016
010.033-16.99755420,,,26/09/2016
010.033-16.99755421,,,26/09/2016
010.033-16.99755422,,,26/09/2016
010.033-16.99755423,,,26/09/2016
010.033-16.99755424,,,26/09/2016
010.033-16.99755425,,,26/09/2016
010.033-16.99755426,,,26/09/2016
010.033-16.99755427,,,26/09/2016
010.033-16.99755428,,,26/09/2016
010.033-16.99755429,,,26/09/2016
010.033-16.99755430,,,26/09/2016
010.033-16.99755431,,,26/09/2016
010.033-16.99755432,,,26/09/2016
010.033-16.99755433,,,26/09/2016
010.033-16.99755434,,,26/09/2016
010.033-16.99755435,,,26/09/2016
010.033-16.99755436,,,26/09/2016
010.033-16.99755437,,,26/09/2016
010.033-16.99755438,,,26/09/2016
010.033-16.99755439,,,26/09/2016
010.033-16.99755440,,,26/09/2016
010.033-16.99755441,,,26/09/2016
010.033-16.99755442,,,26/09/2016
010.033-16.99755443,,,26/09/2016
010.033-16.99755444,,,26/09/2016
010.033-16.99755445,,,26/09/2016
010.033-16.99755446,,,26/09/2016
010.033-16.99755447,,,26/09/2016
010.033-16.99755448,,,26/09/2016
010.033-16.99755449,,,26/09/2016
010.033-16.99755450,,,26/09/2016
010.033-16.99755451,,,26/09/2016
010.033-16.99755452,,,26/09/2016
010.033-16.99755453,,,26/09/2016
010.033-16.99755454,,,26/09/2016
010.033-16.99755455,,,26/09/2016
010.033-16.99755456,,,26/09/2016
010.033-16.99755457,,,26/09/2016
010.033-16.99755458,,,26/09/2016
010.033-16.99755459,,,26/09/2016
010.033-16.99755460,,,26/09/2016
010.033-16.99755461,,,26/09/2016
010.033-16.99755462,,,26/09/2016
010.033-16.99755463,,,26/09/2016
010.033-16.99755464,,,26/09/2016
010.033-16.99755465,,,26/09/2016
010.033-16.99755466,,,26/09/2016
010.033-16.99755467,,,26/09/2016
010.033-16.99755468,,,26/09/2016
010.033-16.99755469,,,26/09/2016
010.033-16.99755470,,,26/09/2016
010.033-16.99755471,,,26/09/2016
010.033-16.99755472,,,26/09/2016
010.033-16.99755473,,,26/09/2016
010.033-16.99755474,,,26/09/2016
010.033-16.99755475,,,26/09/2016
010.033-16.99755476,,,26/09/2016
010.033-16.99755477,,,26/09/2016
010.033-16.99755478,,,26/09/2016
010.033-16.99755479,,,26/09/2016
010.033-16.99755480,,,26/09/2016
010.033-16.99755481,,,26/09/2016
010.033-16.99755482,,,26/09/2016
010.033-16.99755483,,,26/09/2016
010.033-16.99755484,,,26/09/2016
010.033-16.99755485,,,26/09/2016
010.033-16.99755486,,,26/09/2016
010.033-16.99755487,,,26/09/2016
010.033-16.99755488,,,26/09/2016
010.033-16.99755489,,,26/09/2016
010.033-16.99755490,,,26/09/2016
010.033-16.99755491,,,26/09/2016
010.033-16.99755492,,,26/09/2016
010.033-16.99755493,,,26/09/2016
010.033-16.99755494,,,26/09/2016
010.033-16.99755495,,,26/09/2016
010.033-16.99755496,,,26/09/2016
010.033-16.99755497,,,26/09/2016
010.033-16.99755498,,,26/09/2016
010.033-16.99755499,,,26/09/2016
010.033-16.99755500,,,26/09/2016
010.033-16.99755501,,,26/09/2016
010.033-16.99755502,,,26/09/2016
010.033-16.99755503,,,26/09/2016
010.033-16.99755504,,,26/09/2016
010.033-16.99755505,,,26/09/2016
010.033-16.99755506,,,26/09/2016
010.033-16.99755507,,,26/09/2016
010.033-16.99755508,,,26/09/2016
010.033-16.99755509,,,26/09/2016
010.033-16.99755510,,,26/09/2016
010.033-16.99755511,,,26/09/2016
010.033-16.99755512,,,26/09/2016
010.033-16.99755513,,,26/09/2016
010.033-16.99755514,,,26/09/2016
010.033-16.99755515,,,26/09/2016
010.033-16.99755516,,,26/09/2016
010.033-16.99755517,,,26/09/2016
010.033-16.99755518,,,26/09/2016
010.033-16.99755519,,,26/09/2016
010.033-16.99755520,,,26/09/2016
010.033-16.99755521,,,26/09/2016
010.033-16.99755522,,,26/09/2016
010.033-16.99755523,,,26/09/2016
010.033-16.99755524,,,26/09/2016
010.033-16.99755525,,,26/09/2016
010.033-16.99755526,,,26/09/2016
010.033-16.99755527,,,26/09/2016
010.033-16.99755528,,,26/09/2016
010.033-16.99755529,,,26/09/2016
010.033-16.99755530,,,26/09/2016
010.033-16.99755531,,,26/09/2016
010.033-16.99755532,,,26/09/2016
010.033-16.99755533,,,26/09/2016
010.033-16.99755534,,,26/09/2016
010.033-16.99755535,,,26/09/2016
010.033-16.99755536,,,26/09/2016
010.033-16.99755537,,,26/09/2016
010.033-16.99755538,,,26/09/2016
010.033-16.99755539,,,26/09/2016
010.033-16.99755540,,,26/09/2016
010.033-16.99755541,,,26/09/2016
010.033-16.99755542,,,26/09/2016
010.033-16.99755543,,,26/09/2016
010.033-16.99755544,,,26/09/2016
010.033-16.99755545,,,26/09/2016
010.033-16.99755546,,,26/09/2016
010.033-16.99755547,,,26/09/2016
010.033-16.99755548,,,26/09/2016
010.033-16.99755549,,,26/09/2016
010.033-16.99755550,,,26/09/2016
010.033-16.99755551,,,26/09/2016
010.033-16.99755552,,,26/09/2016
010.033-16.99755553,,,26/09/2016
010.033-16.99755554,,,26/09/2016
010.033-16.99755555,,,26/09/2016
010.033-16.99755556,,,26/09/2016
010.033-16.99755557,,,26/09/2016
010.033-16.99755558,,,26/09/2016
010.033-16.99755559,,,26/09/2016
010.033-16.99755560,,,26/09/2016
010.033-16.99755561,,,26/09/2016
010.033-16.99755562,,,26/09/2016
010.033-16.99755563,,,26/09/2016
010.033-16.99755564,,,26/09/2016
010.033-16.99755565,,,26/09/2016
010.033-16.99755566,,,26/09/2016
010.033-16.99755567,,,26/09/2016
010.033-16.99755568,,,26/09/2016
010.033-16.99755569,,,26/09/2016
010.033-16.99755570,,,26/09/2016
010.033-16.99755571,,,26/09/2016
010.033-16.99755572,,,26/09/2016
010.033-16.99755573,,,26/09/2016
010.033-16.99755574,,,26/09/2016
010.033-16.99755575,,,26/09/2016
010.033-16.99755576,,,26/09/2016
010.033-16.99755577,,,26/09/2016
010.033-16.99755578,,,26/09/2016
010.033-16.99755579,,,26/09/2016
010.033-16.99755580,,,26/09/2016
010.033-16.99755581,,,26/09/2016
010.033-16.99755582,,,26/09/2016
010.033-16.99755583,,,26/09/2016
010.033-16.99755584,,,26/09/2016
010.033-16.99755585,,,26/09/2016
010.033-16.99755586,,,26/09/2016
010.033-16.99755587,,,26/09/2016
010.033-16.99755588,,,26/09/2016
010.033-16.99755589,,,26/09/2016
010.033-16.99755590,,,26/09/2016
010.033-16.99755591,,,26/09/2016
010.033-16.99755592,,,26/09/2016
010.033-16.99755593,,,26/09/2016
010.033-16.99755594,,,26/09/2016
010.033-16.99755595,,,26/09/2016
010.033-16.99755596,,,26/09/2016
010.033-16.99755597,,,26/09/2016
010.033-16.99755598,,,26/09/2016
010.033-16.99755599,,,26/09/2016
010.033-16.99755600,,,26/09/2016
010.033-16.99755601,,,26/09/2016
010.033-16.99755602,,,26/09/2016
010.033-16.99755603,,,26/09/2016
010.033-16.99755604,,,26/09/2016
010.033-16.99755605,,,26/09/2016
010.033-16.99755606,,,26/09/2016
010.033-16.99755607,,,26/09/2016
010.033-16.99755608,,,26/09/2016
010.033-16.99755609,,,26/09/2016
010.033-16.99755610,,,26/09/2016
010.033-16.99755611,,,26/09/2016
010.033-16.99755612,,,26/09/2016
010.033-16.99755613,,,26/09/2016
010.033-16.99755614,,,26/09/2016
010.033-16.99755615,,,26/09/2016
010.033-16.99755616,,,26/09/2016
010.033-16.99755617,,,26/09/2016
010.033-16.99755618,,,26/09/2016
010.033-16.99755619,,,26/09/2016
010.033-16.99755620,,,26/09/2016
010.033-16.99755621,,,26/09/2016
010.033-16.99755622,,,26/09/2016
010.033-16.99755623,,,26/09/2016
010.033-16.99755624,,,26/09/2016
010.033-16.99755625,,,26/09/2016
010.033-16.99755626,,,26/09/2016
010.033-16.99755627,,,26/09/2016
010.033-16.99755628,,,26/09/2016
010.033-16.99755629,,,26/09/2016
010.033-16.99755630,,,26/09/2016
010.033-16.99755631,,,26/09/2016
010.033-16.99755632,,,26/09/2016
010.033-16.99755633,,,26/09/2016
010.033-16.99755634,,,26/09/2016
010.033-16.99755635,,,26/09/2016
010.033-16.99755636,,,26/09/2016
010.033-16.99755637,,,26/09/2016
010.033-16.99755638,,,26/09/2016
010.033-16.99755639,,,26/09/2016
010.033-16.99755640,,,26/09/2016
010.033-16.99755641,,,26/09/2016
010.033-16.99755642,,,26/09/2016
010.033-16.99755643,,,26/09/2016
010.033-16.99755644,,,26/09/2016
010.033-16.99755645,,,26/09/2016
010.033-16.99755646,,,26/09/2016
010.033-16.99755647,,,26/09/2016
010.033-16.99755648,,,26/09/2016
010.033-16.99755649,,,26/09/2016
010.033-16.99755650,,,26/09/2016
010.033-16.99755651,,,26/09/2016
010.033-16.99755652,,,26/09/2016
010.033-16.99755653,,,26/09/2016
010.033-16.99755654,,,26/09/2016
010.033-16.99755655,,,26/09/2016
010.033-16.99755656,,,26/09/2016
010.033-16.99755657,,,26/09/2016
010.033-16.99755658,,,26/09/2016
010.033-16.99755659,,,26/09/2016
010.033-16.99755660,,,26/09/2016
010.033-16.99755661,,,26/09/2016
010.033-16.99755662,,,26/09/2016
010.033-16.99755663,,,26/09/2016
010.033-16.99755664,,,26/09/2016
010.033-16.99755665,,,26/09/2016
010.033-16.99755666,,,26/09/2016
010.033-16.99755667,,,26/09/2016
010.033-16.99755668,,,26/09/2016
010.033-16.99755669,,,26/09/2016
010.033-16.99755670,,,26/09/2016
010.033-16.99755671,,,26/09/2016
010.033-16.99755672,,,26/09/2016
010.033-16.99755673,,,26/09/2016
010.033-16.99755674,,,26/09/2016
010.033-16.99755675,,,26/09/2016
010.033-16.99755676,,,26/09/2016
010.033-16.99755677,,,26/09/2016
010.033-16.99755678,,,26/09/2016
010.033-16.99755679,,,26/09/2016
010.033-16.99755680,,,26/09/2016
010.033-16.99755681,,,26/09/2016
010.033-16.99755682,,,26/09/2016
010.033-16.99755683,,,26/09/2016
010.033-16.99755684,,,26/09/2016
010.033-16.99755685,,,26/09/2016
010.033-16.99755686,,,26/09/2016
010.033-16.99755687,,,26/09/2016
010.033-16.99755688,,,26/09/2016
010.033-16.99755689,,,26/09/2016
010.033-16.99755690,,,26/09/2016
010.033-16.99755691,,,26/09/2016
010.033-16.99755692,,,26/09/2016
010.033-16.99755693,,,26/09/2016
010.033-16.99755694,,,26/09/2016
010.033-16.99755695,,,26/09/2016
010.033-16.99755696,,,26/09/2016
010.033-16.99755697,,,26/09/2016
010.033-16.99755698,,,26/09/2016
010.033-16.99755699,,,26/09/2016
010.033-16.99755700,,,26/09/2016
010.033-16.99755701,,,26/09/2016
010.033-16.99755702,,,26/09/2016
010.033-16.99755703,,,26/09/2016
010.033-16.99755704,,,26/09/2016
010.033-16.99755705,,,26/09/2016
010.033-16.99755706,,,26/09/2016
010.033-16.99755707,,,26/09/2016
010.033-16.99755708,,,26/09/2016
010.033-16.99755709,,,26/09/2016
010.033-16.99755710,,,26/09/2016
010.033-16.99755711,,,26/09/2016
010.033-16.99755712,,,26/09/2016
010.033-16.99755713,,,26/09/2016
010.033-16.99755714,,,26/09/2016
010.033-16.99755715,,,26/09/2016
010.033-16.99755716,,,26/09/2016
010.033-16.99755717,,,26/09/2016
010.033-16.99755718,,,26/09/2016
010.033-16.99755719,,,26/09/2016
010.033-16.99755720,,,26/09/2016
010.033-16.99755721,,,26/09/2016
010.033-16.99755722,,,26/09/2016
010.033-16.99755723,,,26/09/2016
010.033-16.99755724,,,26/09/2016
010.033-16.99755725,,,26/09/2016
010.033-16.99755726,,,26/09/2016
010.033-16.99755727,,,26/09/2016
010.033-16.99755728,,,26/09/2016
010.033-16.99755729,,,26/09/2016
010.033-16.99755730,,,26/09/2016
010.033-16.99755731,,,26/09/2016
010.033-16.99755732,,,26/09/2016
010.033-16.99755733,,,26/09/2016
010.033-16.99755734,,,26/09/2016
010.033-16.99755735,,,26/09/2016
010.033-16.99755736,,,26/09/2016
010.033-16.99755737,,,26/09/2016
010.033-16.99755738,,,26/09/2016
010.033-16.99755739,,,26/09/2016
010.033-16.99755740,,,26/09/2016
010.033-16.99755741,,,26/09/2016
010.033-16.99755742,,,26/09/2016
010.033-16.99755743,,,26/09/2016
010.033-16.99755744,,,26/09/2016
010.033-16.99755745,,,26/09/2016
010.033-16.99755746,,,26/09/2016
010.033-16.99755747,,,26/09/2016
010.033-16.99755748,,,26/09/2016
010.033-16.99755749,,,26/09/2016
010.033-16.99755750,,,26/09/2016
010.033-16.99755751,,,26/09/2016
010.033-16.99755752,,,26/09/2016
010.033-16.99755753,,,26/09/2016
010.033-16.99755754,,,26/09/2016
010.033-16.99755755,,,26/09/2016
010.033-16.99755756,,,26/09/2016
010.033-16.99755757,,,26/09/2016
010.033-16.99755758,,,26/09/2016
010.033-16.99755759,,,26/09/2016
010.033-16.99755760,,,26/09/2016
010.033-16.99755761,,,26/09/2016
010.033-16.99755762,,,26/09/2016
010.033-16.99755763,,,26/09/2016
010.033-16.99755764,,,26/09/2016
010.033-16.99755765,,,26/09/2016
010.033-16.99755766,,,26/09/2016
010.033-16.99755767,,,26/09/2016
010.033-16.99755768,,,26/09/2016
010.033-16.99755769,,,26/09/2016
010.033-16.99755770,,,26/09/2016
010.033-16.99755771,,,26/09/2016
010.033-16.99755772,,,26/09/2016
010.033-16.99755773,,,26/09/2016
010.033-16.99755774,,,26/09/2016
010.033-16.99755775,,,26/09/2016
010.033-16.99755776,,,26/09/2016
010.033-16.99755777,,,26/09/2016
010.033-16.99755778,,,26/09/2016
010.033-16.99755779,,,26/09/2016
010.033-16.99755780,,,26/09/2016
010.033-16.99755781,,,26/09/2016
010.033-16.99755782,,,26/09/2016
010.033-16.99755783,,,26/09/2016
010.033-16.99755784,,,26/09/2016
010.033-16.99755785,,,26/09/2016
010.033-16.99755786,,,26/09/2016
010.033-16.99755787,,,26/09/2016
010.033-16.99755788,,,26/09/2016
010.033-16.99755789,,,26/09/2016
010.033-16.99755790,,,26/09/2016
010.033-16.99755791,,,26/09/2016
010.033-16.99755792,,,26/09/2016
010.033-16.99755793,,,26/09/2016
010.033-16.99755794,,,26/09/2016
010.033-16.99755795,,,26/09/2016
010.033-16.99755796,,,26/09/2016
010.033-16.99755797,,,26/09/2016
010.033-16.99755798,,,26/09/2016
010.033-16.99755799,,,26/09/2016
010.033-16.99755800,,,26/09/2016
010.033-16.99755801,,,26/09/2016
010.033-16.99755802,,,26/09/2016
010.033-16.99755803,,,26/09/2016
010.033-16.99755804,,,26/09/2016
010.033-16.99755805,,,26/09/2016
010.033-16.99755806,,,26/09/2016
010.033-16.99755807,,,26/09/2016
010.033-16.99755808,,,26/09/2016
010.033-16.99755809,,,26/09/2016
010.033-16.99755810,,,26/09/2016
010.033-16.99755811,,,26/09/2016
010.033-16.99755812,,,26/09/2016
010.033-16.99755813,,,26/09/2016
010.033-16.99755814,,,26/09/2016
010.033-16.99755815,,,26/09/2016
010.033-16.99755816,,,26/09/2016
010.033-16.99755817,,,26/09/2016
010.033-16.99755818,,,26/09/2016
010.033-16.99755819,,,26/09/2016
010.033-16.99755820,,,26/09/2016
010.033-16.99755821,,,26/09/2016
010.033-16.99755822,,,26/09/2016
010.033-16.99755823,,,26/09/2016
010.033-16.99755824,,,26/09/2016
010.033-16.99755825,,,26/09/2016
010.033-16.99755826,,,26/09/2016
010.033-16.99755827,,,26/09/2016
010.033-16.99755828,,,26/09/2016
010.033-16.99755829,,,26/09/2016
010.033-16.99755830,,,26/09/2016
010.033-16.99755831,,,26/09/2016
010.033-16.99755832,,,26/09/2016
010.033-16.99755833,,,26/09/2016
010.033-16.99755834,,,26/09/2016
010.033-16.99755835,,,26/09/2016
010.033-16.99755836,,,26/09/2016
010.033-16.99755837,,,26/09/2016
010.033-16.99755838,,,26/09/2016
010.033-16.99755839,,,26/09/2016
010.033-16.99755840,,,26/09/2016
010.033-16.99755841,,,26/09/2016
010.033-16.99755842,,,26/09/2016
010.033-16.99755843,,,26/09/2016
010.033-16.99755844,,,26/09/2016
010.033-16.99755845,,,26/09/2016
010.033-16.99755846,,,26/09/2016
010.033-16.99755847,,,26/09/2016
010.033-16.99755848,,,26/09/2016
010.033-16.99755849,,,26/09/2016
010.033-16.99755850,,,26/09/2016
010.033-16.99755851,,,26/09/2016
010.033-16.99755852,,,26/09/2016
010.033-16.99755853,,,26/09/2016
010.033-16.99755854,,,26/09/2016
010.033-16.99755855,,,26/09/2016
010.033-16.99755856,,,26/09/2016
010.033-16.99755857,,,26/09/2016
010.033-16.99755858,,,26/09/2016
010.033-16.99755859,,,26/09/2016
010.033-16.99755860,,,26/09/2016
010.033-16.99755861,,,26/09/2016
010.033-16.99755862,,,26/09/2016
010.033-16.99755863,,,26/09/2016
010.033-16.99755864,,,26/09/2016
010.033-16.99755865,,,26/09/2016
010.033-16.99755866,,,26/09/2016
010.033-16.99755867,,,26/09/2016
010.033-16.99755868,,,26/09/2016
010.033-16.99755869,,,26/09/2016
010.033-16.99755870,,,26/09/2016
010.033-16.99755871,,,26/09/2016
010.033-16.99755872,,,26/09/2016
010.033-16.99755873,,,26/09/2016
010.033-16.99755874,,,26/09/2016
010.033-16.99755875,,,26/09/2016
010.033-16.99755876,,,26/09/2016
010.033-16.99755877,,,26/09/2016
010.033-16.99755878,,,26/09/2016
010.033-16.99755879,,,26/09/2016
010.033-16.99755880,,,26/09/2016
010.033-16.99755881,,,26/09/2016
010.033-16.99755882,,,26/09/2016
010.033-16.99755883,,,26/09/2016
010.033-16.99755884,,,26/09/2016
010.033-16.99755885,,,26/09/2016
010.033-16.99755886,,,26/09/2016
010.033-16.99755887,,,26/09/2016
010.033-16.99755888,,,26/09/2016
010.033-16.99755889,,,26/09/2016
010.033-16.99755890,,,26/09/2016
010.033-16.99755891,,,26/09/2016
010.033-16.99755892,,,26/09/2016
010.033-16.99755893,,,26/09/2016
010.033-16.99755894,,,26/09/2016
010.033-16.99755895,,,26/09/2016
010.033-16.99755896,,,26/09/2016
010.033-16.99755897,,,26/09/2016
010.033-16.99755898,,,26/09/2016
010.033-16.99755899,,,26/09/2016
010.033-16.99755900,,,26/09/2016
010.033-16.99755901,,,26/09/2016
010.033-16.99755902,,,26/09/2016
010.033-16.99755903,,,26/09/2016
010.033-16.99755904,,,26/09/2016
010.033-16.99755905,,,26/09/2016
010.033-16.99755906,,,26/09/2016
010.033-16.99755907,,,26/09/2016
010.033-16.99755908,,,26/09/2016
010.033-16.99755909,,,26/09/2016
010.033-16.99755910,,,26/09/2016
010.033-16.99755911,,,26/09/2016
010.033-16.99755912,,,26/09/2016
010.033-16.99755913,,,26/09/2016
010.033-16.99755914,,,26/09/2016
010.033-16.99755915,,,26/09/2016
010.033-16.99755916,,,26/09/2016
010.033-16.99755917,,,26/09/2016
010.033-16.99755918,,,26/09/2016
010.033-16.99755919,,,26/09/2016
010.033-16.99755920,,,26/09/2016
010.033-16.99755921,,,26/09/2016
010.033-16.99755922,,,26/09/2016
010.033-16.99755923,,,26/09/2016
010.033-16.99755924,,,26/09/2016
010.033-16.99755925,,,26/09/2016
010.033-16.99755926,,,26/09/2016
010.033-16.99755927,,,26/09/2016
010.033-16.99755928,,,26/09/2016
010.033-16.99755929,,,26/09/2016
010.033-16.99755930,,,26/09/2016
010.033-16.99755931,,,26/09/2016
010.033-16.99755932,,,26/09/2016
010.033-16.99755933,,,26/09/2016
010.033-16.99755934,,,26/09/2016
010.033-16.99755935,,,26/09/2016
010.033-16.99755936,,,26/09/2016
010.033-16.99755937,,,26/09/2016
010.033-16.99755938,,,26/09/2016
010.033-16.99755939,,,26/09/2016
010.033-16.99755940,,,26/09/2016
010.033-16.99755941,,,26/09/2016
010.033-16.99755942,,,26/09/2016
010.033-16.99755943,,,26/09/2016
010.033-16.99755944,,,26/09/2016
010.033-16.99755945,,,26/09/2016
010.033-16.99755946,,,26/09/2016
010.033-16.99755947,,,26/09/2016
010.033-16.99755948,,,26/09/2016
010.033-16.99755949,,,26/09/2016
010.033-16.99755950,,,26/09/2016
010.033-16.99755951,,,26/09/2016
010.033-16.99755952,,,26/09/2016
010.033-16.99755953,,,26/09/2016
010.033-16.99755954,,,26/09/2016
010.033-16.99755955,,,26/09/2016
010.033-16.99755956,,,26/09/2016
010.033-16.99755957,,,26/09/2016
010.033-16.99755958,,,26/09/2016
010.033-16.99755959,,,26/09/2016
010.033-16.99755960,,,26/09/2016
010.033-16.99755961,,,26/09/2016
010.033-16.99755962,,,26/09/2016
010.033-16.99755963,,,26/09/2016
010.033-16.99755964,,,26/09/2016
010.033-16.99755965,,,26/09/2016
010.033-16.99755966,,,26/09/2016
010.033-16.99755967,,,26/09/2016
010.033-16.99755968,,,26/09/2016
010.033-16.99755969,,,26/09/2016
010.033-16.99755970,,,26/09/2016
010.033-16.99755971,,,26/09/2016
010.033-16.99755972,,,26/09/2016
010.033-16.99755973,,,26/09/2016
010.033-16.99755974,,,26/09/2016
010.033-16.99755975,,,26/09/2016
010.033-16.99755976,,,26/09/2016
010.033-16.99755977,,,26/09/2016
010.033-16.99755978,,,26/09/2016
010.033-16.99755979,,,26/09/2016
010.033-16.99755980,,,26/09/2016
010.033-16.99755981,,,26/09/2016
010.033-16.99755982,,,26/09/2016
010.033-16.99755983,,,26/09/2016
010.033-16.99755984,,,26/09/2016
010.033-16.99755985,,,26/09/2016
010.033-16.99755986,,,26/09/2016
010.033-16.99755987,,,26/09/2016
010.033-16.99755988,,,26/09/2016
010.033-16.99755989,,,26/09/2016
010.033-16.99755990,,,26/09/2016
010.033-16.99755991,,,26/09/2016
010.033-16.99755992,,,26/09/2016
010.033-16.99755993,,,26/09/2016
010.033-16.99755994,,,26/09/2016
010.033-16.99755995,,,26/09/2016
010.033-16.99755996,,,26/09/2016
010.033-16.99755997,,,26/09/2016
010.033-16.99755998,,,26/09/2016
010.033-16.99755999,,,26/09/2016
010.033-16.99756000,,,26/09/2016
010.033-16.99756001,,,26/09/2016
010.033-16.99756002,,,26/09/2016
010.033-16.99756003,,,26/09/2016
010.033-16.99756004,,,26/09/2016
010.033-16.99756005,,,26/09/2016
010.033-16.99756006,,,26/09/2016
010.033-16.99756007,,,26/09/2016
010.033-16.99756008,,,26/09/2016
010.033-16.99756009,,,26/09/2016
010.033-16.99756010,,,26/09/2016
010.033-16.99756011,,,26/09/2016
010.033-16.99756012,,,26/09/2016
010.033-16.99756013,,,26/09/2016
010.033-16.99756014,,,26/09/2016
010.033-16.99756015,,,26/09/2016
010.033-16.99756016,,,26/09/2016
010.033-16.99756017,,,26/09/2016
010.033-16.99756018,,,26/09/2016
010.033-16.99756019,,,26/09/2016
010.033-16.99756020,,,26/09/2016
010.033-16.99756021,,,26/09/2016
010.033-16.99756022,,,26/09/2016
010.033-16.99756023,,,26/09/2016
010.033-16.99756024,,,26/09/2016
010.033-16.99756025,,,26/09/2016
010.033-16.99756026,,,26/09/2016
010.033-16.99756027,,,26/09/2016
010.033-16.99756028,,,26/09/2016
010.033-16.99756029,,,26/09/2016
010.033-16.99756030,,,26/09/2016
010.033-16.99756031,,,26/09/2016
010.033-16.99756032,,,26/09/2016
010.033-16.99756033,,,26/09/2016
010.033-16.99756034,,,26/09/2016
010.033-16.99756035,,,26/09/2016
010.033-16.99756036,,,26/09/2016
010.033-16.99756037,,,26/09/2016
010.033-16.99756038,,,26/09/2016
010.033-16.99756039,,,26/09/2016
010.033-16.99756040,,,26/09/2016
010.033-16.99756041,,,26/09/2016
010.033-16.99756042,,,26/09/2016
010.033-16.99756043,,,26/09/2016
010.033-16.99756044,,,26/09/2016
010.033-16.99756045,,,26/09/2016
010.033-16.99756046,,,26/09/2016
010.033-16.99756047,,,26/09/2016
010.033-16.99756048,,,26/09/2016
010.033-16.99756049,,,26/09/2016
010.033-16.99756050,,,26/09/2016
010.033-16.99756051,,,26/09/2016
010.033-16.99756052,,,26/09/2016
010.033-16.99756053,,,26/09/2016
010.033-16.99756054,,,26/09/2016
010.033-16.99756055,,,26/09/2016
010.033-16.99756056,,,26/09/2016
010.033-16.99756057,,,26/09/2016
010.033-16.99756058,,,26/09/2016
010.033-16.99756059,,,26/09/2016
010.033-16.99756060,,,26/09/2016
010.033-16.99756061,,,26/09/2016
010.033-16.99756062,,,26/09/2016
010.033-16.99756063,,,26/09/2016
010.033-16.99756064,,,26/09/2016
010.033-16.99756065,,,26/09/2016
010.033-16.99756066,,,26/09/2016
010.033-16.99756067,,,26/09/2016
010.033-16.99756068,,,26/09/2016
010.033-16.99756069,,,26/09/2016
010.033-16.99756070,,,26/09/2016
010.033-16.99756071,,,26/09/2016
010.033-16.99756072,,,26/09/2016
010.033-16.99756073,,,26/09/2016
010.033-16.99756074,,,26/09/2016
010.033-16.99756075,,,26/09/2016
010.033-16.99756076,,,26/09/2016
010.033-16.99756077,,,26/09/2016
010.033-16.99756078,,,26/09/2016
010.033-16.99756079,,,26/09/2016
010.033-16.99756080,,,26/09/2016
010.033-16.99756081,,,26/09/2016
010.033-16.99756082,,,26/09/2016
010.033-16.99756083,,,26/09/2016
010.033-16.99756084,,,26/09/2016
010.033-16.99756085,,,26/09/2016
010.033-16.99756086,,,26/09/2016
010.033-16.99756087,,,26/09/2016
010.033-16.99756088,,,26/09/2016
010.033-16.99756089,,,26/09/2016
010.033-16.99756090,,,26/09/2016
010.033-16.99756091,,,26/09/2016
010.033-16.99756092,,,26/09/2016
010.033-16.99756093,,,26/09/2016
010.033-16.99756094,,,26/09/2016
010.033-16.99756095,,,26/09/2016
010.033-16.99756096,,,26/09/2016
010.033-16.99756097,,,26/09/2016
010.033-16.99756098,,,26/09/2016
010.033-16.99756099,,,26/09/2016
010.033-16.99756100,,,26/09/2016
010.033-16.99756101,,,26/09/2016
010.033-16.99756102,,,26/09/2016
010.033-16.99756103,,,26/09/2016
010.033-16.99756104,,,26/09/2016
010.033-16.99756105,,,26/09/2016
010.033-16.99756106,,,26/09/2016
010.033-16.99756107,,,26/09/2016
010.033-16.99756108,,,26/09/2016
010.033-16.99756109,,,26/09/2016
010.033-16.99756110,,,26/09/2016
010.033-16.99756111,,,26/09/2016
010.033-16.99756112,,,26/09/2016
010.033-16.99756113,,,26/09/2016
010.033-16.99756114,,,26/09/2016
010.033-16.99756115,,,26/09/2016
010.033-16.99756116,,,26/09/2016
010.033-16.99756117,,,26/09/2016
010.033-16.99756118,,,26/09/2016
010.033-16.99756119,,,26/09/2016
010.033-16.99756120,,,26/09/2016
010.033-16.99756121,,,26/09/2016
010.033-16.99756122,,,26/09/2016
010.033-16.99756123,,,26/09/2016
010.033-16.99756124,,,26/09/2016
010.033-16.99756125,,,26/09/2016
010.033-16.99756126,,,26/09/2016
010.033-16.99756127,,,26/09/2016
010.033-16.99756128,,,26/09/2016
010.033-16.99756129,,,26/09/2016
010.033-16.99756130,,,26/09/2016
010.033-16.99756131,,,26/09/2016
010.033-16.99756132,,,26/09/2016
010.033-16.99756133,,,26/09/2016
010.033-16.99756134,,,26/09/2016
010.033-16.99756135,,,26/09/2016
010.033-16.99756136,,,26/09/2016
010.033-16.99756137,,,26/09/2016
010.033-16.99756138,,,26/09/2016
010.033-16.99756139,,,26/09/2016
010.033-16.99756140,,,26/09/2016
010.033-16.99756141,,,26/09/2016
010.033-16.99756142,,,26/09/2016
010.033-16.99756143,,,26/09/2016
010.033-16.99756144,,,26/09/2016
010.033-16.99756145,,,26/09/2016
010.033-16.99756146,,,26/09/2016
010.033-16.99756147,,,26/09/2016
010.033-16.99756148,,,26/09/2016
010.033-16.99756149,,,26/09/2016
010.033-16.99756150,,,26/09/2016
010.033-16.99756151,,,26/09/2016
010.033-16.99756152,,,26/09/2016
010.033-16.99756153,,,26/09/2016
010.033-16.99756154,,,26/09/2016
010.033-16.99756155,,,26/09/2016
010.033-16.99756156,,,26/09/2016
010.033-16.99756157,,,26/09/2016
010.033-16.99756158,,,26/09/2016
010.033-16.99756159,,,26/09/2016
010.033-16.99756160,,,26/09/2016
010.033-16.99756161,,,26/09/2016
010.033-16.99756162,,,26/09/2016
010.033-16.99756163,,,26/09/2016
010.033-16.99756164,,,26/09/2016
010.033-16.99756165,,,26/09/2016
010.033-16.99756166,,,26/09/2016
010.033-16.99756167,,,26/09/2016
010.033-16.99756168,,,26/09/2016
010.033-16.99756169,,,26/09/2016
010.033-16.99756170,,,26/09/2016
010.033-16.99756171,,,26/09/2016
010.033-16.99756172,,,26/09/2016
010.033-16.99756173,,,26/09/2016
010.033-16.99756174,,,26/09/2016
010.033-16.99756175,,,26/09/2016
010.033-16.99756176,,,26/09/2016
010.033-16.99756177,,,26/09/2016
010.033-16.99756178,,,26/09/2016
010.033-16.99756179,,,26/09/2016
010.033-16.99756180,,,26/09/2016
010.033-16.99756181,,,26/09/2016
010.033-16.99756182,,,26/09/2016
010.033-16.99756183,,,26/09/2016
010.033-16.99756184,,,26/09/2016
010.033-16.99756185,,,26/09/2016
010.033-16.99756186,,,26/09/2016
010.033-16.99756187,,,26/09/2016
010.033-16.99756188,,,26/09/2016
010.033-16.99756189,,,26/09/2016
010.033-16.99756190,,,26/09/2016
010.033-16.99756191,,,26/09/2016
010.033-16.99756192,,,26/09/2016
010.033-16.99756193,,,26/09/2016
010.033-16.99756194,,,26/09/2016
010.033-16.99756195,,,26/09/2016
010.033-16.99756196,,,26/09/2016
010.033-16.99756197,,,26/09/2016
010.033-16.99756198,,,26/09/2016
010.033-16.99756199,,,26/09/2016
010.033-16.99756200,,,26/09/2016
010.033-16.99756201,,,26/09/2016
010.033-16.99756202,,,26/09/2016
010.033-16.99756203,,,26/09/2016
010.033-16.99756204,,,26/09/2016
010.033-16.99756205,,,26/09/2016
010.033-16.99756206,,,26/09/2016
010.033-16.99756207,,,26/09/2016
010.033-16.99756208,,,26/09/2016
010.033-16.99756209,,,26/09/2016
010.033-16.99756210,,,26/09/2016
010.033-16.99756211,,,26/09/2016
010.033-16.99756212,,,26/09/2016
010.033-16.99756213,,,26/09/2016
010.033-16.99756214,,,26/09/2016
010.033-16.99756215,,,26/09/2016
010.033-16.99756216,,,26/09/2016
010.033-16.99756217,,,26/09/2016
010.033-16.99756218,,,26/09/2016
010.033-16.99756219,,,26/09/2016
010.033-16.99756220,,,26/09/2016
010.033-16.99756221,,,26/09/2016
010.033-16.99756222,,,26/09/2016
010.033-16.99756223,,,26/09/2016
010.033-16.99756224,,,26/09/2016
010.033-16.99756225,,,26/09/2016
010.033-16.99756226,,,26/09/2016
010.033-16.99744127,,,26/09/2016
010.033-16.99744128,,,26/09/2016
010.033-16.99744129,,,26/09/2016
010.033-16.99744130,,,26/09/2016
010.033-16.99744131,,,26/09/2016
010.033-16.99744132,,,26/09/2016
010.033-16.99744133,,,26/09/2016
010.033-16.99744134,,,26/09/2016
010.033-16.99744135,,,26/09/2016
010.033-16.99744136,,,26/09/2016
010.033-16.99744137,,,26/09/2016
010.033-16.99744138,,,26/09/2016
010.033-16.99744139,,,26/09/2016
010.033-16.99744140,,,26/09/2016
010.033-16.99744141,,,26/09/2016
010.033-16.99744142,,,26/09/2016
010.033-16.99744143,,,26/09/2016
010.033-16.99744144,,,26/09/2016
010.033-16.99744145,,,26/09/2016
010.033-16.99744146,,,26/09/2016
010.033-16.99744147,,,26/09/2016
010.033-16.99744148,,,26/09/2016
010.033-16.99744149,,,26/09/2016
010.033-16.99744150,,,26/09/2016
010.033-16.99744151,,,26/09/2016
010.033-16.99744152,,,26/09/2016
010.033-16.99744153,,,26/09/2016
010.033-16.99744154,,,26/09/2016
010.033-16.99744155,,,26/09/2016
010.033-16.99744156,,,26/09/2016
010.033-16.99744157,,,26/09/2016
010.033-16.99744158,,,26/09/2016
010.033-16.99744159,,,26/09/2016
010.033-16.99763122,,,26/09/2016
010.033-16.99763123,,,26/09/2016
010.033-16.99763124,,,26/09/2016
010.033-16.99763125,,,26/09/2016
010.033-16.99763126,,,26/09/2016
010.033-16.99763127,,,26/09/2016
010.033-16.99763128,,,26/09/2016
010.033-16.99763129,,,26/09/2016
010.033-16.99763130,,,26/09/2016
010.033-16.99763131,,,26/09/2016
010.033-16.99763132,,,26/09/2016
010.033-16.99763133,,,26/09/2016
010.033-16.99763134,,,26/09/2016
010.033-16.99763135,,,26/09/2016
010.033-16.99763136,,,26/09/2016
010.033-16.99763137,,,26/09/2016
010.033-16.99763138,,,26/09/2016
010.033-16.99763139,,,26/09/2016
010.033-16.99763140,,,26/09/2016
010.033-16.99763141,,,26/09/2016
010.033-16.99763142,,,26/09/2016
010.033-16.99763143,,,26/09/2016
010.033-16.99763144,,,26/09/2016
010.033-16.99763145,,,26/09/2016
010.033-16.99763146,,,26/09/2016
010.033-16.99763147,,,26/09/2016
010.033-16.99763148,,,26/09/2016
010.033-16.99763149,,,26/09/2016
010.033-16.99763150,,,26/09/2016
010.033-16.99763151,,,26/09/2016
010.033-16.99763152,,,26/09/2016
010.033-16.99763153,,,26/09/2016
010.033-16.99763154,,,26/09/2016
010.033-16.99763155,,,26/09/2016
010.033-16.99763156,,,26/09/2016
010.033-16.99763157,,,26/09/2016
010.033-16.99763158,,,26/09/2016
010.033-16.99763159,,,26/09/2016
010.033-16.99763160,,,26/09/2016
010.033-16.99763161,,,26/09/2016
010.033-16.99763162,,,26/09/2016
010.033-16.99763163,,,26/09/2016
010.033-16.99763164,,,26/09/2016
010.033-16.99763165,,,26/09/2016
010.033-16.99763166,,,26/09/2016
010.033-16.99763167,,,26/09/2016
010.033-16.99763168,,,26/09/2016
010.033-16.99763169,,,26/09/2016
010.033-16.99763170,,,26/09/2016
010.033-16.99763171,,,26/09/2016
010.033-16.99763172,,,26/09/2016
010.033-16.99763173,,,26/09/2016
010.033-16.99763174,,,26/09/2016
010.033-16.99763175,,,26/09/2016
010.033-16.99763176,,,26/09/2016
010.033-16.99763177,,,26/09/2016
010.033-16.99763178,,,26/09/2016
010.033-16.99763179,,,26/09/2016
010.033-16.99763180,,,26/09/2016
010.033-16.99763181,,,26/09/2016
010.033-16.99763182,,,26/09/2016
010.033-16.99763183,,,26/09/2016
010.033-16.99763184,,,26/09/2016
010.033-16.99763185,,,26/09/2016
010.033-16.99763186,,,26/09/2016
010.033-16.99763187,,,26/09/2016
010.033-16.99763188,,,26/09/2016
010.033-16.99763189,,,26/09/2016
010.033-16.99765214,,,26/09/2016
010.033-16.99765215,,,26/09/2016
010.033-16.99765216,,,26/09/2016
010.033-16.99765217,,,26/09/2016
010.033-16.99765218,,,26/09/2016
010.033-16.99765219,,,26/09/2016
010.033-16.99765220,,,26/09/2016
010.033-16.99765221,,,26/09/2016
010.033-16.99765222,,,26/09/2016
010.033-16.99765223,,,26/09/2016
010.033-16.99765224,,,26/09/2016
010.033-16.99765225,,,26/09/2016
010.033-16.99765226,,,26/09/2016
010.033-16.99765227,,,26/09/2016
010.033-16.99765228,,,26/09/2016
010.033-16.99765229,,,26/09/2016
010.033-16.99765230,,,26/09/2016
010.033-16.99765231,,,26/09/2016
010.033-16.99765232,,,26/09/2016
010.033-16.99765233,,,26/09/2016
010.033-16.99765234,,,26/09/2016
010.033-16.99765235,,,26/09/2016
010.033-16.99765236,,,26/09/2016
010.033-16.99765237,,,26/09/2016
010.033-16.99765238,,,26/09/2016
010.033-16.99765239,,,26/09/2016
010.033-16.99765240,,,26/09/2016
010.033-16.99765241,,,26/09/2016
010.033-16.99765242,,,26/09/2016
010.033-16.99765243,,,26/09/2016
010.033-16.99765244,,,26/09/2016
010.033-16.99765245,,,26/09/2016
010.033-16.99765246,,,26/09/2016
010.033-16.99765247,,,26/09/2016
010.033-16.99765248,,,26/09/2016
010.033-16.99765249,,,26/09/2016
010.033-16.99752762,,,26/09/2016
010.033-16.99752763,,,26/09/2016
010.033-16.99752764,,,26/09/2016
010.033-16.99752765,,,26/09/2016
010.033-16.99752766,,,26/09/2016
010.033-16.99752767,,,26/09/2016
010.033-16.99752768,,,26/09/2016
010.033-16.99752769,,,26/09/2016
010.033-16.99752770,,,26/09/2016
010.033-16.99752771,,,26/09/2016
010.033-16.99752772,,,26/09/2016
010.033-16.99752773,,,26/09/2016
010.033-16.99752774,,,26/09/2016
010.033-16.99752775,,,26/09/2016
010.033-16.99752776,,,26/09/2016
010.033-16.99752777,,,26/09/2016
010.033-16.99752778,,,26/09/2016
010.033-16.99752779,,,26/09/2016
010.033-16.99752780,,,26/09/2016
010.033-16.99752781,,,26/09/2016
010.033-16.99752782,,,26/09/2016
010.033-16.99752783,,,26/09/2016
010.033-16.99752784,,,26/09/2016
010.033-16.99752785,,,26/09/2016
010.033-16.99752786,,,26/09/2016
010.033-16.99752787,,,26/09/2016
010.033-16.99752788,,,26/09/2016
010.033-16.99752789,,,26/09/2016
010.033-16.99752790,,,26/09/2016
010.033-16.99752791,,,26/09/2016
010.033-16.99752792,,,26/09/2016
010.033-16.99752793,,,26/09/2016
010.033-16.99752794,,,26/09/2016
010.033-16.99747592,,,26/09/2016
010.033-16.99747593,,,26/09/2016
010.033-16.99747594,,,26/09/2016
010.033-16.99747595,,,26/09/2016
010.033-16.99747596,,,26/09/2016
010.033-16.99747597,,,26/09/2016
010.033-16.99747598,,,26/09/2016
010.033-16.99747599,,,26/09/2016
010.033-16.99747600,,,26/09/2016
010.033-16.99747601,,,26/09/2016
010.033-16.99747602,,,26/09/2016
010.033-16.99747603,,,26/09/2016
010.033-16.99747604,,,26/09/2016
010.033-16.99747605,,,26/09/2016
010.033-16.99747606,,,26/09/2016
010.033-16.99747607,,,26/09/2016
010.033-16.99747608,,,26/09/2016
010.033-16.99747609,,,26/09/2016
010.033-16.99747610,,,26/09/2016
010.033-16.99747611,,,26/09/2016
010.033-16.99747612,,,26/09/2016
010.033-16.99747613,,,26/09/2016
010.033-16.99747614,,,26/09/2016
010.033-16.99747615,,,26/09/2016
010.033-16.99747616,,,26/09/2016
010.033-16.99747617,,,26/09/2016
010.033-16.99747618,,,26/09/2016
010.033-16.99747619,,,26/09/2016
010.033-16.99747620,,,26/09/2016
010.033-16.99747621,,,26/09/2016
010.033-16.99747622,,,26/09/2016
010.033-16.99747623,,,26/09/2016
010.033-16.99747624,,,26/09/2016
010.033-16.99751057,,,26/09/2016
010.033-16.99751058,,,26/09/2016
010.033-16.99751059,,,26/09/2016
010.033-16.99751060,,,26/09/2016
010.033-16.99751061,,,26/09/2016
010.033-16.99751062,,,26/09/2016
010.033-16.99751063,,,26/09/2016
010.033-16.99751064,,,26/09/2016
010.033-16.99751065,,,26/09/2016
010.033-16.99751066,,,26/09/2016
010.033-16.99751067,,,26/09/2016
010.033-16.99751068,,,26/09/2016
010.033-16.99751069,,,26/09/2016
010.033-16.99751070,,,26/09/2016
010.033-16.99751071,,,26/09/2016
010.033-16.99751072,,,26/09/2016
010.033-16.99751073,,,26/09/2016
010.033-16.99751074,,,26/09/2016
010.033-16.99751075,,,26/09/2016
010.033-16.99751076,,,26/09/2016
010.033-16.99751077,,,26/09/2016
010.033-16.99751078,,,26/09/2016
010.033-16.99751079,,,26/09/2016
010.033-16.99751080,,,26/09/2016
010.033-16.99751081,,,26/09/2016
010.033-16.99751082,,,26/09/2016
010.033-16.99751083,,,26/09/2016
010.033-16.99751084,,,26/09/2016
010.033-16.99751085,,,26/09/2016
010.033-16.99751086,,,26/09/2016
010.033-16.99751087,,,26/09/2016
010.033-16.99751088,,,26/09/2016
010.033-16.99751089,,,26/09/2016
010.033-16.99759692,,,26/09/2016
010.033-16.99759693,,,26/09/2016
010.033-16.99759694,,,26/09/2016
010.033-16.99759695,,,26/09/2016
010.033-16.99759696,,,26/09/2016
010.033-16.99759697,,,26/09/2016
010.033-16.99759698,,,26/09/2016
010.033-16.99759699,,,26/09/2016
010.033-16.99759700,,,26/09/2016
010.033-16.99759701,,,26/09/2016
010.033-16.99759702,,,26/09/2016
010.033-16.99759703,,,26/09/2016
010.033-16.99759704,,,26/09/2016
010.033-16.99759705,,,26/09/2016
010.033-16.99759706,,,26/09/2016
010.033-16.99759707,,,26/09/2016
010.033-16.99759708,,,26/09/2016
010.033-16.99759709,,,26/09/2016
010.033-16.99759710,,,26/09/2016
010.033-16.99759711,,,26/09/2016
010.033-16.99759712,,,26/09/2016
010.033-16.99759713,,,26/09/2016
010.033-16.99759714,,,26/09/2016
010.033-16.99759715,,,26/09/2016
010.033-16.99759716,,,26/09/2016
010.033-16.99759717,,,26/09/2016
010.033-16.99759718,,,26/09/2016
010.033-16.99759719,,,26/09/2016
010.033-16.99759720,,,26/09/2016
010.033-16.99759721,,,26/09/2016
010.033-16.99759722,,,26/09/2016
010.033-16.99759723,,,26/09/2016
010.033-16.99759724,,,26/09/2016
010.033-16.99756227,,,26/09/2016
010.033-16.99756228,,,26/09/2016
010.033-16.99756229,,,26/09/2016
010.033-16.99756230,,,26/09/2016
010.033-16.99756231,,,26/09/2016
010.033-16.99756232,,,26/09/2016
010.033-16.99756233,,,26/09/2016
010.033-16.99756234,,,26/09/2016
010.033-16.99756235,,,26/09/2016
010.033-16.99756236,,,26/09/2016
010.033-16.99756237,,,26/09/2016
010.033-16.99756238,,,26/09/2016
010.033-16.99756239,,,26/09/2016
010.033-16.99756240,,,26/09/2016
010.033-16.99756241,,,26/09/2016
010.033-16.99756242,,,26/09/2016
010.033-16.99756243,,,26/09/2016
010.033-16.99756244,,,26/09/2016
010.033-16.99756245,,,26/09/2016
010.033-16.99756246,,,26/09/2016
010.033-16.99756247,,,26/09/2016
010.033-16.99756248,,,26/09/2016
010.033-16.99756249,,,26/09/2016
010.033-16.99756250,,,26/09/2016
010.033-16.99756251,,,26/09/2016
010.033-16.99756252,,,26/09/2016
010.033-16.99756253,,,26/09/2016
010.033-16.99756254,,,26/09/2016
010.033-16.99756255,,,26/09/2016
010.033-16.99756256,,,26/09/2016
010.033-16.99756257,,,26/09/2016
010.033-16.99756258,,,26/09/2016
010.033-16.99756259,,,26/09/2016
